2025-11-11 02:42:20
{"update_id":856807204,
"callback_query":{"id":"243924602209530022","from":{"id":56793122,"is_bot":false,"first_name":"icq","username":"JaffarTR","language_code":"ru","is_premium":true},"message":{"message_id":32,"from":{"id":8451626412,"is_bot":true,"first_name":"\ud83c\udfb1 Biliard","username":"biliardsk_bot"},"chat":{"id":56793122,"first_name":"icq","username":"JaffarTR","type":"private"},"date":1762825114,"text":"\ud83d\udd14 Neue Buchung!\n\n\ud83d\udcc5 Datum: 14.11.2025\n\ud83d\udd50 Zeit: 16:00 - 18:00\n\ud83c\udfaf Service: Pyramide\n\ud83c\udfb1 Tisch \u2116: 2\n\ud83c\udde9\ud83c\uddea Sprache: de\n\ud83d\udc64 Name: Obmedzenia v doprave\n\ud83d\udcde Telefon: 123456789\n\ud83d\udcb0 Gesamt: 63.60 \u20ac","entities":[{"offset":3,"length":13,"type":"bold"}],"reply_markup":{"inline_keyboard":[[{"text":"\u2705 Potvrdi\u0165","callback_data":"confirm_33"},{"text":"\u274c Zru\u0161i\u0165","callback_data":"cancel_33"}]]}},"chat_instance":"-6663255579467467119","data":"confirm_33"}}

2025-11-11 02:42:24
{"update_id":856807205,
"callback_query":{"id":"243924602105261229","from":{"id":56793122,"is_bot":false,"first_name":"icq","username":"JaffarTR","language_code":"ru","is_premium":true},"message":{"message_id":32,"from":{"id":8451626412,"is_bot":true,"first_name":"\ud83c\udfb1 Biliard","username":"biliardsk_bot"},"chat":{"id":56793122,"first_name":"icq","username":"JaffarTR","type":"private"},"date":1762825114,"edit_date":1762825341,"text":"\ud83d\udd14 Neue Buchung!\n\n\ud83d\udcc5 Datum: 14.11.2025\n\ud83d\udd50 Zeit: 16:00 - 18:00\n\ud83c\udfaf Service: Pyramide\n\ud83c\udfb1 Tisch \u2116: 2\n\ud83c\udde9\ud83c\uddea Sprache: de\n\ud83d\udc64 Name: Obmedzenia v doprave\n\ud83d\udcde Telefon: 123456789\n\ud83d\udcb0 Gesamt: 63.60 \u20ac","entities":[{"offset":3,"length":13,"type":"bold"}],"reply_markup":{"inline_keyboard":[[{"text":"\u2705 Potvrden\u00e9","callback_data":"confirmed"}]]}},"chat_instance":"-6663255579467467119","data":"confirmed"}}

2025-11-11 02:56:52
{"update_id":856807206,
"callback_query":{"id":"243924602928866726","from":{"id":56793122,"is_bot":false,"first_name":"icq","username":"JaffarTR","language_code":"ru","is_premium":true},"message":{"message_id":33,"from":{"id":8451626412,"is_bot":true,"first_name":"\ud83c\udfb1 Biliard","username":"biliardsk_bot"},"chat":{"id":56793122,"first_name":"icq","username":"JaffarTR","type":"private"},"date":1762826037,"text":"\ud83d\udd14 \u041d\u043e\u0432\u0430\u044f \u0431\u0440\u043e\u043d\u044c!\n\n\ud83d\udcc5 \u0414\u0430\u0442\u0430: 15.11.2025\n\ud83d\udd50 \u0412\u0440\u0435\u043c\u044f: 19:00 - 22:00\n\n\ud83c\udfaf \u0423\u0441\u043b\u0443\u0433\u0430: \u041f\u0438\u0440\u0430\u043c\u0438\u0434\u0430\n\ud83c\udfb1 \u0421\u0442\u043e\u043b \u2116: 1\n\n\ud83c\uddf7\ud83c\uddfa \u042f\u0437\u044b\u043a: ru\n\ud83d\udc64 \u0418\u043c\u044f: \u041a\u0438\u0440\u0438\u043b\u043b\n\ud83d\udcde \u0422\u0435\u043b\u0435\u0444\u043e\u043d: 000111222\n\n\ud83d\udcdd \u041f\u0440\u0438\u043c\u0435\u0447\u0430\u043d\u0438\u0435: \u0422\u0435\u0442\u0441\n\n\ud83d\udcb0 \u0418\u0442\u043e\u0433\u043e: 123.20 \u20ac","entities":[{"offset":3,"length":12,"type":"bold"}],"reply_markup":{"inline_keyboard":[[{"text":"\u2705 Potvrdi\u0165","callback_data":"confirm_34"},{"text":"\u274c Zru\u0161i\u0165","callback_data":"cancel_34"}]]}},"chat_instance":"-6663255579467467119","data":"confirm_34"}}

2025-11-11 02:57:53
{"update_id":856807207,
"callback_query":{"id":"243924604211066466","from":{"id":56793122,"is_bot":false,"first_name":"icq","username":"JaffarTR","language_code":"ru","is_premium":true},"message":{"message_id":33,"from":{"id":8451626412,"is_bot":true,"first_name":"\ud83c\udfb1 Biliard","username":"biliardsk_bot"},"chat":{"id":56793122,"first_name":"icq","username":"JaffarTR","type":"private"},"date":1762826037,"text":"\ud83d\udd14 \u041d\u043e\u0432\u0430\u044f \u0431\u0440\u043e\u043d\u044c!\n\n\ud83d\udcc5 \u0414\u0430\u0442\u0430: 15.11.2025\n\ud83d\udd50 \u0412\u0440\u0435\u043c\u044f: 19:00 - 22:00\n\n\ud83c\udfaf \u0423\u0441\u043b\u0443\u0433\u0430: \u041f\u0438\u0440\u0430\u043c\u0438\u0434\u0430\n\ud83c\udfb1 \u0421\u0442\u043e\u043b \u2116: 1\n\n\ud83c\uddf7\ud83c\uddfa \u042f\u0437\u044b\u043a: ru\n\ud83d\udc64 \u0418\u043c\u044f: \u041a\u0438\u0440\u0438\u043b\u043b\n\ud83d\udcde \u0422\u0435\u043b\u0435\u0444\u043e\u043d: 000111222\n\n\ud83d\udcdd \u041f\u0440\u0438\u043c\u0435\u0447\u0430\u043d\u0438\u0435: \u0422\u0435\u0442\u0441\n\n\ud83d\udcb0 \u0418\u0442\u043e\u0433\u043e: 123.20 \u20ac","entities":[{"offset":3,"length":12,"type":"bold"}],"reply_markup":{"inline_keyboard":[[{"text":"\u2705 Potvrdi\u0165","callback_data":"confirm_34"},{"text":"\u274c Zru\u0161i\u0165","callback_data":"cancel_34"}]]}},"chat_instance":"-6663255579467467119","data":"cancel_34"}}

2025-11-11 03:01:34
{"update_id":856807208,
"callback_query":{"id":"243924605296548615","from":{"id":56793122,"is_bot":false,"first_name":"icq","username":"JaffarTR","language_code":"ru","is_premium":true},"message":{"message_id":34,"from":{"id":8451626412,"is_bot":true,"first_name":"\ud83c\udfb1 Biliard","username":"biliardsk_bot"},"chat":{"id":56793122,"first_name":"icq","username":"JaffarTR","type":"private"},"date":1762826488,"text":"\ud83d\udd14 \u041d\u043e\u0432\u0430\u044f \u0431\u0440\u043e\u043d\u044c!\n\n\ud83d\udcc5 \u0414\u0430\u0442\u0430: 15.11.2025\n\ud83d\udd50 \u0412\u0440\u0435\u043c\u044f: 16:00 - 00:00\n\n\ud83c\udfaf \u0423\u0441\u043b\u0443\u0433\u0430: \u041f\u0438\u0440\u0430\u043c\u0438\u0434\u0430\n\ud83c\udfb1 \u0421\u0442\u043e\u043b \u2116: 1\n\n\ud83c\uddf7\ud83c\uddfa \u042f\u0437\u044b\u043a: ru\n\ud83d\udc64 \u0418\u043c\u044f: \u041a\u0438\u0440\u0438\u043b\u043b \u0444\u0438\u043d\u0430\u043b\n\ud83d\udcde \u0422\u0435\u043b\u0435\u0444\u043e\u043d: 0951223333\n\n\ud83d\udcb0 \u0418\u0442\u043e\u0433\u043e: 309.40 \u20ac","entities":[{"offset":3,"length":12,"type":"bold"}],"reply_markup":{"inline_keyboard":[[{"text":"\u2705 Potvrdi\u0165","callback_data":"confirm_35"},{"text":"\u274c Zru\u0161i\u0165","callback_data":"cancel_35"}]]}},"chat_instance":"-6663255579467467119","data":"confirm_35"}}

2025-11-11 03:01:41
{"update_id":856807209,
"callback_query":{"id":"243924602504317145","from":{"id":56793122,"is_bot":false,"first_name":"icq","username":"JaffarTR","language_code":"ru","is_premium":true},"message":{"message_id":34,"from":{"id":8451626412,"is_bot":true,"first_name":"\ud83c\udfb1 Biliard","username":"biliardsk_bot"},"chat":{"id":56793122,"first_name":"icq","username":"JaffarTR","type":"private"},"date":1762826488,"text":"\ud83d\udd14 \u041d\u043e\u0432\u0430\u044f \u0431\u0440\u043e\u043d\u044c!\n\n\ud83d\udcc5 \u0414\u0430\u0442\u0430: 15.11.2025\n\ud83d\udd50 \u0412\u0440\u0435\u043c\u044f: 16:00 - 00:00\n\n\ud83c\udfaf \u0423\u0441\u043b\u0443\u0433\u0430: \u041f\u0438\u0440\u0430\u043c\u0438\u0434\u0430\n\ud83c\udfb1 \u0421\u0442\u043e\u043b \u2116: 1\n\n\ud83c\uddf7\ud83c\uddfa \u042f\u0437\u044b\u043a: ru\n\ud83d\udc64 \u0418\u043c\u044f: \u041a\u0438\u0440\u0438\u043b\u043b \u0444\u0438\u043d\u0430\u043b\n\ud83d\udcde \u0422\u0435\u043b\u0435\u0444\u043e\u043d: 0951223333\n\n\ud83d\udcb0 \u0418\u0442\u043e\u0433\u043e: 309.40 \u20ac","entities":[{"offset":3,"length":12,"type":"bold"}],"reply_markup":{"inline_keyboard":[[{"text":"\u2705 Potvrdi\u0165","callback_data":"confirm_35"},{"text":"\u274c Zru\u0161i\u0165","callback_data":"cancel_35"}]]}},"chat_instance":"-6663255579467467119","data":"confirm_35"}}

2025-11-11 03:01:46
{"update_id":856807210,
"callback_query":{"id":"243924605741119153","from":{"id":56793122,"is_bot":false,"first_name":"icq","username":"JaffarTR","language_code":"ru","is_premium":true},"message":{"message_id":34,"from":{"id":8451626412,"is_bot":true,"first_name":"\ud83c\udfb1 Biliard","username":"biliardsk_bot"},"chat":{"id":56793122,"first_name":"icq","username":"JaffarTR","type":"private"},"date":1762826488,"text":"\ud83d\udd14 \u041d\u043e\u0432\u0430\u044f \u0431\u0440\u043e\u043d\u044c!\n\n\ud83d\udcc5 \u0414\u0430\u0442\u0430: 15.11.2025\n\ud83d\udd50 \u0412\u0440\u0435\u043c\u044f: 16:00 - 00:00\n\n\ud83c\udfaf \u0423\u0441\u043b\u0443\u0433\u0430: \u041f\u0438\u0440\u0430\u043c\u0438\u0434\u0430\n\ud83c\udfb1 \u0421\u0442\u043e\u043b \u2116: 1\n\n\ud83c\uddf7\ud83c\uddfa \u042f\u0437\u044b\u043a: ru\n\ud83d\udc64 \u0418\u043c\u044f: \u041a\u0438\u0440\u0438\u043b\u043b \u0444\u0438\u043d\u0430\u043b\n\ud83d\udcde \u0422\u0435\u043b\u0435\u0444\u043e\u043d: 0951223333\n\n\ud83d\udcb0 \u0418\u0442\u043e\u0433\u043e: 309.40 \u20ac","entities":[{"offset":3,"length":12,"type":"bold"}],"reply_markup":{"inline_keyboard":[[{"text":"\u2705 Potvrdi\u0165","callback_data":"confirm_35"},{"text":"\u274c Zru\u0161i\u0165","callback_data":"cancel_35"}]]}},"chat_instance":"-6663255579467467119","data":"confirm_35"}}

2025-11-11 03:03:15
{"update_id":856807211,
"callback_query":{"id":"243924603304712085","from":{"id":56793122,"is_bot":false,"first_name":"icq","username":"JaffarTR","language_code":"ru","is_premium":true},"message":{"message_id":34,"from":{"id":8451626412,"is_bot":true,"first_name":"\ud83c\udfb1 Biliard","username":"biliardsk_bot"},"chat":{"id":56793122,"first_name":"icq","username":"JaffarTR","type":"private"},"date":1762826488,"text":"\ud83d\udd14 \u041d\u043e\u0432\u0430\u044f \u0431\u0440\u043e\u043d\u044c!\n\n\ud83d\udcc5 \u0414\u0430\u0442\u0430: 15.11.2025\n\ud83d\udd50 \u0412\u0440\u0435\u043c\u044f: 16:00 - 00:00\n\n\ud83c\udfaf \u0423\u0441\u043b\u0443\u0433\u0430: \u041f\u0438\u0440\u0430\u043c\u0438\u0434\u0430\n\ud83c\udfb1 \u0421\u0442\u043e\u043b \u2116: 1\n\n\ud83c\uddf7\ud83c\uddfa \u042f\u0437\u044b\u043a: ru\n\ud83d\udc64 \u0418\u043c\u044f: \u041a\u0438\u0440\u0438\u043b\u043b \u0444\u0438\u043d\u0430\u043b\n\ud83d\udcde \u0422\u0435\u043b\u0435\u0444\u043e\u043d: 0951223333\n\n\ud83d\udcb0 \u0418\u0442\u043e\u0433\u043e: 309.40 \u20ac","entities":[{"offset":3,"length":12,"type":"bold"}],"reply_markup":{"inline_keyboard":[[{"text":"\u2705 Potvrdi\u0165","callback_data":"confirm_35"},{"text":"\u274c Zru\u0161i\u0165","callback_data":"cancel_35"}]]}},"chat_instance":"-6663255579467467119","data":"cancel_35"}}

2025-11-11 03:07:27
{"update_id":856807212,
"callback_query":{"id":"243924605248042852","from":{"id":56793122,"is_bot":false,"first_name":"icq","username":"JaffarTR","language_code":"ru","is_premium":true},"message":{"message_id":31,"from":{"id":8451626412,"is_bot":true,"first_name":"\ud83c\udfb1 Biliard","username":"biliardsk_bot"},"chat":{"id":56793122,"first_name":"icq","username":"JaffarTR","type":"private"},"date":1762824702,"text":"\ud83d\udd14 Neue Buchung!\n\n\ud83d\udcc5 Datum: 13.11.2025\n\ud83d\udd50 Zeit: 16:00 - 20:00\n\ud83c\udfaf Service: Pyramide\n\ud83c\udfb1 Tisch \u2116: 4\n\ud83c\udde9\ud83c\uddea Sprache: de\n\ud83d\udc64 Name: Obmedzenia v doprave\n\ud83d\udcde Telefon: 123456789\n\ud83d\udcb0 Gesamt: 124.30 \u20ac\n\ud83d\udcdd Notiz: germany 2","entities":[{"offset":3,"length":13,"type":"bold"}],"reply_markup":{"inline_keyboard":[[{"text":"\u2705 Potvrdi\u0165","callback_data":"confirm_32"},{"text":"\u274c Zru\u0161i\u0165","callback_data":"cancel_32"}]]}},"chat_instance":"-6663255579467467119","data":"confirm_32"}}

2025-11-11 03:07:50
{"update_id":856807213,
"callback_query":{"id":"243924602474875263","from":{"id":56793122,"is_bot":false,"first_name":"icq","username":"JaffarTR","language_code":"ru","is_premium":true},"message":{"message_id":31,"from":{"id":8451626412,"is_bot":true,"first_name":"\ud83c\udfb1 Biliard","username":"biliardsk_bot"},"chat":{"id":56793122,"first_name":"icq","username":"JaffarTR","type":"private"},"date":1762824702,"edit_date":1762826848,"text":"\u2705 Potvrden\u00e9!\n\n\ud83d\udcc5 Datum: 13.11.2025\n\ud83d\udd50 Zeit: 16:00 - 20:00\n\ud83c\udfaf Service: Pyramide\n\ud83c\udfb1 Tisch \u2116: 4\n\ud83c\udde9\ud83c\uddea Sprache: de\n\ud83d\udc64 Name: Obmedzenia v doprave\n\ud83d\udcde Telefon: 123456789\n\ud83d\udcb0 Gesamt: 124.30 \u20ac\n\ud83d\udcdd Notiz: germany 2","reply_markup":{"inline_keyboard":[[{"text":"\u274c Zru\u0161i\u0165","callback_data":"cancel_32"}]]}},"chat_instance":"-6663255579467467119","data":"cancel_32"}}

2025-11-11 03:12:22
{"update_id":856807214,
"callback_query":{"id":"243924603446931113","from":{"id":56793122,"is_bot":false,"first_name":"icq","username":"JaffarTR","language_code":"ru","is_premium":true},"message":{"message_id":35,"from":{"id":8451626412,"is_bot":true,"first_name":"\ud83c\udfb1 Biliard","username":"biliardsk_bot"},"chat":{"id":56793122,"first_name":"icq","username":"JaffarTR","type":"private"},"date":1762827098,"text":"\ud83d\udd14 \u041d\u043e\u0432\u0430\u044f \u0431\u0440\u043e\u043d\u044c!\n\n\ud83d\udcc5 \u0414\u0430\u0442\u0430: 12.11.2025\n\ud83d\udd50 \u0412\u0440\u0435\u043c\u044f: 16:00 - 19:00\n\n\ud83c\udfaf \u0423\u0441\u043b\u0443\u0433\u0430: \u0414\u0430\u0440\u0442\u0441\n\ud83c\udfb1 \u0421\u0442\u043e\u043b \u2116: 9\n\n\ud83c\uddf7\ud83c\uddfa \u042f\u0437\u044b\u043a: ru\n\ud83d\udc64 \u0418\u043c\u044f: Obmedzenia v doprave\n\ud83d\udcde \u0422\u0435\u043b\u0435\u0444\u043e\u043d: 666333777\n\n\ud83d\udcb0 \u0418\u0442\u043e\u0433\u043e: 53.00 \u20ac\n\n\u2501\u2501\u2501\u2501\u2501\u2501\u2501\u2501\u2501\u2501\u2501\u2501\u2501\u2501\u2501\u2501\u2501\u2501\u2501\u2501\u2501\u2501\u2501\u2501\u2501\u2501\u2501\u2501\u2501\u2501\u2501\u2501\u2501\u2501\u2501\u2501\u2501\u2501\u2501\u2501","entities":[{"offset":3,"length":12,"type":"bold"}],"reply_markup":{"inline_keyboard":[[{"text":"\u2705 Potvrdi\u0165","callback_data":"confirm_36"},{"text":"\u274c Zru\u0161i\u0165","callback_data":"cancel_36"}]]}},"chat_instance":"-6663255579467467119","data":"confirm_36"}}

2025-11-11 03:24:38
{"update_id":856807215,
"message":{"message_id":36,"from":{"id":56793122,"is_bot":false,"first_name":"icq","username":"JaffarTR","language_code":"ru","is_premium":true},"chat":{"id":56793122,"first_name":"icq","username":"JaffarTR","type":"private"},"date":1762827877,"text":"?"}}

2025-11-11 03:24:50
{"update_id":856807216,
"message":{"message_id":38,"from":{"id":56793122,"is_bot":false,"first_name":"icq","username":"JaffarTR","language_code":"ru","is_premium":true},"chat":{"id":56793122,"first_name":"icq","username":"JaffarTR","type":"private"},"date":1762827890,"reply_to_message":{"message_id":37,"from":{"id":8451626412,"is_bot":true,"first_name":"\ud83c\udfb1 Biliard","username":"biliardsk_bot"},"chat":{"id":56793122,"first_name":"icq","username":"JaffarTR","type":"private"},"date":1762827878,"text":"\u0423\u043a\u0430\u0436\u0438\u0442\u0435 \u043d\u043e\u043c\u0435\u0440 \u0437\u0430\u044f\u0432\u043a\u0438:"},"text":"33"}}

2025-11-11 03:28:02
{"update_id":856807217,
"message":{"message_id":39,"from":{"id":56793122,"is_bot":false,"first_name":"icq","username":"JaffarTR","language_code":"ru","is_premium":true},"chat":{"id":56793122,"first_name":"icq","username":"JaffarTR","type":"private"},"date":1762828082,"text":"?"}}

2025-11-11 03:28:05
{"update_id":856807218,
"message":{"message_id":41,"from":{"id":56793122,"is_bot":false,"first_name":"icq","username":"JaffarTR","language_code":"ru","is_premium":true},"chat":{"id":56793122,"first_name":"icq","username":"JaffarTR","type":"private"},"date":1762828085,"reply_to_message":{"message_id":40,"from":{"id":8451626412,"is_bot":true,"first_name":"\ud83c\udfb1 Biliard","username":"biliardsk_bot"},"chat":{"id":56793122,"first_name":"icq","username":"JaffarTR","type":"private"},"date":1762828082,"text":"\u0423\u043a\u0430\u0436\u0438\u0442\u0435 \u043d\u043e\u043c\u0435\u0440 \u0437\u0430\u044f\u0432\u043a\u0438:"},"text":"33"}}

2025-11-11 03:32:46
{"update_id":856807224,
"callback_query":{"id":"243924605271549797","from":{"id":56793122,"is_bot":false,"first_name":"icq","username":"JaffarTR","language_code":"ru","is_premium":true},"message":{"message_id":35,"from":{"id":8451626412,"is_bot":true,"first_name":"\ud83c\udfb1 Biliard","username":"biliardsk_bot"},"chat":{"id":56793122,"first_name":"icq","username":"JaffarTR","type":"private"},"date":1762827098,"edit_date":1762827142,"text":"\u2705 Potvrden\u00e9!\n\n\ud83d\udcc5 \u0414\u0430\u0442\u0430: 12.11.2025\n\ud83d\udd50 \u0412\u0440\u0435\u043c\u044f: 16:00 - 19:00\n\n\ud83c\udfaf \u0423\u0441\u043b\u0443\u0433\u0430: \u0414\u0430\u0440\u0442\u0441\n\ud83c\udfb1 \u0421\u0442\u043e\u043b \u2116: 9\n\n\ud83c\uddf7\ud83c\uddfa \u042f\u0437\u044b\u043a: ru\n\ud83d\udc64 \u0418\u043c\u044f: Obmedzenia v doprave\n\ud83d\udcde \u0422\u0435\u043b\u0435\u0444\u043e\u043d: 666333777\n\n\ud83d\udcb0 \u0418\u0442\u043e\u0433\u043e: 53.00 \u20ac\n\n\u2501\u2501\u2501\u2501\u2501\u2501\u2501\u2501\u2501\u2501\u2501\u2501\u2501\u2501\u2501\u2501\u2501\u2501\u2501\u2501\u2501\u2501\u2501\u2501\u2501\u2501\u2501\u2501\u2501\u2501\u2501\u2501\u2501\u2501\u2501\u2501\u2501\u2501\u2501\u2501","reply_markup":{"inline_keyboard":[[{"text":"\u274c Zru\u0161i\u0165","callback_data":"cancel_36"}]]}},"chat_instance":"-6663255579467467119","data":"cancel_36"}}

2025-11-11 03:33:20
{"update_id":856807219,
"message":{"message_id":42,"from":{"id":56793122,"is_bot":false,"first_name":"icq","username":"JaffarTR","language_code":"ru","is_premium":true},"chat":{"id":56793122,"first_name":"icq","username":"JaffarTR","type":"private"},"date":1762828194,"text":"?"}}

2025-11-11 03:33:21
{"update_id":856807220,
"message":{"message_id":43,"from":{"id":56793122,"is_bot":false,"first_name":"icq","username":"JaffarTR","language_code":"ru","is_premium":true},"chat":{"id":56793122,"first_name":"icq","username":"JaffarTR","type":"private"},"date":1762828212,"reply_to_message":{"message_id":40,"from":{"id":8451626412,"is_bot":true,"first_name":"\ud83c\udfb1 Biliard","username":"biliardsk_bot"},"chat":{"id":56793122,"first_name":"icq","username":"JaffarTR","type":"private"},"date":1762828082,"text":"\u0423\u043a\u0430\u0436\u0438\u0442\u0435 \u043d\u043e\u043c\u0435\u0440 \u0437\u0430\u044f\u0432\u043a\u0438:"},"text":"33"}}

Searching for booking ID: 33
2025-11-11 03:33:21
{"update_id":856807221,
"message":{"message_id":44,"from":{"id":56793122,"is_bot":false,"first_name":"icq","username":"JaffarTR","language_code":"ru","is_premium":true},"chat":{"id":56793122,"first_name":"icq","username":"JaffarTR","type":"private"},"date":1762828217,"text":"?"}}

2025-11-11 03:33:21
{"update_id":856807222,
"message":{"message_id":45,"from":{"id":56793122,"is_bot":false,"first_name":"icq","username":"JaffarTR","language_code":"ru","is_premium":true},"chat":{"id":56793122,"first_name":"icq","username":"JaffarTR","type":"private"},"date":1762828219,"text":"/?"}}

2025-11-11 03:33:21
{"update_id":856807223,
"message":{"message_id":46,"from":{"id":56793122,"is_bot":false,"first_name":"icq","username":"JaffarTR","language_code":"ru","is_premium":true},"chat":{"id":56793122,"first_name":"icq","username":"JaffarTR","type":"private"},"date":1762828356,"text":"?"}}

2025-11-11 03:33:25
{"update_id":856807225,
"message":{"message_id":50,"from":{"id":56793122,"is_bot":false,"first_name":"icq","username":"JaffarTR","language_code":"ru","is_premium":true},"chat":{"id":56793122,"first_name":"icq","username":"JaffarTR","type":"private"},"date":1762828405,"reply_to_message":{"message_id":49,"from":{"id":8451626412,"is_bot":true,"first_name":"\ud83c\udfb1 Biliard","username":"biliardsk_bot"},"chat":{"id":56793122,"first_name":"icq","username":"JaffarTR","type":"private"},"date":1762828401,"text":"\u0423\u043a\u0430\u0436\u0438\u0442\u0435 \u043d\u043e\u043c\u0435\u0440 \u0437\u0430\u044f\u0432\u043a\u0438:"},"text":"33"}}

Searching for booking ID: 33
2025-11-11 03:35:42
{"update_id":856807226,
"message":{"message_id":51,"from":{"id":56793122,"is_bot":false,"first_name":"icq","username":"JaffarTR","language_code":"ru","is_premium":true},"chat":{"id":56793122,"first_name":"icq","username":"JaffarTR","type":"private"},"date":1762828542,"text":"/?"}}

2025-11-11 03:35:49
{"update_id":856807227,
"message":{"message_id":52,"from":{"id":56793122,"is_bot":false,"first_name":"icq","username":"JaffarTR","language_code":"ru","is_premium":true},"chat":{"id":56793122,"first_name":"icq","username":"JaffarTR","type":"private"},"date":1762828549,"text":"?"}}

2025-11-11 03:35:52
{"update_id":856807228,
"message":{"message_id":54,"from":{"id":56793122,"is_bot":false,"first_name":"icq","username":"JaffarTR","language_code":"ru","is_premium":true},"chat":{"id":56793122,"first_name":"icq","username":"JaffarTR","type":"private"},"date":1762828552,"reply_to_message":{"message_id":53,"from":{"id":8451626412,"is_bot":true,"first_name":"\ud83c\udfb1 Biliard","username":"biliardsk_bot"},"chat":{"id":56793122,"first_name":"icq","username":"JaffarTR","type":"private"},"date":1762828549,"text":"\u0423\u043a\u0430\u0436\u0438\u0442\u0435 \u043d\u043e\u043c\u0435\u0440 \u0437\u0430\u044f\u0432\u043a\u0438:"},"text":"33"}}

Searching for booking ID: 33
2025-11-11 03:39:21
{"update_id":856807229,
"message":{"message_id":55,"from":{"id":56793122,"is_bot":false,"first_name":"icq","username":"JaffarTR","language_code":"ru","is_premium":true},"chat":{"id":56793122,"first_name":"icq","username":"JaffarTR","type":"private"},"date":1762828761,"text":"?"}}

2025-11-11 03:39:24
{"update_id":856807230,
"message":{"message_id":57,"from":{"id":56793122,"is_bot":false,"first_name":"icq","username":"JaffarTR","language_code":"ru","is_premium":true},"chat":{"id":56793122,"first_name":"icq","username":"JaffarTR","type":"private"},"date":1762828763,"reply_to_message":{"message_id":56,"from":{"id":8451626412,"is_bot":true,"first_name":"\ud83c\udfb1 Biliard","username":"biliardsk_bot"},"chat":{"id":56793122,"first_name":"icq","username":"JaffarTR","type":"private"},"date":1762828761,"text":"\u0423\u043a\u0430\u0436\u0438\u0442\u0435 \u043d\u043e\u043c\u0435\u0440 \u0437\u0430\u044f\u0432\u043a\u0438:"},"text":"33"}}

Searching for booking ID: 33
Step 1: Creating DB instance
2025-11-11 03:41:56
{"update_id":856807231,
"message":{"message_id":58,"from":{"id":56793122,"is_bot":false,"first_name":"icq","username":"JaffarTR","language_code":"ru","is_premium":true},"chat":{"id":56793122,"first_name":"icq","username":"JaffarTR","type":"private"},"date":1762828916,"text":"?"}}

2025-11-11 03:41:58
{"update_id":856807232,
"message":{"message_id":60,"from":{"id":56793122,"is_bot":false,"first_name":"icq","username":"JaffarTR","language_code":"ru","is_premium":true},"chat":{"id":56793122,"first_name":"icq","username":"JaffarTR","type":"private"},"date":1762828918,"reply_to_message":{"message_id":59,"from":{"id":8451626412,"is_bot":true,"first_name":"\ud83c\udfb1 Biliard","username":"biliardsk_bot"},"chat":{"id":56793122,"first_name":"icq","username":"JaffarTR","type":"private"},"date":1762828916,"text":"\u0423\u043a\u0430\u0436\u0438\u0442\u0435 \u043d\u043e\u043c\u0435\u0440 \u0437\u0430\u044f\u0432\u043a\u0438:"},"text":"33"}}

Searching for booking ID: 33
Step 1: Getting DB connection
Step 2: Preparing query
Error: SQLSTATE[42S22]: Column not found: 1054 Unknown column 's.name' in 'field list'
2025-11-11 03:48:30
{"update_id":856807233,
"message":{"message_id":61,"from":{"id":56793122,"is_bot":false,"first_name":"icq","username":"JaffarTR","language_code":"ru","is_premium":true},"chat":{"id":56793122,"first_name":"icq","username":"JaffarTR","type":"private"},"date":1762829310,"text":"?"}}

2025-11-11 03:48:32
{"update_id":856807234,
"message":{"message_id":63,"from":{"id":56793122,"is_bot":false,"first_name":"icq","username":"JaffarTR","language_code":"ru","is_premium":true},"chat":{"id":56793122,"first_name":"icq","username":"JaffarTR","type":"private"},"date":1762829312,"reply_to_message":{"message_id":62,"from":{"id":8451626412,"is_bot":true,"first_name":"\ud83c\udfb1 Biliard","username":"biliardsk_bot"},"chat":{"id":56793122,"first_name":"icq","username":"JaffarTR","type":"private"},"date":1762829310,"text":"\u0423\u043a\u0430\u0436\u0438\u0442\u0435 \u043d\u043e\u043c\u0435\u0440 \u0437\u0430\u044f\u0432\u043a\u0438:"},"text":"33"}}

Searching for booking ID: 33
Step 1: Getting DB connection
Step 2: Preparing query
Step 3: Executing query
Step 4: Fetching result
Step 5: Result = {"id":33,"service_id":1,"resource_id":2,"customer_name":"Obmedzenia v doprave","customer_phone":"123456789","customer_email":"topskladsk@gmail.com","booking_date":"2025-11-14","start_time":"16:00:00","end_time":"18:00:00","duration_hours":2,"price":"63.60","status":"confirmed","notes":"","language":"de","created_at":"2025-11-11 02:38:34","updated_at":"2025-11-11 02:42:20"}
2025-11-11 03:48:41
{"update_id":856807235,
"callback_query":{"id":"243924605826516075","from":{"id":56793122,"is_bot":false,"first_name":"icq","username":"JaffarTR","language_code":"ru","is_premium":true},"message":{"message_id":64,"from":{"id":8451626412,"is_bot":true,"first_name":"\ud83c\udfb1 Biliard","username":"biliardsk_bot"},"chat":{"id":56793122,"first_name":"icq","username":"JaffarTR","type":"private"},"date":1762829312,"text":"\u2705 Potvrden\u00e9!\n\n\ud83d\udcc5 \u0414\u0430\u0442\u0430: 14.11.2025\n\ud83d\udd50 \u0412\u0440\u0435\u043c\u044f: 16:00 - 18:00\n\n\ud83c\udfaf \u0423\u0441\u043b\u0443\u0433\u0430: Piramida\n\ud83c\udfb1 \u0421\u0442\u043e\u043b \u2116: 2\n\n\ud83c\udde9\ud83c\uddea \u042f\u0437\u044b\u043a: de\n\ud83d\udc64 \u0418\u043c\u044f: Obmedzenia v doprave\n\ud83d\udcde \u0422\u0435\u043b\u0435\u0444\u043e\u043d: 123456789\n\n\ud83d\udcb0 \u0418\u0442\u043e\u0433\u043e: 63.60 \u20ac\n\n\u2501\u2501\u2501\u2501\u2501\u2501\u2501\u2501\u2501\u2501\u2501\u2501\u2501\u2501\u2501\u2501\u2501\u2501\u2501\u2501\u2501\u2501\u2501\u2501\u2501\u2501\u2501\u2501\u2501\u2501\u2501\u2501\u2501\u2501\u2501\u2501\u2501\u2501\u2501\u2501","entities":[{"offset":2,"length":10,"type":"bold"}],"reply_markup":{"inline_keyboard":[[{"text":"\u274c Zru\u0161i\u0165","callback_data":"cancel_33"}]]}},"chat_instance":"-6663255579467467119","data":"cancel_33"}}

2025-11-11 12:29:27
{"update_id":856807236,
"callback_query":{"id":"243924602942442596","from":{"id":56793122,"is_bot":false,"first_name":"icq","username":"JaffarTR","language_code":"ru","is_premium":true},"message":{"message_id":66,"from":{"id":8451626412,"is_bot":true,"first_name":"\ud83c\udfb1 Biliard","username":"biliardsk_bot"},"chat":{"id":56793122,"first_name":"icq","username":"JaffarTR","type":"private"},"date":1762860451,"text":"\ud83d\udd14 Nov\u00e1 rezerv\u00e1cia!\n\ud83c\udd94 ID: 38\n\n\ud83d\udcc5 D\u00e1tum: 13.11.2025\n\ud83d\udd50 \u010cas: 16:00 - 19:00\n\n\ud83c\udfaf Slu\u017eba: Pyram\u00edda\n\ud83c\udfb1 St\u00f4l \u2116: 1\n\n\ud83c\uddf8\ud83c\uddf0 Jazyk: sk\n\ud83d\udc64 Meno: \u041a\u0438\u0440\u0438\u043b\u043b\n\ud83d\udcde Telef\u00f3n: 0951222333\n\n\ud83d\udcb0 Celkom: 91.30 \u20ac\n\n\u2501\u2501\u2501\u2501\u2501\u2501\u2501\u2501\u2501\u2501\u2501\u2501\u2501\u2501\u2501\u2501\u2501\u2501\u2501\u2501\u2501\u2501\u2501\u2501\u2501\u2501\u2501\u2501\u2501\u2501\u2501\u2501\u2501\u2501\u2501\u2501\u2501\u2501\u2501\u2501","entities":[{"offset":3,"length":16,"type":"bold"}],"reply_markup":{"inline_keyboard":[[{"text":"\u2705 Potvrdi\u0165","callback_data":"confirm_38"},{"text":"\u274c Zru\u0161i\u0165","callback_data":"cancel_38"}]]}},"chat_instance":"-6663255579467467119","data":"confirm_38"}}

2025-11-11 12:30:23
{"update_id":856807237,
"message":{"message_id":67,"from":{"id":56793122,"is_bot":false,"first_name":"icq","username":"JaffarTR","language_code":"ru","is_premium":true},"chat":{"id":56793122,"first_name":"icq","username":"JaffarTR","type":"private"},"date":1762860623,"text":"?"}}

2025-11-11 12:30:28
{"update_id":856807238,
"message":{"message_id":69,"from":{"id":56793122,"is_bot":false,"first_name":"icq","username":"JaffarTR","language_code":"ru","is_premium":true},"chat":{"id":56793122,"first_name":"icq","username":"JaffarTR","type":"private"},"date":1762860628,"reply_to_message":{"message_id":68,"from":{"id":8451626412,"is_bot":true,"first_name":"\ud83c\udfb1 Biliard","username":"biliardsk_bot"},"chat":{"id":56793122,"first_name":"icq","username":"JaffarTR","type":"private"},"date":1762860624,"text":"\u0423\u043a\u0430\u0436\u0438\u0442\u0435 \u043d\u043e\u043c\u0435\u0440 \u0437\u0430\u044f\u0432\u043a\u0438:"},"text":"38"}}

Searching for booking ID: 38
Step 1: Getting DB connection
Step 2: Preparing query
Step 3: Executing query
Step 4: Fetching result
Step 5: Result = {"id":38,"service_id":1,"resource_id":1,"customer_name":"\u041a\u0438\u0440\u0438\u043b\u043b","customer_phone":"0951222333","customer_email":"test@test.test","booking_date":"2025-11-13","start_time":"16:00:00","end_time":"19:00:00","duration_hours":3,"price":"91.30","status":"confirmed","notes":"","language":"sk","created_at":"2025-11-11 12:27:31","updated_at":"2025-11-11 12:29:27"}
2025-11-11 12:30:38
{"update_id":856807239,
"callback_query":{"id":"243924603238364303","from":{"id":56793122,"is_bot":false,"first_name":"icq","username":"JaffarTR","language_code":"ru","is_premium":true},"message":{"message_id":70,"from":{"id":8451626412,"is_bot":true,"first_name":"\ud83c\udfb1 Biliard","username":"biliardsk_bot"},"chat":{"id":56793122,"first_name":"icq","username":"JaffarTR","type":"private"},"date":1762860628,"text":"\u2705 Potvrden\u00e9!\n\n\ud83d\udcc5 \u0414\u0430\u0442\u0430: 13.11.2025\n\ud83d\udd50 \u0412\u0440\u0435\u043c\u044f: 16:00 - 19:00\n\n\ud83c\udfaf \u0423\u0441\u043b\u0443\u0433\u0430: Piramida\n\ud83c\udfb1 \u0421\u0442\u043e\u043b \u2116: 1\n\n\ud83c\uddf8\ud83c\uddf0 \u042f\u0437\u044b\u043a: sk\n\ud83d\udc64 \u0418\u043c\u044f: \u041a\u0438\u0440\u0438\u043b\u043b\n\ud83d\udcde \u0422\u0435\u043b\u0435\u0444\u043e\u043d: 0951222333\n\n\ud83d\udcb0 \u0418\u0442\u043e\u0433\u043e: 91.30 \u20ac\n\n\u2501\u2501\u2501\u2501\u2501\u2501\u2501\u2501\u2501\u2501\u2501\u2501\u2501\u2501\u2501\u2501\u2501\u2501\u2501\u2501\u2501\u2501\u2501\u2501\u2501\u2501\u2501\u2501\u2501\u2501\u2501\u2501\u2501\u2501\u2501\u2501\u2501\u2501\u2501\u2501","entities":[{"offset":2,"length":10,"type":"bold"}],"reply_markup":{"inline_keyboard":[[{"text":"\u274c Zru\u0161i\u0165","callback_data":"cancel_38"}]]}},"chat_instance":"-6663255579467467119","data":"cancel_38"}}

2025-11-12 11:30:07
{"update_id":856807240,
"message":{"message_id":77,"from":{"id":56793122,"is_bot":false,"first_name":"icq","username":"JaffarTR","language_code":"ru","is_premium":true},"chat":{"id":56793122,"first_name":"icq","username":"JaffarTR","type":"private"},"date":1762943407,"text":"?"}}

2025-11-12 11:30:09
{"update_id":856807241,
"message":{"message_id":79,"from":{"id":56793122,"is_bot":false,"first_name":"icq","username":"JaffarTR","language_code":"ru","is_premium":true},"chat":{"id":56793122,"first_name":"icq","username":"JaffarTR","type":"private"},"date":1762943409,"reply_to_message":{"message_id":78,"from":{"id":8451626412,"is_bot":true,"first_name":"\ud83c\udfb1 Biliard","username":"biliardsk_bot"},"chat":{"id":56793122,"first_name":"icq","username":"JaffarTR","type":"private"},"date":1762943407,"text":"\u0423\u043a\u0430\u0436\u0438\u0442\u0435 \u043d\u043e\u043c\u0435\u0440 \u0437\u0430\u044f\u0432\u043a\u0438:"},"text":"42"}}

Searching for booking ID: 42
Step 1: Getting DB connection
Step 2: Preparing query
Step 3: Executing query
Step 4: Fetching result
Step 5: Result = {"id":42,"service_id":1,"resource_id":1,"customer_name":"\u041a\u0438\u0440\u0438\u043b\u043b \u0423\u0430 2","customer_phone":"+43211124332","customer_email":"roccreate@gmail.com","booking_date":"2025-11-14","start_time":"16:00:00","end_time":"17:00:00","duration_hours":1,"price":"12.00","status":"confirmed","cancellation_token":"9d77fc8350c573e6aaa7bbbf2b43f19ae4e9945e8e8395d833ee63c8e029bd88","notes":"\u0422\u0435\u0441\u0442\u043e\u0432\u0430\u044f \u0441\u043f\u0440\u0430\u0432\u0430 \u043d\u0430 \u0443\u0430","language":"uk","created_at":"2025-11-12 10:24:13","updated_at":"2025-11-12 11:29:34"}
2025-11-12 11:33:12
{"update_id":856807242,
"callback_query":{"id":"243924604869223232","from":{"id":56793122,"is_bot":false,"first_name":"icq","username":"JaffarTR","language_code":"ru","is_premium":true},"message":{"message_id":74,"from":{"id":8451626412,"is_bot":true,"first_name":"\ud83c\udfb1 Biliard","username":"biliardsk_bot"},"chat":{"id":56793122,"first_name":"icq","username":"JaffarTR","type":"private"},"date":1762939453,"text":"\ud83d\udd14 \u041d\u043e\u0432\u0435 \u0431\u0440\u043e\u043d\u044e\u0432\u0430\u043d\u043d\u044f!\n\ud83c\udd94 ID: 42\n\n\ud83d\udcc5 \u0414\u0430\u0442\u0430: 14.11.2025\n\ud83d\udd50 \u0427\u0430\u0441: 16:00 - 17:00\n\n\ud83c\udfaf \u041f\u043e\u0441\u043b\u0443\u0433\u0430: \u041f\u0456\u0440\u0430\u043c\u0456\u0434\u0430\n\ud83c\udfb1 \u0421\u0442\u0456\u043b \u2116: 1\n\n\ud83c\uddfa\ud83c\udde6 \u041c\u043e\u0432\u0430: uk\n\ud83d\udc64 \u0406\u043c'\u044f: \u041a\u0438\u0440\u0438\u043b\u043b \u0423\u0430 2\n\ud83d\udcde \u0422\u0435\u043b\u0435\u0444\u043e\u043d: +43211124332\n\n\ud83d\udcdd \u041f\u0440\u0438\u043c\u0456\u0442\u043a\u0430: \u0422\u0435\u0441\u0442\u043e\u0432\u0430\u044f \u0441\u043f\u0440\u0430\u0432\u0430 \u043d\u0430 \u0443\u0430\n\n\ud83d\udcb0 \u0420\u0430\u0437\u043e\u043c: 12.00 \u20ac\n\n\u2501\u2501\u2501\u2501\u2501\u2501\u2501\u2501\u2501\u2501\u2501\u2501\u2501\u2501\u2501\u2501\u2501\u2501\u2501\u2501\u2501\u2501\u2501\u2501\u2501\u2501\u2501\u2501\u2501\u2501\u2501\u2501\u2501\u2501\u2501\u2501\u2501\u2501\u2501\u2501","entities":[{"offset":3,"length":16,"type":"bold"},{"offset":156,"length":12,"type":"phone_number"}],"reply_markup":{"inline_keyboard":[[{"text":"\u2705 Potvrdi\u0165","callback_data":"confirm_42"},{"text":"\u274c Zru\u0161i\u0165","callback_data":"cancel_42"}]]}},"chat_instance":"-6663255579467467119","data":"confirm_42"}}

2025-11-12 11:56:15
{"update_id":856807243,
"callback_query":{"id":"243924603696321349","from":{"id":56793122,"is_bot":false,"first_name":"icq","username":"JaffarTR","language_code":"ru","is_premium":true},"message":{"message_id":82,"from":{"id":8451626412,"is_bot":true,"first_name":"\ud83c\udfb1 Biliard","username":"biliardsk_bot"},"chat":{"id":56793122,"first_name":"icq","username":"JaffarTR","type":"private"},"date":1762944961,"text":"\ud83d\udd14 \u041d\u043e\u0432\u043e\u0435 \u0431\u0440\u043e\u043d\u0438\u0440\u043e\u0432\u0430\u043d\u0438\u0435!\n\ud83c\udd94 ID: 44\n\n\ud83d\udcc5 \u0414\u0430\u0442\u0430: 12.11.2025\n\ud83d\udd50 \u0412\u0440\u0435\u043c\u044f: 16:00 - 17:00\n\n\ud83c\udfaf \u0423\u0441\u043b\u0443\u0433\u0430: \u0414\u0430\u0440\u0442\u0441\n\ud83c\udfb1 \u0421\u0442\u043e\u043b \u2116: 9\n\n\ud83c\uddf7\ud83c\uddfa \u042f\u0437\u044b\u043a: ru\n\ud83d\udc64 \u0418\u043c\u044f: \u041a\u0438\u0440\u0438\u043b\u043b \u041c\u043e\u0441\n\ud83d\udcde \u0422\u0435\u043b\u0435\u0444\u043e\u043d: +421951223953\n\ud83d\udce7 Email: roccreate@gmail.com\n\n\ud83d\udcdd \u041f\u0440\u0438\u043c\u0435\u0447\u0430\u043d\u0438\u0435: \u0422\u0435\u0441\u0442\u0438\u0440\u043e\u0432\u0430\u043d\u0438\u0435 \u0430\u0432\u0442\u043e\u043f\u0435\u0440\u0435\u043a\u043b\u044e\u0447\u0435\u043d\u0438\u044f \u0441\u0442\u0430\u0442\u0443\u0441\u0430 \u043d\u0430 \u043f\u0440\u043e\u0448\u0435\u0434\u0448\u0438\u0439\n\n\ud83d\udcb0 \u0418\u0442\u043e\u0433\u043e: 5.00 \u20ac\n\n\u2501\u2501\u2501\u2501\u2501\u2501\u2501\u2501\u2501\u2501\u2501\u2501\u2501\u2501\u2501\u2501\u2501\u2501\u2501\u2501\u2501\u2501\u2501\u2501\u2501\u2501\u2501\u2501\u2501\u2501\u2501\u2501\u2501\u2501\u2501\u2501\u2501\u2501\u2501\u2501","entities":[{"offset":3,"length":19,"type":"bold"},{"offset":155,"length":13,"type":"phone_number"},{"offset":179,"length":19,"type":"email"}],"reply_markup":{"inline_keyboard":[[{"text":"\u2705 Potvrdi\u0165","callback_data":"confirm_44"},{"text":"\u274c Zru\u0161i\u0165","callback_data":"cancel_44"}]]}},"chat_instance":"-6663255579467467119","data":"confirm_44"}}

2025-11-13 10:40:04
{"update_id":856807244,
"message":{"message_id":85,"from":{"id":56793122,"is_bot":false,"first_name":"icq","username":"JaffarTR","language_code":"ru","is_premium":true},"chat":{"id":56793122,"first_name":"icq","username":"JaffarTR","type":"private"},"date":1763026803,"text":"%"}}

2025-11-13 10:40:42
{"update_id":856807245,
"message":{"message_id":87,"from":{"id":56793122,"is_bot":false,"first_name":"icq","username":"JaffarTR","language_code":"ru","is_premium":true},"chat":{"id":56793122,"first_name":"icq","username":"JaffarTR","type":"private"},"date":1763026842,"reply_to_message":{"message_id":86,"from":{"id":8451626412,"is_bot":true,"first_name":"\ud83c\udfb1 Biliard","username":"biliardsk_bot"},"chat":{"id":56793122,"first_name":"icq","username":"JaffarTR","type":"private"},"date":1763026804,"text":"Zadajte promo k\u00f3d:"},"text":"T4VOEZ"}}

Coupon Error: SQLSTATE[42S22]: Column not found: 1054 Unknown column 'is_used' in 'field list'
2025-11-13 10:59:28
{"update_id":856807246,
"message":{"message_id":90,"from":{"id":56793122,"is_bot":false,"first_name":"icq","username":"JaffarTR","language_code":"ru","is_premium":true},"chat":{"id":56793122,"first_name":"icq","username":"JaffarTR","type":"private"},"date":1763027968,"text":"%"}}

2025-11-13 10:59:41
{"update_id":856807247,
"message":{"message_id":92,"from":{"id":56793122,"is_bot":false,"first_name":"icq","username":"JaffarTR","language_code":"ru","is_premium":true},"chat":{"id":56793122,"first_name":"icq","username":"JaffarTR","type":"private"},"date":1763027981,"reply_to_message":{"message_id":91,"from":{"id":8451626412,"is_bot":true,"first_name":"\ud83c\udfb1 Biliard","username":"biliardsk_bot"},"chat":{"id":56793122,"first_name":"icq","username":"JaffarTR","type":"private"},"date":1763027969,"text":"Zadajte promo k\u00f3d:"},"text":"NOTT5I"}}

2025-11-13 12:09:38
{"update_id":856807248,
"message":{"message_id":94,"from":{"id":56793122,"is_bot":false,"first_name":"icq","username":"JaffarTR","language_code":"ru","is_premium":true},"chat":{"id":56793122,"first_name":"icq","username":"JaffarTR","type":"private"},"date":1763032178,"text":"?"}}

2025-11-13 12:09:42
{"update_id":856807249,
"message":{"message_id":96,"from":{"id":56793122,"is_bot":false,"first_name":"icq","username":"JaffarTR","language_code":"ru","is_premium":true},"chat":{"id":56793122,"first_name":"icq","username":"JaffarTR","type":"private"},"date":1763032181,"reply_to_message":{"message_id":95,"from":{"id":8451626412,"is_bot":true,"first_name":"\ud83c\udfb1 Biliard","username":"biliardsk_bot"},"chat":{"id":56793122,"first_name":"icq","username":"JaffarTR","type":"private"},"date":1763032179,"text":"Zadajte \u010d\u00edslo rezerv\u00e1cie:"},"text":"34"}}

Searching for booking ID: 34
Step 1: Getting DB connection
Step 2: Preparing query
Step 3: Executing query
Step 4: Fetching result
Step 5: Result = {"id":34,"service_id":1,"resource_id":1,"customer_name":"\u041a\u0438\u0440\u0438\u043b\u043b","customer_phone":"000111222","customer_email":"roccreate@gmail.com","booking_date":"2025-11-15","start_time":"19:00:00","end_time":"22:00:00","duration_hours":3,"price":"123.20","status":"cancelled","review_request_sent":0,"review_clicked_at":null,"coupon_code":null,"coupon_redeemed":null,"cancellation_token":null,"notes":"\u0422\u0435\u0442\u0441","language":"ru","created_at":"2025-11-11 02:53:57","updated_at":"2025-11-11 02:57:53"}
2025-11-13 12:34:39
{"update_id":856807250,
"message":{"message_id":98,"from":{"id":56793122,"is_bot":false,"first_name":"icq","username":"JaffarTR","language_code":"ru","is_premium":true},"chat":{"id":56793122,"first_name":"icq","username":"JaffarTR","type":"private"},"date":1763033679,"text":"?"}}

2025-11-13 12:34:41
{"update_id":856807251,
"message":{"message_id":100,"from":{"id":56793122,"is_bot":false,"first_name":"icq","username":"JaffarTR","language_code":"ru","is_premium":true},"chat":{"id":56793122,"first_name":"icq","username":"JaffarTR","type":"private"},"date":1763033681,"reply_to_message":{"message_id":99,"from":{"id":8451626412,"is_bot":true,"first_name":"\ud83c\udfb1 Biliard","username":"biliardsk_bot"},"chat":{"id":56793122,"first_name":"icq","username":"JaffarTR","type":"private"},"date":1763033679,"text":"Zadajte \u010d\u00edslo rezerv\u00e1cie:"},"text":"33"}}

Searching for booking ID: 33
Step 1: Getting DB connection
Step 2: Preparing query
Step 3: Executing query
Step 4: Fetching result
Step 5: Result = {"id":33,"service_id":1,"resource_id":2,"customer_name":"Obmedzenia v doprave","customer_phone":"123456789","customer_email":"topskladsk@gmail.com","booking_date":"2025-11-14","start_time":"16:00:00","end_time":"18:00:00","duration_hours":2,"price":"63.60","status":"cancelled","review_request_sent":0,"review_clicked_at":null,"coupon_code":null,"coupon_redeemed":null,"cancellation_token":null,"notes":"","language":"de","created_at":"2025-11-11 02:38:34","updated_at":"2025-11-11 03:48:41"}
2025-11-13 12:35:09
{"update_id":856807252,
"message":{"message_id":102,"from":{"id":1526104051,"is_bot":false,"first_name":"Jahail","last_name":"Bambos","username":"JahailBambos","language_code":"ru"},"chat":{"id":1526104051,"first_name":"Jahail","last_name":"Bambos","username":"JahailBambos","type":"private"},"date":1763033709,"text":"/start","entities":[{"offset":0,"length":6,"type":"bot_command"}]}}

2025-11-13 12:35:09
{"update_id":856807252,
"message":{"message_id":102,"from":{"id":1526104051,"is_bot":false,"first_name":"Jahail","last_name":"Bambos","username":"JahailBambos","language_code":"ru"},"chat":{"id":1526104051,"first_name":"Jahail","last_name":"Bambos","username":"JahailBambos","type":"private"},"date":1763033709,"text":"/start","entities":[{"offset":0,"length":6,"type":"bot_command"}]}}

2025-11-13 12:35:11
{"update_id":856807252,
"message":{"message_id":102,"from":{"id":1526104051,"is_bot":false,"first_name":"Jahail","last_name":"Bambos","username":"JahailBambos","language_code":"ru"},"chat":{"id":1526104051,"first_name":"Jahail","last_name":"Bambos","username":"JahailBambos","type":"private"},"date":1763033709,"text":"/start","entities":[{"offset":0,"length":6,"type":"bot_command"}]}}

2025-11-13 12:35:15
{"update_id":856807252,
"message":{"message_id":102,"from":{"id":1526104051,"is_bot":false,"first_name":"Jahail","last_name":"Bambos","username":"JahailBambos","language_code":"ru"},"chat":{"id":1526104051,"first_name":"Jahail","last_name":"Bambos","username":"JahailBambos","type":"private"},"date":1763033709,"text":"/start","entities":[{"offset":0,"length":6,"type":"bot_command"}]}}

2025-11-13 12:35:23
{"update_id":856807252,
"message":{"message_id":102,"from":{"id":1526104051,"is_bot":false,"first_name":"Jahail","last_name":"Bambos","username":"JahailBambos","language_code":"ru"},"chat":{"id":1526104051,"first_name":"Jahail","last_name":"Bambos","username":"JahailBambos","type":"private"},"date":1763033709,"text":"/start","entities":[{"offset":0,"length":6,"type":"bot_command"}]}}

2025-11-13 12:35:39
{"update_id":856807252,
"message":{"message_id":102,"from":{"id":1526104051,"is_bot":false,"first_name":"Jahail","last_name":"Bambos","username":"JahailBambos","language_code":"ru"},"chat":{"id":1526104051,"first_name":"Jahail","last_name":"Bambos","username":"JahailBambos","type":"private"},"date":1763033709,"text":"/start","entities":[{"offset":0,"length":6,"type":"bot_command"}]}}

2025-11-13 12:36:11
{"update_id":856807252,
"message":{"message_id":102,"from":{"id":1526104051,"is_bot":false,"first_name":"Jahail","last_name":"Bambos","username":"JahailBambos","language_code":"ru"},"chat":{"id":1526104051,"first_name":"Jahail","last_name":"Bambos","username":"JahailBambos","type":"private"},"date":1763033709,"text":"/start","entities":[{"offset":0,"length":6,"type":"bot_command"}]}}

2025-11-13 12:36:25
{"update_id":856807254,
"callback_query":{"id":"243924603674416660","from":{"id":56793122,"is_bot":false,"first_name":"icq","username":"JaffarTR","language_code":"ru","is_premium":true},"message":{"message_id":103,"from":{"id":8451626412,"is_bot":true,"first_name":"\ud83c\udfb1 Biliard","username":"biliardsk_bot"},"chat":{"id":56793122,"first_name":"icq","username":"JaffarTR","type":"private"},"date":1763033766,"text":"\ud83d\udd14 Neue Buchung!\n\ud83c\udd94 ID: 47\n\n\ud83d\udcc5 Datum: 15.11.2025\n\ud83d\udd50 Zeit: 16:00 - 17:00\n\n\ud83c\udfaf Service: Darts\n\ud83c\udfb1 Tisch \u2116: 9\n\n\ud83c\udde9\ud83c\uddea Sprache: de\n\ud83d\udc64 Name: Obmedzenia v doprave\n\ud83d\udcde Telefon: 0953222121\n\ud83d\udce7 Email: tets@tsthg.dhe\n\n\ud83d\udcdd Notiz: Test\n\n\ud83d\udcb0 Gesamt: 7.00 \u20ac\n\n\u2501\u2501\u2501\u2501\u2501\u2501\u2501\u2501\u2501\u2501\u2501\u2501\u2501\u2501\u2501\u2501\u2501\u2501\u2501\u2501\u2501\u2501\u2501\u2501\u2501\u2501\u2501\u2501\u2501\u2501\u2501\u2501\u2501\u2501\u2501\u2501\u2501\u2501\u2501\u2501","entities":[{"offset":3,"length":13,"type":"bold"},{"offset":186,"length":14,"type":"email"}],"reply_markup":{"inline_keyboard":[[{"text":"\u2705 Potvrdi\u0165","callback_data":"confirm_47"},{"text":"\u274c Zru\u0161i\u0165","callback_data":"cancel_47"}]]}},"chat_instance":"-6663255579467467119","data":"cancel_47"}}

2025-11-13 12:37:15
{"update_id":856807252,
"message":{"message_id":102,"from":{"id":1526104051,"is_bot":false,"first_name":"Jahail","last_name":"Bambos","username":"JahailBambos","language_code":"ru"},"chat":{"id":1526104051,"first_name":"Jahail","last_name":"Bambos","username":"JahailBambos","type":"private"},"date":1763033709,"text":"/start","entities":[{"offset":0,"length":6,"type":"bot_command"}]}}

2025-11-13 12:38:24
{"update_id":856807252,
"message":{"message_id":102,"from":{"id":1526104051,"is_bot":false,"first_name":"Jahail","last_name":"Bambos","username":"JahailBambos","language_code":"ru"},"chat":{"id":1526104051,"first_name":"Jahail","last_name":"Bambos","username":"JahailBambos","type":"private"},"date":1763033709,"text":"/start","entities":[{"offset":0,"length":6,"type":"bot_command"}]}}

2025-11-13 12:39:27
{"update_id":856807252,
"message":{"message_id":102,"from":{"id":1526104051,"is_bot":false,"first_name":"Jahail","last_name":"Bambos","username":"JahailBambos","language_code":"ru"},"chat":{"id":1526104051,"first_name":"Jahail","last_name":"Bambos","username":"JahailBambos","type":"private"},"date":1763033709,"text":"/start","entities":[{"offset":0,"length":6,"type":"bot_command"}]}}

2025-11-13 12:41:04
{"update_id":856807252,
"message":{"message_id":102,"from":{"id":1526104051,"is_bot":false,"first_name":"Jahail","last_name":"Bambos","username":"JahailBambos","language_code":"ru"},"chat":{"id":1526104051,"first_name":"Jahail","last_name":"Bambos","username":"JahailBambos","type":"private"},"date":1763033709,"text":"/start","entities":[{"offset":0,"length":6,"type":"bot_command"}]}}

2025-11-13 12:42:12
{"update_id":856807252,
"message":{"message_id":102,"from":{"id":1526104051,"is_bot":false,"first_name":"Jahail","last_name":"Bambos","username":"JahailBambos","language_code":"ru"},"chat":{"id":1526104051,"first_name":"Jahail","last_name":"Bambos","username":"JahailBambos","type":"private"},"date":1763033709,"text":"/start","entities":[{"offset":0,"length":6,"type":"bot_command"}]}}

2025-11-13 12:44:01
{"update_id":856807252,
"message":{"message_id":102,"from":{"id":1526104051,"is_bot":false,"first_name":"Jahail","last_name":"Bambos","username":"JahailBambos","language_code":"ru"},"chat":{"id":1526104051,"first_name":"Jahail","last_name":"Bambos","username":"JahailBambos","type":"private"},"date":1763033709,"text":"/start","entities":[{"offset":0,"length":6,"type":"bot_command"}]}}

2025-11-13 12:45:43
{"update_id":856807255,
"callback_query":{"id":"243924601739838241","from":{"id":56793122,"is_bot":false,"first_name":"icq","username":"JaffarTR","language_code":"ru","is_premium":true},"message":{"message_id":106,"from":{"id":8451626412,"is_bot":true,"first_name":"\ud83c\udfb1 Biliard","username":"biliardsk_bot"},"chat":{"id":56793122,"first_name":"icq","username":"JaffarTR","type":"private"},"date":1763034306,"text":"\ud83d\udd14 \u041d\u043e\u0432\u043e\u0435 \u0431\u0440\u043e\u043d\u0438\u0440\u043e\u0432\u0430\u043d\u0438\u0435!\n\ud83c\udd94 ID: 48\n\n\ud83d\udcc5 \u0414\u0430\u0442\u0430: 13.11.2025\n\ud83d\udd50 \u0412\u0440\u0435\u043c\u044f: 17:00 - 18:00\n\n\ud83c\udfaf \u0423\u0441\u043b\u0443\u0433\u0430: \u0414\u0430\u0440\u0442\u0441\n\ud83c\udfb1 \u0421\u0442\u043e\u043b \u2116: 9\n\n\ud83c\uddf7\ud83c\uddfa \u042f\u0437\u044b\u043a: ru\n\ud83d\udc64 \u0418\u043c\u044f: \u0422\u0435\u0441\u0442\n\ud83d\udcde \u0422\u0435\u043b\u0435\u0444\u043e\u043d: 000000000\n\ud83d\udce7 Email: roccreate@gmail.com\n\n\ud83d\udcdd \u041f\u0440\u0438\u043c\u0435\u0447\u0430\u043d\u0438\u0435: \u0422\u0435\u0441\u0442\n\n\ud83d\udcb0 \u0418\u0442\u043e\u0433\u043e: 5.50 \u20ac \u2192 4.95 \u20ac\n\ud83c\udf9f\ufe0f \u041f\u0440\u043e\u043c\u043e\u043a\u043e\u0434: ASP2UD (-10%)\n\n\u2501\u2501\u2501\u2501\u2501\u2501\u2501\u2501\u2501\u2501\u2501\u2501\u2501\u2501\u2501\u2501\u2501\u2501\u2501\u2501\u2501\u2501\u2501\u2501\u2501\u2501\u2501\u2501\u2501\u2501\u2501\u2501\u2501\u2501\u2501\u2501\u2501\u2501\u2501\u2501","entities":[{"offset":3,"length":19,"type":"bold"},{"offset":169,"length":19,"type":"email"},{"offset":221,"length":6,"type":"strikethrough"},{"offset":230,"length":6,"type":"bold"}],"reply_markup":{"inline_keyboard":[[{"text":"\u2705 Potvrdi\u0165","callback_data":"confirm_48"},{"text":"\u274c Zru\u0161i\u0165","callback_data":"cancel_48"}]]}},"chat_instance":"-6663255579467467119","data":"cancel_48"}}

2025-11-13 12:45:46
{"update_id":856807252,
"message":{"message_id":102,"from":{"id":1526104051,"is_bot":false,"first_name":"Jahail","last_name":"Bambos","username":"JahailBambos","language_code":"ru"},"chat":{"id":1526104051,"first_name":"Jahail","last_name":"Bambos","username":"JahailBambos","type":"private"},"date":1763033709,"text":"/start","entities":[{"offset":0,"length":6,"type":"bot_command"}]}}

2025-11-13 12:47:07
{"update_id":856807252,
"message":{"message_id":102,"from":{"id":1526104051,"is_bot":false,"first_name":"Jahail","last_name":"Bambos","username":"JahailBambos","language_code":"ru"},"chat":{"id":1526104051,"first_name":"Jahail","last_name":"Bambos","username":"JahailBambos","type":"private"},"date":1763033709,"text":"/start","entities":[{"offset":0,"length":6,"type":"bot_command"}]}}

2025-11-13 12:48:41
{"update_id":856807252,
"message":{"message_id":102,"from":{"id":1526104051,"is_bot":false,"first_name":"Jahail","last_name":"Bambos","username":"JahailBambos","language_code":"ru"},"chat":{"id":1526104051,"first_name":"Jahail","last_name":"Bambos","username":"JahailBambos","type":"private"},"date":1763033709,"text":"/start","entities":[{"offset":0,"length":6,"type":"bot_command"}]}}

2025-11-13 12:50:37
{"update_id":856807252,
"message":{"message_id":102,"from":{"id":1526104051,"is_bot":false,"first_name":"Jahail","last_name":"Bambos","username":"JahailBambos","language_code":"ru"},"chat":{"id":1526104051,"first_name":"Jahail","last_name":"Bambos","username":"JahailBambos","type":"private"},"date":1763033709,"text":"/start","entities":[{"offset":0,"length":6,"type":"bot_command"}]}}

2025-11-13 12:52:33
{"update_id":856807252,
"message":{"message_id":102,"from":{"id":1526104051,"is_bot":false,"first_name":"Jahail","last_name":"Bambos","username":"JahailBambos","language_code":"ru"},"chat":{"id":1526104051,"first_name":"Jahail","last_name":"Bambos","username":"JahailBambos","type":"private"},"date":1763033709,"text":"/start","entities":[{"offset":0,"length":6,"type":"bot_command"}]}}

2025-11-13 12:53:55
{"update_id":856807252,
"message":{"message_id":102,"from":{"id":1526104051,"is_bot":false,"first_name":"Jahail","last_name":"Bambos","username":"JahailBambos","language_code":"ru"},"chat":{"id":1526104051,"first_name":"Jahail","last_name":"Bambos","username":"JahailBambos","type":"private"},"date":1763033709,"text":"/start","entities":[{"offset":0,"length":6,"type":"bot_command"}]}}

2025-11-13 12:55:36
{"update_id":856807252,
"message":{"message_id":102,"from":{"id":1526104051,"is_bot":false,"first_name":"Jahail","last_name":"Bambos","username":"JahailBambos","language_code":"ru"},"chat":{"id":1526104051,"first_name":"Jahail","last_name":"Bambos","username":"JahailBambos","type":"private"},"date":1763033709,"text":"/start","entities":[{"offset":0,"length":6,"type":"bot_command"}]}}

2025-11-13 12:56:53
{"update_id":856807252,
"message":{"message_id":102,"from":{"id":1526104051,"is_bot":false,"first_name":"Jahail","last_name":"Bambos","username":"JahailBambos","language_code":"ru"},"chat":{"id":1526104051,"first_name":"Jahail","last_name":"Bambos","username":"JahailBambos","type":"private"},"date":1763033709,"text":"/start","entities":[{"offset":0,"length":6,"type":"bot_command"}]}}

2025-11-13 12:58:11
{"update_id":856807252,
"message":{"message_id":102,"from":{"id":1526104051,"is_bot":false,"first_name":"Jahail","last_name":"Bambos","username":"JahailBambos","language_code":"ru"},"chat":{"id":1526104051,"first_name":"Jahail","last_name":"Bambos","username":"JahailBambos","type":"private"},"date":1763033709,"text":"/start","entities":[{"offset":0,"length":6,"type":"bot_command"}]}}

2025-11-13 12:59:28
{"update_id":856807252,
"message":{"message_id":102,"from":{"id":1526104051,"is_bot":false,"first_name":"Jahail","last_name":"Bambos","username":"JahailBambos","language_code":"ru"},"chat":{"id":1526104051,"first_name":"Jahail","last_name":"Bambos","username":"JahailBambos","type":"private"},"date":1763033709,"text":"/start","entities":[{"offset":0,"length":6,"type":"bot_command"}]}}

2025-11-13 13:01:12
{"update_id":856807252,
"message":{"message_id":102,"from":{"id":1526104051,"is_bot":false,"first_name":"Jahail","last_name":"Bambos","username":"JahailBambos","language_code":"ru"},"chat":{"id":1526104051,"first_name":"Jahail","last_name":"Bambos","username":"JahailBambos","type":"private"},"date":1763033709,"text":"/start","entities":[{"offset":0,"length":6,"type":"bot_command"}]}}

2025-11-13 13:02:53
{"update_id":856807252,
"message":{"message_id":102,"from":{"id":1526104051,"is_bot":false,"first_name":"Jahail","last_name":"Bambos","username":"JahailBambos","language_code":"ru"},"chat":{"id":1526104051,"first_name":"Jahail","last_name":"Bambos","username":"JahailBambos","type":"private"},"date":1763033709,"text":"/start","entities":[{"offset":0,"length":6,"type":"bot_command"}]}}

2025-11-13 13:04:35
{"update_id":856807252,
"message":{"message_id":102,"from":{"id":1526104051,"is_bot":false,"first_name":"Jahail","last_name":"Bambos","username":"JahailBambos","language_code":"ru"},"chat":{"id":1526104051,"first_name":"Jahail","last_name":"Bambos","username":"JahailBambos","type":"private"},"date":1763033709,"text":"/start","entities":[{"offset":0,"length":6,"type":"bot_command"}]}}

2025-11-13 13:06:16
{"update_id":856807252,
"message":{"message_id":102,"from":{"id":1526104051,"is_bot":false,"first_name":"Jahail","last_name":"Bambos","username":"JahailBambos","language_code":"ru"},"chat":{"id":1526104051,"first_name":"Jahail","last_name":"Bambos","username":"JahailBambos","type":"private"},"date":1763033709,"text":"/start","entities":[{"offset":0,"length":6,"type":"bot_command"}]}}

2025-11-13 13:07:57
{"update_id":856807252,
"message":{"message_id":102,"from":{"id":1526104051,"is_bot":false,"first_name":"Jahail","last_name":"Bambos","username":"JahailBambos","language_code":"ru"},"chat":{"id":1526104051,"first_name":"Jahail","last_name":"Bambos","username":"JahailBambos","type":"private"},"date":1763033709,"text":"/start","entities":[{"offset":0,"length":6,"type":"bot_command"}]}}

2025-11-13 13:09:19
{"update_id":856807252,
"message":{"message_id":102,"from":{"id":1526104051,"is_bot":false,"first_name":"Jahail","last_name":"Bambos","username":"JahailBambos","language_code":"ru"},"chat":{"id":1526104051,"first_name":"Jahail","last_name":"Bambos","username":"JahailBambos","type":"private"},"date":1763033709,"text":"/start","entities":[{"offset":0,"length":6,"type":"bot_command"}]}}

2025-11-13 13:10:53
{"update_id":856807252,
"message":{"message_id":102,"from":{"id":1526104051,"is_bot":false,"first_name":"Jahail","last_name":"Bambos","username":"JahailBambos","language_code":"ru"},"chat":{"id":1526104051,"first_name":"Jahail","last_name":"Bambos","username":"JahailBambos","type":"private"},"date":1763033709,"text":"/start","entities":[{"offset":0,"length":6,"type":"bot_command"}]}}

2025-11-13 13:12:52
{"update_id":856807252,
"message":{"message_id":102,"from":{"id":1526104051,"is_bot":false,"first_name":"Jahail","last_name":"Bambos","username":"JahailBambos","language_code":"ru"},"chat":{"id":1526104051,"first_name":"Jahail","last_name":"Bambos","username":"JahailBambos","type":"private"},"date":1763033709,"text":"/start","entities":[{"offset":0,"length":6,"type":"bot_command"}]}}

2025-11-13 13:13:54
{"update_id":856807252,
"message":{"message_id":102,"from":{"id":1526104051,"is_bot":false,"first_name":"Jahail","last_name":"Bambos","username":"JahailBambos","language_code":"ru"},"chat":{"id":1526104051,"first_name":"Jahail","last_name":"Bambos","username":"JahailBambos","type":"private"},"date":1763033709,"text":"/start","entities":[{"offset":0,"length":6,"type":"bot_command"}]}}

2025-11-13 13:15:50
{"update_id":856807252,
"message":{"message_id":102,"from":{"id":1526104051,"is_bot":false,"first_name":"Jahail","last_name":"Bambos","username":"JahailBambos","language_code":"ru"},"chat":{"id":1526104051,"first_name":"Jahail","last_name":"Bambos","username":"JahailBambos","type":"private"},"date":1763033709,"text":"/start","entities":[{"offset":0,"length":6,"type":"bot_command"}]}}

2025-11-13 13:17:21
{"update_id":856807252,
"message":{"message_id":102,"from":{"id":1526104051,"is_bot":false,"first_name":"Jahail","last_name":"Bambos","username":"JahailBambos","language_code":"ru"},"chat":{"id":1526104051,"first_name":"Jahail","last_name":"Bambos","username":"JahailBambos","type":"private"},"date":1763033709,"text":"/start","entities":[{"offset":0,"length":6,"type":"bot_command"}]}}

2025-11-13 13:18:45
{"update_id":856807252,
"message":{"message_id":102,"from":{"id":1526104051,"is_bot":false,"first_name":"Jahail","last_name":"Bambos","username":"JahailBambos","language_code":"ru"},"chat":{"id":1526104051,"first_name":"Jahail","last_name":"Bambos","username":"JahailBambos","type":"private"},"date":1763033709,"text":"/start","entities":[{"offset":0,"length":6,"type":"bot_command"}]}}

2025-11-13 13:19:48
{"update_id":856807252,
"message":{"message_id":102,"from":{"id":1526104051,"is_bot":false,"first_name":"Jahail","last_name":"Bambos","username":"JahailBambos","language_code":"ru"},"chat":{"id":1526104051,"first_name":"Jahail","last_name":"Bambos","username":"JahailBambos","type":"private"},"date":1763033709,"text":"/start","entities":[{"offset":0,"length":6,"type":"bot_command"}]}}

2025-11-13 13:21:43
{"update_id":856807252,
"message":{"message_id":102,"from":{"id":1526104051,"is_bot":false,"first_name":"Jahail","last_name":"Bambos","username":"JahailBambos","language_code":"ru"},"chat":{"id":1526104051,"first_name":"Jahail","last_name":"Bambos","username":"JahailBambos","type":"private"},"date":1763033709,"text":"/start","entities":[{"offset":0,"length":6,"type":"bot_command"}]}}

2025-11-13 13:23:02
{"update_id":856807252,
"message":{"message_id":102,"from":{"id":1526104051,"is_bot":false,"first_name":"Jahail","last_name":"Bambos","username":"JahailBambos","language_code":"ru"},"chat":{"id":1526104051,"first_name":"Jahail","last_name":"Bambos","username":"JahailBambos","type":"private"},"date":1763033709,"text":"/start","entities":[{"offset":0,"length":6,"type":"bot_command"}]}}

2025-11-13 13:24:24
{"update_id":856807252,
"message":{"message_id":102,"from":{"id":1526104051,"is_bot":false,"first_name":"Jahail","last_name":"Bambos","username":"JahailBambos","language_code":"ru"},"chat":{"id":1526104051,"first_name":"Jahail","last_name":"Bambos","username":"JahailBambos","type":"private"},"date":1763033709,"text":"/start","entities":[{"offset":0,"length":6,"type":"bot_command"}]}}

2025-11-13 13:26:11
{"update_id":856807252,
"message":{"message_id":102,"from":{"id":1526104051,"is_bot":false,"first_name":"Jahail","last_name":"Bambos","username":"JahailBambos","language_code":"ru"},"chat":{"id":1526104051,"first_name":"Jahail","last_name":"Bambos","username":"JahailBambos","type":"private"},"date":1763033709,"text":"/start","entities":[{"offset":0,"length":6,"type":"bot_command"}]}}

2025-11-13 13:27:20
{"update_id":856807252,
"message":{"message_id":102,"from":{"id":1526104051,"is_bot":false,"first_name":"Jahail","last_name":"Bambos","username":"JahailBambos","language_code":"ru"},"chat":{"id":1526104051,"first_name":"Jahail","last_name":"Bambos","username":"JahailBambos","type":"private"},"date":1763033709,"text":"/start","entities":[{"offset":0,"length":6,"type":"bot_command"}]}}

2025-11-13 13:28:46
{"update_id":856807252,
"message":{"message_id":102,"from":{"id":1526104051,"is_bot":false,"first_name":"Jahail","last_name":"Bambos","username":"JahailBambos","language_code":"ru"},"chat":{"id":1526104051,"first_name":"Jahail","last_name":"Bambos","username":"JahailBambos","type":"private"},"date":1763033709,"text":"/start","entities":[{"offset":0,"length":6,"type":"bot_command"}]}}

2025-11-13 13:30:10
{"update_id":856807252,
"message":{"message_id":102,"from":{"id":1526104051,"is_bot":false,"first_name":"Jahail","last_name":"Bambos","username":"JahailBambos","language_code":"ru"},"chat":{"id":1526104051,"first_name":"Jahail","last_name":"Bambos","username":"JahailBambos","type":"private"},"date":1763033709,"text":"/start","entities":[{"offset":0,"length":6,"type":"bot_command"}]}}

2025-11-13 13:31:56
{"update_id":856807252,
"message":{"message_id":102,"from":{"id":1526104051,"is_bot":false,"first_name":"Jahail","last_name":"Bambos","username":"JahailBambos","language_code":"ru"},"chat":{"id":1526104051,"first_name":"Jahail","last_name":"Bambos","username":"JahailBambos","type":"private"},"date":1763033709,"text":"/start","entities":[{"offset":0,"length":6,"type":"bot_command"}]}}

2025-11-13 13:33:53
{"update_id":856807252,
"message":{"message_id":102,"from":{"id":1526104051,"is_bot":false,"first_name":"Jahail","last_name":"Bambos","username":"JahailBambos","language_code":"ru"},"chat":{"id":1526104051,"first_name":"Jahail","last_name":"Bambos","username":"JahailBambos","type":"private"},"date":1763033709,"text":"/start","entities":[{"offset":0,"length":6,"type":"bot_command"}]}}

2025-11-13 13:35:20
{"update_id":856807252,
"message":{"message_id":102,"from":{"id":1526104051,"is_bot":false,"first_name":"Jahail","last_name":"Bambos","username":"JahailBambos","language_code":"ru"},"chat":{"id":1526104051,"first_name":"Jahail","last_name":"Bambos","username":"JahailBambos","type":"private"},"date":1763033709,"text":"/start","entities":[{"offset":0,"length":6,"type":"bot_command"}]}}

2025-11-13 13:36:45
{"update_id":856807252,
"message":{"message_id":102,"from":{"id":1526104051,"is_bot":false,"first_name":"Jahail","last_name":"Bambos","username":"JahailBambos","language_code":"ru"},"chat":{"id":1526104051,"first_name":"Jahail","last_name":"Bambos","username":"JahailBambos","type":"private"},"date":1763033709,"text":"/start","entities":[{"offset":0,"length":6,"type":"bot_command"}]}}

2025-11-13 13:37:52
{"update_id":856807252,
"message":{"message_id":102,"from":{"id":1526104051,"is_bot":false,"first_name":"Jahail","last_name":"Bambos","username":"JahailBambos","language_code":"ru"},"chat":{"id":1526104051,"first_name":"Jahail","last_name":"Bambos","username":"JahailBambos","type":"private"},"date":1763033709,"text":"/start","entities":[{"offset":0,"length":6,"type":"bot_command"}]}}

2025-11-13 13:39:52
{"update_id":856807252,
"message":{"message_id":102,"from":{"id":1526104051,"is_bot":false,"first_name":"Jahail","last_name":"Bambos","username":"JahailBambos","language_code":"ru"},"chat":{"id":1526104051,"first_name":"Jahail","last_name":"Bambos","username":"JahailBambos","type":"private"},"date":1763033709,"text":"/start","entities":[{"offset":0,"length":6,"type":"bot_command"}]}}

2025-11-13 13:41:27
{"update_id":856807252,
"message":{"message_id":102,"from":{"id":1526104051,"is_bot":false,"first_name":"Jahail","last_name":"Bambos","username":"JahailBambos","language_code":"ru"},"chat":{"id":1526104051,"first_name":"Jahail","last_name":"Bambos","username":"JahailBambos","type":"private"},"date":1763033709,"text":"/start","entities":[{"offset":0,"length":6,"type":"bot_command"}]}}

2025-11-13 13:43:15
{"update_id":856807252,
"message":{"message_id":102,"from":{"id":1526104051,"is_bot":false,"first_name":"Jahail","last_name":"Bambos","username":"JahailBambos","language_code":"ru"},"chat":{"id":1526104051,"first_name":"Jahail","last_name":"Bambos","username":"JahailBambos","type":"private"},"date":1763033709,"text":"/start","entities":[{"offset":0,"length":6,"type":"bot_command"}]}}

2025-11-13 13:44:59
{"update_id":856807252,
"message":{"message_id":102,"from":{"id":1526104051,"is_bot":false,"first_name":"Jahail","last_name":"Bambos","username":"JahailBambos","language_code":"ru"},"chat":{"id":1526104051,"first_name":"Jahail","last_name":"Bambos","username":"JahailBambos","type":"private"},"date":1763033709,"text":"/start","entities":[{"offset":0,"length":6,"type":"bot_command"}]}}

2025-11-13 13:46:15
{"update_id":856807252,
"message":{"message_id":102,"from":{"id":1526104051,"is_bot":false,"first_name":"Jahail","last_name":"Bambos","username":"JahailBambos","language_code":"ru"},"chat":{"id":1526104051,"first_name":"Jahail","last_name":"Bambos","username":"JahailBambos","type":"private"},"date":1763033709,"text":"/start","entities":[{"offset":0,"length":6,"type":"bot_command"}]}}

2025-11-13 13:47:40
{"update_id":856807252,
"message":{"message_id":102,"from":{"id":1526104051,"is_bot":false,"first_name":"Jahail","last_name":"Bambos","username":"JahailBambos","language_code":"ru"},"chat":{"id":1526104051,"first_name":"Jahail","last_name":"Bambos","username":"JahailBambos","type":"private"},"date":1763033709,"text":"/start","entities":[{"offset":0,"length":6,"type":"bot_command"}]}}

2025-11-13 13:48:43
{"update_id":856807252,
"message":{"message_id":102,"from":{"id":1526104051,"is_bot":false,"first_name":"Jahail","last_name":"Bambos","username":"JahailBambos","language_code":"ru"},"chat":{"id":1526104051,"first_name":"Jahail","last_name":"Bambos","username":"JahailBambos","type":"private"},"date":1763033709,"text":"/start","entities":[{"offset":0,"length":6,"type":"bot_command"}]}}

2025-11-13 13:49:44
{"update_id":856807252,
"message":{"message_id":102,"from":{"id":1526104051,"is_bot":false,"first_name":"Jahail","last_name":"Bambos","username":"JahailBambos","language_code":"ru"},"chat":{"id":1526104051,"first_name":"Jahail","last_name":"Bambos","username":"JahailBambos","type":"private"},"date":1763033709,"text":"/start","entities":[{"offset":0,"length":6,"type":"bot_command"}]}}

2025-11-13 13:51:12
{"update_id":856807252,
"message":{"message_id":102,"from":{"id":1526104051,"is_bot":false,"first_name":"Jahail","last_name":"Bambos","username":"JahailBambos","language_code":"ru"},"chat":{"id":1526104051,"first_name":"Jahail","last_name":"Bambos","username":"JahailBambos","type":"private"},"date":1763033709,"text":"/start","entities":[{"offset":0,"length":6,"type":"bot_command"}]}}

2025-11-13 13:52:12
{"update_id":856807252,
"message":{"message_id":102,"from":{"id":1526104051,"is_bot":false,"first_name":"Jahail","last_name":"Bambos","username":"JahailBambos","language_code":"ru"},"chat":{"id":1526104051,"first_name":"Jahail","last_name":"Bambos","username":"JahailBambos","type":"private"},"date":1763033709,"text":"/start","entities":[{"offset":0,"length":6,"type":"bot_command"}]}}

2025-11-13 13:53:17
{"update_id":856807252,
"message":{"message_id":102,"from":{"id":1526104051,"is_bot":false,"first_name":"Jahail","last_name":"Bambos","username":"JahailBambos","language_code":"ru"},"chat":{"id":1526104051,"first_name":"Jahail","last_name":"Bambos","username":"JahailBambos","type":"private"},"date":1763033709,"text":"/start","entities":[{"offset":0,"length":6,"type":"bot_command"}]}}

2025-11-13 13:55:09
{"update_id":856807252,
"message":{"message_id":102,"from":{"id":1526104051,"is_bot":false,"first_name":"Jahail","last_name":"Bambos","username":"JahailBambos","language_code":"ru"},"chat":{"id":1526104051,"first_name":"Jahail","last_name":"Bambos","username":"JahailBambos","type":"private"},"date":1763033709,"text":"/start","entities":[{"offset":0,"length":6,"type":"bot_command"}]}}

2025-11-13 13:57:01
{"update_id":856807252,
"message":{"message_id":102,"from":{"id":1526104051,"is_bot":false,"first_name":"Jahail","last_name":"Bambos","username":"JahailBambos","language_code":"ru"},"chat":{"id":1526104051,"first_name":"Jahail","last_name":"Bambos","username":"JahailBambos","type":"private"},"date":1763033709,"text":"/start","entities":[{"offset":0,"length":6,"type":"bot_command"}]}}

2025-11-13 13:58:46
{"update_id":856807252,
"message":{"message_id":102,"from":{"id":1526104051,"is_bot":false,"first_name":"Jahail","last_name":"Bambos","username":"JahailBambos","language_code":"ru"},"chat":{"id":1526104051,"first_name":"Jahail","last_name":"Bambos","username":"JahailBambos","type":"private"},"date":1763033709,"text":"/start","entities":[{"offset":0,"length":6,"type":"bot_command"}]}}

2025-11-13 14:00:10
{"update_id":856807252,
"message":{"message_id":102,"from":{"id":1526104051,"is_bot":false,"first_name":"Jahail","last_name":"Bambos","username":"JahailBambos","language_code":"ru"},"chat":{"id":1526104051,"first_name":"Jahail","last_name":"Bambos","username":"JahailBambos","type":"private"},"date":1763033709,"text":"/start","entities":[{"offset":0,"length":6,"type":"bot_command"}]}}

2025-11-13 14:01:37
{"update_id":856807252,
"message":{"message_id":102,"from":{"id":1526104051,"is_bot":false,"first_name":"Jahail","last_name":"Bambos","username":"JahailBambos","language_code":"ru"},"chat":{"id":1526104051,"first_name":"Jahail","last_name":"Bambos","username":"JahailBambos","type":"private"},"date":1763033709,"text":"/start","entities":[{"offset":0,"length":6,"type":"bot_command"}]}}

2025-11-13 14:02:53
{"update_id":856807252,
"message":{"message_id":102,"from":{"id":1526104051,"is_bot":false,"first_name":"Jahail","last_name":"Bambos","username":"JahailBambos","language_code":"ru"},"chat":{"id":1526104051,"first_name":"Jahail","last_name":"Bambos","username":"JahailBambos","type":"private"},"date":1763033709,"text":"/start","entities":[{"offset":0,"length":6,"type":"bot_command"}]}}

2025-11-13 14:04:46
{"update_id":856807252,
"message":{"message_id":102,"from":{"id":1526104051,"is_bot":false,"first_name":"Jahail","last_name":"Bambos","username":"JahailBambos","language_code":"ru"},"chat":{"id":1526104051,"first_name":"Jahail","last_name":"Bambos","username":"JahailBambos","type":"private"},"date":1763033709,"text":"/start","entities":[{"offset":0,"length":6,"type":"bot_command"}]}}

2025-11-13 14:06:45
{"update_id":856807252,
"message":{"message_id":102,"from":{"id":1526104051,"is_bot":false,"first_name":"Jahail","last_name":"Bambos","username":"JahailBambos","language_code":"ru"},"chat":{"id":1526104051,"first_name":"Jahail","last_name":"Bambos","username":"JahailBambos","type":"private"},"date":1763033709,"text":"/start","entities":[{"offset":0,"length":6,"type":"bot_command"}]}}

2025-11-13 14:08:09
{"update_id":856807252,
"message":{"message_id":102,"from":{"id":1526104051,"is_bot":false,"first_name":"Jahail","last_name":"Bambos","username":"JahailBambos","language_code":"ru"},"chat":{"id":1526104051,"first_name":"Jahail","last_name":"Bambos","username":"JahailBambos","type":"private"},"date":1763033709,"text":"/start","entities":[{"offset":0,"length":6,"type":"bot_command"}]}}

2025-11-13 14:09:25
{"update_id":856807252,
"message":{"message_id":102,"from":{"id":1526104051,"is_bot":false,"first_name":"Jahail","last_name":"Bambos","username":"JahailBambos","language_code":"ru"},"chat":{"id":1526104051,"first_name":"Jahail","last_name":"Bambos","username":"JahailBambos","type":"private"},"date":1763033709,"text":"/start","entities":[{"offset":0,"length":6,"type":"bot_command"}]}}

2025-11-13 14:11:05
{"update_id":856807252,
"message":{"message_id":102,"from":{"id":1526104051,"is_bot":false,"first_name":"Jahail","last_name":"Bambos","username":"JahailBambos","language_code":"ru"},"chat":{"id":1526104051,"first_name":"Jahail","last_name":"Bambos","username":"JahailBambos","type":"private"},"date":1763033709,"text":"/start","entities":[{"offset":0,"length":6,"type":"bot_command"}]}}

2025-11-13 14:12:16
{"update_id":856807252,
"message":{"message_id":102,"from":{"id":1526104051,"is_bot":false,"first_name":"Jahail","last_name":"Bambos","username":"JahailBambos","language_code":"ru"},"chat":{"id":1526104051,"first_name":"Jahail","last_name":"Bambos","username":"JahailBambos","type":"private"},"date":1763033709,"text":"/start","entities":[{"offset":0,"length":6,"type":"bot_command"}]}}

2025-11-13 14:13:17
{"update_id":856807252,
"message":{"message_id":102,"from":{"id":1526104051,"is_bot":false,"first_name":"Jahail","last_name":"Bambos","username":"JahailBambos","language_code":"ru"},"chat":{"id":1526104051,"first_name":"Jahail","last_name":"Bambos","username":"JahailBambos","type":"private"},"date":1763033709,"text":"/start","entities":[{"offset":0,"length":6,"type":"bot_command"}]}}

2025-11-13 14:15:05
{"update_id":856807252,
"message":{"message_id":102,"from":{"id":1526104051,"is_bot":false,"first_name":"Jahail","last_name":"Bambos","username":"JahailBambos","language_code":"ru"},"chat":{"id":1526104051,"first_name":"Jahail","last_name":"Bambos","username":"JahailBambos","type":"private"},"date":1763033709,"text":"/start","entities":[{"offset":0,"length":6,"type":"bot_command"}]}}

2025-11-13 14:16:16
{"update_id":856807252,
"message":{"message_id":102,"from":{"id":1526104051,"is_bot":false,"first_name":"Jahail","last_name":"Bambos","username":"JahailBambos","language_code":"ru"},"chat":{"id":1526104051,"first_name":"Jahail","last_name":"Bambos","username":"JahailBambos","type":"private"},"date":1763033709,"text":"/start","entities":[{"offset":0,"length":6,"type":"bot_command"}]}}

2025-11-13 14:17:38
{"update_id":856807252,
"message":{"message_id":102,"from":{"id":1526104051,"is_bot":false,"first_name":"Jahail","last_name":"Bambos","username":"JahailBambos","language_code":"ru"},"chat":{"id":1526104051,"first_name":"Jahail","last_name":"Bambos","username":"JahailBambos","type":"private"},"date":1763033709,"text":"/start","entities":[{"offset":0,"length":6,"type":"bot_command"}]}}

2025-11-13 14:19:17
{"update_id":856807252,
"message":{"message_id":102,"from":{"id":1526104051,"is_bot":false,"first_name":"Jahail","last_name":"Bambos","username":"JahailBambos","language_code":"ru"},"chat":{"id":1526104051,"first_name":"Jahail","last_name":"Bambos","username":"JahailBambos","type":"private"},"date":1763033709,"text":"/start","entities":[{"offset":0,"length":6,"type":"bot_command"}]}}

2025-11-13 14:20:22
{"update_id":856807252,
"message":{"message_id":102,"from":{"id":1526104051,"is_bot":false,"first_name":"Jahail","last_name":"Bambos","username":"JahailBambos","language_code":"ru"},"chat":{"id":1526104051,"first_name":"Jahail","last_name":"Bambos","username":"JahailBambos","type":"private"},"date":1763033709,"text":"/start","entities":[{"offset":0,"length":6,"type":"bot_command"}]}}

2025-11-13 14:22:02
{"update_id":856807252,
"message":{"message_id":102,"from":{"id":1526104051,"is_bot":false,"first_name":"Jahail","last_name":"Bambos","username":"JahailBambos","language_code":"ru"},"chat":{"id":1526104051,"first_name":"Jahail","last_name":"Bambos","username":"JahailBambos","type":"private"},"date":1763033709,"text":"/start","entities":[{"offset":0,"length":6,"type":"bot_command"}]}}

2025-11-13 14:23:03
{"update_id":856807252,
"message":{"message_id":102,"from":{"id":1526104051,"is_bot":false,"first_name":"Jahail","last_name":"Bambos","username":"JahailBambos","language_code":"ru"},"chat":{"id":1526104051,"first_name":"Jahail","last_name":"Bambos","username":"JahailBambos","type":"private"},"date":1763033709,"text":"/start","entities":[{"offset":0,"length":6,"type":"bot_command"}]}}

2025-11-13 14:24:10
{"update_id":856807252,
"message":{"message_id":102,"from":{"id":1526104051,"is_bot":false,"first_name":"Jahail","last_name":"Bambos","username":"JahailBambos","language_code":"ru"},"chat":{"id":1526104051,"first_name":"Jahail","last_name":"Bambos","username":"JahailBambos","type":"private"},"date":1763033709,"text":"/start","entities":[{"offset":0,"length":6,"type":"bot_command"}]}}

2025-11-13 14:26:02
{"update_id":856807252,
"message":{"message_id":102,"from":{"id":1526104051,"is_bot":false,"first_name":"Jahail","last_name":"Bambos","username":"JahailBambos","language_code":"ru"},"chat":{"id":1526104051,"first_name":"Jahail","last_name":"Bambos","username":"JahailBambos","type":"private"},"date":1763033709,"text":"/start","entities":[{"offset":0,"length":6,"type":"bot_command"}]}}

2025-11-13 14:27:38
{"update_id":856807252,
"message":{"message_id":102,"from":{"id":1526104051,"is_bot":false,"first_name":"Jahail","last_name":"Bambos","username":"JahailBambos","language_code":"ru"},"chat":{"id":1526104051,"first_name":"Jahail","last_name":"Bambos","username":"JahailBambos","type":"private"},"date":1763033709,"text":"/start","entities":[{"offset":0,"length":6,"type":"bot_command"}]}}

2025-11-13 14:29:19
{"update_id":856807252,
"message":{"message_id":102,"from":{"id":1526104051,"is_bot":false,"first_name":"Jahail","last_name":"Bambos","username":"JahailBambos","language_code":"ru"},"chat":{"id":1526104051,"first_name":"Jahail","last_name":"Bambos","username":"JahailBambos","type":"private"},"date":1763033709,"text":"/start","entities":[{"offset":0,"length":6,"type":"bot_command"}]}}

2025-11-13 14:30:35
{"update_id":856807252,
"message":{"message_id":102,"from":{"id":1526104051,"is_bot":false,"first_name":"Jahail","last_name":"Bambos","username":"JahailBambos","language_code":"ru"},"chat":{"id":1526104051,"first_name":"Jahail","last_name":"Bambos","username":"JahailBambos","type":"private"},"date":1763033709,"text":"/start","entities":[{"offset":0,"length":6,"type":"bot_command"}]}}

2025-11-13 14:32:26
{"update_id":856807252,
"message":{"message_id":102,"from":{"id":1526104051,"is_bot":false,"first_name":"Jahail","last_name":"Bambos","username":"JahailBambos","language_code":"ru"},"chat":{"id":1526104051,"first_name":"Jahail","last_name":"Bambos","username":"JahailBambos","type":"private"},"date":1763033709,"text":"/start","entities":[{"offset":0,"length":6,"type":"bot_command"}]}}

2025-11-13 14:34:04
{"update_id":856807252,
"message":{"message_id":102,"from":{"id":1526104051,"is_bot":false,"first_name":"Jahail","last_name":"Bambos","username":"JahailBambos","language_code":"ru"},"chat":{"id":1526104051,"first_name":"Jahail","last_name":"Bambos","username":"JahailBambos","type":"private"},"date":1763033709,"text":"/start","entities":[{"offset":0,"length":6,"type":"bot_command"}]}}

2025-11-13 14:35:24
{"update_id":856807252,
"message":{"message_id":102,"from":{"id":1526104051,"is_bot":false,"first_name":"Jahail","last_name":"Bambos","username":"JahailBambos","language_code":"ru"},"chat":{"id":1526104051,"first_name":"Jahail","last_name":"Bambos","username":"JahailBambos","type":"private"},"date":1763033709,"text":"/start","entities":[{"offset":0,"length":6,"type":"bot_command"}]}}

2025-11-13 14:37:12
{"update_id":856807252,
"message":{"message_id":102,"from":{"id":1526104051,"is_bot":false,"first_name":"Jahail","last_name":"Bambos","username":"JahailBambos","language_code":"ru"},"chat":{"id":1526104051,"first_name":"Jahail","last_name":"Bambos","username":"JahailBambos","type":"private"},"date":1763033709,"text":"/start","entities":[{"offset":0,"length":6,"type":"bot_command"}]}}

2025-11-13 14:39:11
{"update_id":856807252,
"message":{"message_id":102,"from":{"id":1526104051,"is_bot":false,"first_name":"Jahail","last_name":"Bambos","username":"JahailBambos","language_code":"ru"},"chat":{"id":1526104051,"first_name":"Jahail","last_name":"Bambos","username":"JahailBambos","type":"private"},"date":1763033709,"text":"/start","entities":[{"offset":0,"length":6,"type":"bot_command"}]}}

2025-11-13 14:41:07
{"update_id":856807252,
"message":{"message_id":102,"from":{"id":1526104051,"is_bot":false,"first_name":"Jahail","last_name":"Bambos","username":"JahailBambos","language_code":"ru"},"chat":{"id":1526104051,"first_name":"Jahail","last_name":"Bambos","username":"JahailBambos","type":"private"},"date":1763033709,"text":"/start","entities":[{"offset":0,"length":6,"type":"bot_command"}]}}

2025-11-13 14:42:16
{"update_id":856807252,
"message":{"message_id":102,"from":{"id":1526104051,"is_bot":false,"first_name":"Jahail","last_name":"Bambos","username":"JahailBambos","language_code":"ru"},"chat":{"id":1526104051,"first_name":"Jahail","last_name":"Bambos","username":"JahailBambos","type":"private"},"date":1763033709,"text":"/start","entities":[{"offset":0,"length":6,"type":"bot_command"}]}}

2025-11-13 14:43:58
{"update_id":856807252,
"message":{"message_id":102,"from":{"id":1526104051,"is_bot":false,"first_name":"Jahail","last_name":"Bambos","username":"JahailBambos","language_code":"ru"},"chat":{"id":1526104051,"first_name":"Jahail","last_name":"Bambos","username":"JahailBambos","type":"private"},"date":1763033709,"text":"/start","entities":[{"offset":0,"length":6,"type":"bot_command"}]}}

2025-11-13 14:45:09
{"update_id":856807252,
"message":{"message_id":102,"from":{"id":1526104051,"is_bot":false,"first_name":"Jahail","last_name":"Bambos","username":"JahailBambos","language_code":"ru"},"chat":{"id":1526104051,"first_name":"Jahail","last_name":"Bambos","username":"JahailBambos","type":"private"},"date":1763033709,"text":"/start","entities":[{"offset":0,"length":6,"type":"bot_command"}]}}

2025-11-13 14:46:51
{"update_id":856807252,
"message":{"message_id":102,"from":{"id":1526104051,"is_bot":false,"first_name":"Jahail","last_name":"Bambos","username":"JahailBambos","language_code":"ru"},"chat":{"id":1526104051,"first_name":"Jahail","last_name":"Bambos","username":"JahailBambos","type":"private"},"date":1763033709,"text":"/start","entities":[{"offset":0,"length":6,"type":"bot_command"}]}}

2025-11-13 14:48:20
{"update_id":856807252,
"message":{"message_id":102,"from":{"id":1526104051,"is_bot":false,"first_name":"Jahail","last_name":"Bambos","username":"JahailBambos","language_code":"ru"},"chat":{"id":1526104051,"first_name":"Jahail","last_name":"Bambos","username":"JahailBambos","type":"private"},"date":1763033709,"text":"/start","entities":[{"offset":0,"length":6,"type":"bot_command"}]}}

2025-11-13 14:49:52
{"update_id":856807252,
"message":{"message_id":102,"from":{"id":1526104051,"is_bot":false,"first_name":"Jahail","last_name":"Bambos","username":"JahailBambos","language_code":"ru"},"chat":{"id":1526104051,"first_name":"Jahail","last_name":"Bambos","username":"JahailBambos","type":"private"},"date":1763033709,"text":"/start","entities":[{"offset":0,"length":6,"type":"bot_command"}]}}

2025-11-13 14:51:07
{"update_id":856807252,
"message":{"message_id":102,"from":{"id":1526104051,"is_bot":false,"first_name":"Jahail","last_name":"Bambos","username":"JahailBambos","language_code":"ru"},"chat":{"id":1526104051,"first_name":"Jahail","last_name":"Bambos","username":"JahailBambos","type":"private"},"date":1763033709,"text":"/start","entities":[{"offset":0,"length":6,"type":"bot_command"}]}}

2025-11-13 14:52:58
{"update_id":856807252,
"message":{"message_id":102,"from":{"id":1526104051,"is_bot":false,"first_name":"Jahail","last_name":"Bambos","username":"JahailBambos","language_code":"ru"},"chat":{"id":1526104051,"first_name":"Jahail","last_name":"Bambos","username":"JahailBambos","type":"private"},"date":1763033709,"text":"/start","entities":[{"offset":0,"length":6,"type":"bot_command"}]}}

2025-11-13 14:54:37
{"update_id":856807252,
"message":{"message_id":102,"from":{"id":1526104051,"is_bot":false,"first_name":"Jahail","last_name":"Bambos","username":"JahailBambos","language_code":"ru"},"chat":{"id":1526104051,"first_name":"Jahail","last_name":"Bambos","username":"JahailBambos","type":"private"},"date":1763033709,"text":"/start","entities":[{"offset":0,"length":6,"type":"bot_command"}]}}

2025-11-13 14:56:26
{"update_id":856807252,
"message":{"message_id":102,"from":{"id":1526104051,"is_bot":false,"first_name":"Jahail","last_name":"Bambos","username":"JahailBambos","language_code":"ru"},"chat":{"id":1526104051,"first_name":"Jahail","last_name":"Bambos","username":"JahailBambos","type":"private"},"date":1763033709,"text":"/start","entities":[{"offset":0,"length":6,"type":"bot_command"}]}}

2025-11-13 14:57:26
{"update_id":856807252,
"message":{"message_id":102,"from":{"id":1526104051,"is_bot":false,"first_name":"Jahail","last_name":"Bambos","username":"JahailBambos","language_code":"ru"},"chat":{"id":1526104051,"first_name":"Jahail","last_name":"Bambos","username":"JahailBambos","type":"private"},"date":1763033709,"text":"/start","entities":[{"offset":0,"length":6,"type":"bot_command"}]}}

2025-11-13 14:59:16
{"update_id":856807252,
"message":{"message_id":102,"from":{"id":1526104051,"is_bot":false,"first_name":"Jahail","last_name":"Bambos","username":"JahailBambos","language_code":"ru"},"chat":{"id":1526104051,"first_name":"Jahail","last_name":"Bambos","username":"JahailBambos","type":"private"},"date":1763033709,"text":"/start","entities":[{"offset":0,"length":6,"type":"bot_command"}]}}

2025-11-13 15:00:32
{"update_id":856807252,
"message":{"message_id":102,"from":{"id":1526104051,"is_bot":false,"first_name":"Jahail","last_name":"Bambos","username":"JahailBambos","language_code":"ru"},"chat":{"id":1526104051,"first_name":"Jahail","last_name":"Bambos","username":"JahailBambos","type":"private"},"date":1763033709,"text":"/start","entities":[{"offset":0,"length":6,"type":"bot_command"}]}}

2025-11-13 15:01:53
{"update_id":856807252,
"message":{"message_id":102,"from":{"id":1526104051,"is_bot":false,"first_name":"Jahail","last_name":"Bambos","username":"JahailBambos","language_code":"ru"},"chat":{"id":1526104051,"first_name":"Jahail","last_name":"Bambos","username":"JahailBambos","type":"private"},"date":1763033709,"text":"/start","entities":[{"offset":0,"length":6,"type":"bot_command"}]}}

2025-11-13 15:02:59
{"update_id":856807252,
"message":{"message_id":102,"from":{"id":1526104051,"is_bot":false,"first_name":"Jahail","last_name":"Bambos","username":"JahailBambos","language_code":"ru"},"chat":{"id":1526104051,"first_name":"Jahail","last_name":"Bambos","username":"JahailBambos","type":"private"},"date":1763033709,"text":"/start","entities":[{"offset":0,"length":6,"type":"bot_command"}]}}

2025-11-13 15:04:06
{"update_id":856807252,
"message":{"message_id":102,"from":{"id":1526104051,"is_bot":false,"first_name":"Jahail","last_name":"Bambos","username":"JahailBambos","language_code":"ru"},"chat":{"id":1526104051,"first_name":"Jahail","last_name":"Bambos","username":"JahailBambos","type":"private"},"date":1763033709,"text":"/start","entities":[{"offset":0,"length":6,"type":"bot_command"}]}}

2025-11-13 15:06:02
{"update_id":856807252,
"message":{"message_id":102,"from":{"id":1526104051,"is_bot":false,"first_name":"Jahail","last_name":"Bambos","username":"JahailBambos","language_code":"ru"},"chat":{"id":1526104051,"first_name":"Jahail","last_name":"Bambos","username":"JahailBambos","type":"private"},"date":1763033709,"text":"/start","entities":[{"offset":0,"length":6,"type":"bot_command"}]}}

2025-11-13 15:07:29
{"update_id":856807252,
"message":{"message_id":102,"from":{"id":1526104051,"is_bot":false,"first_name":"Jahail","last_name":"Bambos","username":"JahailBambos","language_code":"ru"},"chat":{"id":1526104051,"first_name":"Jahail","last_name":"Bambos","username":"JahailBambos","type":"private"},"date":1763033709,"text":"/start","entities":[{"offset":0,"length":6,"type":"bot_command"}]}}

2025-11-13 15:08:36
{"update_id":856807252,
"message":{"message_id":102,"from":{"id":1526104051,"is_bot":false,"first_name":"Jahail","last_name":"Bambos","username":"JahailBambos","language_code":"ru"},"chat":{"id":1526104051,"first_name":"Jahail","last_name":"Bambos","username":"JahailBambos","type":"private"},"date":1763033709,"text":"/start","entities":[{"offset":0,"length":6,"type":"bot_command"}]}}

2025-11-13 15:10:07
{"update_id":856807252,
"message":{"message_id":102,"from":{"id":1526104051,"is_bot":false,"first_name":"Jahail","last_name":"Bambos","username":"JahailBambos","language_code":"ru"},"chat":{"id":1526104051,"first_name":"Jahail","last_name":"Bambos","username":"JahailBambos","type":"private"},"date":1763033709,"text":"/start","entities":[{"offset":0,"length":6,"type":"bot_command"}]}}

2025-11-13 15:12:02
{"update_id":856807252,
"message":{"message_id":102,"from":{"id":1526104051,"is_bot":false,"first_name":"Jahail","last_name":"Bambos","username":"JahailBambos","language_code":"ru"},"chat":{"id":1526104051,"first_name":"Jahail","last_name":"Bambos","username":"JahailBambos","type":"private"},"date":1763033709,"text":"/start","entities":[{"offset":0,"length":6,"type":"bot_command"}]}}

2025-11-13 15:13:10
{"update_id":856807252,
"message":{"message_id":102,"from":{"id":1526104051,"is_bot":false,"first_name":"Jahail","last_name":"Bambos","username":"JahailBambos","language_code":"ru"},"chat":{"id":1526104051,"first_name":"Jahail","last_name":"Bambos","username":"JahailBambos","type":"private"},"date":1763033709,"text":"/start","entities":[{"offset":0,"length":6,"type":"bot_command"}]}}

2025-11-13 15:14:22
{"update_id":856807252,
"message":{"message_id":102,"from":{"id":1526104051,"is_bot":false,"first_name":"Jahail","last_name":"Bambos","username":"JahailBambos","language_code":"ru"},"chat":{"id":1526104051,"first_name":"Jahail","last_name":"Bambos","username":"JahailBambos","type":"private"},"date":1763033709,"text":"/start","entities":[{"offset":0,"length":6,"type":"bot_command"}]}}

2025-11-13 15:15:30
{"update_id":856807252,
"message":{"message_id":102,"from":{"id":1526104051,"is_bot":false,"first_name":"Jahail","last_name":"Bambos","username":"JahailBambos","language_code":"ru"},"chat":{"id":1526104051,"first_name":"Jahail","last_name":"Bambos","username":"JahailBambos","type":"private"},"date":1763033709,"text":"/start","entities":[{"offset":0,"length":6,"type":"bot_command"}]}}

2025-11-13 15:17:12
{"update_id":856807252,
"message":{"message_id":102,"from":{"id":1526104051,"is_bot":false,"first_name":"Jahail","last_name":"Bambos","username":"JahailBambos","language_code":"ru"},"chat":{"id":1526104051,"first_name":"Jahail","last_name":"Bambos","username":"JahailBambos","type":"private"},"date":1763033709,"text":"/start","entities":[{"offset":0,"length":6,"type":"bot_command"}]}}

2025-11-13 15:19:02
{"update_id":856807252,
"message":{"message_id":102,"from":{"id":1526104051,"is_bot":false,"first_name":"Jahail","last_name":"Bambos","username":"JahailBambos","language_code":"ru"},"chat":{"id":1526104051,"first_name":"Jahail","last_name":"Bambos","username":"JahailBambos","type":"private"},"date":1763033709,"text":"/start","entities":[{"offset":0,"length":6,"type":"bot_command"}]}}

2025-11-13 15:20:15
{"update_id":856807252,
"message":{"message_id":102,"from":{"id":1526104051,"is_bot":false,"first_name":"Jahail","last_name":"Bambos","username":"JahailBambos","language_code":"ru"},"chat":{"id":1526104051,"first_name":"Jahail","last_name":"Bambos","username":"JahailBambos","type":"private"},"date":1763033709,"text":"/start","entities":[{"offset":0,"length":6,"type":"bot_command"}]}}

2025-11-13 15:21:54
{"update_id":856807252,
"message":{"message_id":102,"from":{"id":1526104051,"is_bot":false,"first_name":"Jahail","last_name":"Bambos","username":"JahailBambos","language_code":"ru"},"chat":{"id":1526104051,"first_name":"Jahail","last_name":"Bambos","username":"JahailBambos","type":"private"},"date":1763033709,"text":"/start","entities":[{"offset":0,"length":6,"type":"bot_command"}]}}

2025-11-13 15:23:50
{"update_id":856807252,
"message":{"message_id":102,"from":{"id":1526104051,"is_bot":false,"first_name":"Jahail","last_name":"Bambos","username":"JahailBambos","language_code":"ru"},"chat":{"id":1526104051,"first_name":"Jahail","last_name":"Bambos","username":"JahailBambos","type":"private"},"date":1763033709,"text":"/start","entities":[{"offset":0,"length":6,"type":"bot_command"}]}}

2025-11-13 15:25:20
{"update_id":856807252,
"message":{"message_id":102,"from":{"id":1526104051,"is_bot":false,"first_name":"Jahail","last_name":"Bambos","username":"JahailBambos","language_code":"ru"},"chat":{"id":1526104051,"first_name":"Jahail","last_name":"Bambos","username":"JahailBambos","type":"private"},"date":1763033709,"text":"/start","entities":[{"offset":0,"length":6,"type":"bot_command"}]}}

2025-11-13 15:27:04
{"update_id":856807252,
"message":{"message_id":102,"from":{"id":1526104051,"is_bot":false,"first_name":"Jahail","last_name":"Bambos","username":"JahailBambos","language_code":"ru"},"chat":{"id":1526104051,"first_name":"Jahail","last_name":"Bambos","username":"JahailBambos","type":"private"},"date":1763033709,"text":"/start","entities":[{"offset":0,"length":6,"type":"bot_command"}]}}

2025-11-13 15:28:45
{"update_id":856807252,
"message":{"message_id":102,"from":{"id":1526104051,"is_bot":false,"first_name":"Jahail","last_name":"Bambos","username":"JahailBambos","language_code":"ru"},"chat":{"id":1526104051,"first_name":"Jahail","last_name":"Bambos","username":"JahailBambos","type":"private"},"date":1763033709,"text":"/start","entities":[{"offset":0,"length":6,"type":"bot_command"}]}}

2025-11-13 15:29:47
{"update_id":856807252,
"message":{"message_id":102,"from":{"id":1526104051,"is_bot":false,"first_name":"Jahail","last_name":"Bambos","username":"JahailBambos","language_code":"ru"},"chat":{"id":1526104051,"first_name":"Jahail","last_name":"Bambos","username":"JahailBambos","type":"private"},"date":1763033709,"text":"/start","entities":[{"offset":0,"length":6,"type":"bot_command"}]}}

2025-11-13 15:31:29
{"update_id":856807252,
"message":{"message_id":102,"from":{"id":1526104051,"is_bot":false,"first_name":"Jahail","last_name":"Bambos","username":"JahailBambos","language_code":"ru"},"chat":{"id":1526104051,"first_name":"Jahail","last_name":"Bambos","username":"JahailBambos","type":"private"},"date":1763033709,"text":"/start","entities":[{"offset":0,"length":6,"type":"bot_command"}]}}

2025-11-13 15:33:29
{"update_id":856807252,
"message":{"message_id":102,"from":{"id":1526104051,"is_bot":false,"first_name":"Jahail","last_name":"Bambos","username":"JahailBambos","language_code":"ru"},"chat":{"id":1526104051,"first_name":"Jahail","last_name":"Bambos","username":"JahailBambos","type":"private"},"date":1763033709,"text":"/start","entities":[{"offset":0,"length":6,"type":"bot_command"}]}}

2025-11-13 15:35:20
{"update_id":856807252,
"message":{"message_id":102,"from":{"id":1526104051,"is_bot":false,"first_name":"Jahail","last_name":"Bambos","username":"JahailBambos","language_code":"ru"},"chat":{"id":1526104051,"first_name":"Jahail","last_name":"Bambos","username":"JahailBambos","type":"private"},"date":1763033709,"text":"/start","entities":[{"offset":0,"length":6,"type":"bot_command"}]}}

2025-11-13 15:37:15
{"update_id":856807252,
"message":{"message_id":102,"from":{"id":1526104051,"is_bot":false,"first_name":"Jahail","last_name":"Bambos","username":"JahailBambos","language_code":"ru"},"chat":{"id":1526104051,"first_name":"Jahail","last_name":"Bambos","username":"JahailBambos","type":"private"},"date":1763033709,"text":"/start","entities":[{"offset":0,"length":6,"type":"bot_command"}]}}

2025-11-13 15:38:48
{"update_id":856807252,
"message":{"message_id":102,"from":{"id":1526104051,"is_bot":false,"first_name":"Jahail","last_name":"Bambos","username":"JahailBambos","language_code":"ru"},"chat":{"id":1526104051,"first_name":"Jahail","last_name":"Bambos","username":"JahailBambos","type":"private"},"date":1763033709,"text":"/start","entities":[{"offset":0,"length":6,"type":"bot_command"}]}}

2025-11-13 15:39:55
{"update_id":856807252,
"message":{"message_id":102,"from":{"id":1526104051,"is_bot":false,"first_name":"Jahail","last_name":"Bambos","username":"JahailBambos","language_code":"ru"},"chat":{"id":1526104051,"first_name":"Jahail","last_name":"Bambos","username":"JahailBambos","type":"private"},"date":1763033709,"text":"/start","entities":[{"offset":0,"length":6,"type":"bot_command"}]}}

2025-11-13 15:41:23
{"update_id":856807252,
"message":{"message_id":102,"from":{"id":1526104051,"is_bot":false,"first_name":"Jahail","last_name":"Bambos","username":"JahailBambos","language_code":"ru"},"chat":{"id":1526104051,"first_name":"Jahail","last_name":"Bambos","username":"JahailBambos","type":"private"},"date":1763033709,"text":"/start","entities":[{"offset":0,"length":6,"type":"bot_command"}]}}

2025-11-13 15:42:24
{"update_id":856807252,
"message":{"message_id":102,"from":{"id":1526104051,"is_bot":false,"first_name":"Jahail","last_name":"Bambos","username":"JahailBambos","language_code":"ru"},"chat":{"id":1526104051,"first_name":"Jahail","last_name":"Bambos","username":"JahailBambos","type":"private"},"date":1763033709,"text":"/start","entities":[{"offset":0,"length":6,"type":"bot_command"}]}}

2025-11-13 15:44:11
{"update_id":856807252,
"message":{"message_id":102,"from":{"id":1526104051,"is_bot":false,"first_name":"Jahail","last_name":"Bambos","username":"JahailBambos","language_code":"ru"},"chat":{"id":1526104051,"first_name":"Jahail","last_name":"Bambos","username":"JahailBambos","type":"private"},"date":1763033709,"text":"/start","entities":[{"offset":0,"length":6,"type":"bot_command"}]}}

2025-11-13 15:45:39
{"update_id":856807252,
"message":{"message_id":102,"from":{"id":1526104051,"is_bot":false,"first_name":"Jahail","last_name":"Bambos","username":"JahailBambos","language_code":"ru"},"chat":{"id":1526104051,"first_name":"Jahail","last_name":"Bambos","username":"JahailBambos","type":"private"},"date":1763033709,"text":"/start","entities":[{"offset":0,"length":6,"type":"bot_command"}]}}

2025-11-13 15:47:17
{"update_id":856807252,
"message":{"message_id":102,"from":{"id":1526104051,"is_bot":false,"first_name":"Jahail","last_name":"Bambos","username":"JahailBambos","language_code":"ru"},"chat":{"id":1526104051,"first_name":"Jahail","last_name":"Bambos","username":"JahailBambos","type":"private"},"date":1763033709,"text":"/start","entities":[{"offset":0,"length":6,"type":"bot_command"}]}}

2025-11-13 15:49:04
{"update_id":856807252,
"message":{"message_id":102,"from":{"id":1526104051,"is_bot":false,"first_name":"Jahail","last_name":"Bambos","username":"JahailBambos","language_code":"ru"},"chat":{"id":1526104051,"first_name":"Jahail","last_name":"Bambos","username":"JahailBambos","type":"private"},"date":1763033709,"text":"/start","entities":[{"offset":0,"length":6,"type":"bot_command"}]}}

2025-11-13 15:50:37
{"update_id":856807252,
"message":{"message_id":102,"from":{"id":1526104051,"is_bot":false,"first_name":"Jahail","last_name":"Bambos","username":"JahailBambos","language_code":"ru"},"chat":{"id":1526104051,"first_name":"Jahail","last_name":"Bambos","username":"JahailBambos","type":"private"},"date":1763033709,"text":"/start","entities":[{"offset":0,"length":6,"type":"bot_command"}]}}

2025-11-13 15:52:26
{"update_id":856807252,
"message":{"message_id":102,"from":{"id":1526104051,"is_bot":false,"first_name":"Jahail","last_name":"Bambos","username":"JahailBambos","language_code":"ru"},"chat":{"id":1526104051,"first_name":"Jahail","last_name":"Bambos","username":"JahailBambos","type":"private"},"date":1763033709,"text":"/start","entities":[{"offset":0,"length":6,"type":"bot_command"}]}}

2025-11-13 15:54:04
{"update_id":856807252,
"message":{"message_id":102,"from":{"id":1526104051,"is_bot":false,"first_name":"Jahail","last_name":"Bambos","username":"JahailBambos","language_code":"ru"},"chat":{"id":1526104051,"first_name":"Jahail","last_name":"Bambos","username":"JahailBambos","type":"private"},"date":1763033709,"text":"/start","entities":[{"offset":0,"length":6,"type":"bot_command"}]}}

2025-11-13 15:55:52
{"update_id":856807252,
"message":{"message_id":102,"from":{"id":1526104051,"is_bot":false,"first_name":"Jahail","last_name":"Bambos","username":"JahailBambos","language_code":"ru"},"chat":{"id":1526104051,"first_name":"Jahail","last_name":"Bambos","username":"JahailBambos","type":"private"},"date":1763033709,"text":"/start","entities":[{"offset":0,"length":6,"type":"bot_command"}]}}

2025-11-13 15:56:52
{"update_id":856807252,
"message":{"message_id":102,"from":{"id":1526104051,"is_bot":false,"first_name":"Jahail","last_name":"Bambos","username":"JahailBambos","language_code":"ru"},"chat":{"id":1526104051,"first_name":"Jahail","last_name":"Bambos","username":"JahailBambos","type":"private"},"date":1763033709,"text":"/start","entities":[{"offset":0,"length":6,"type":"bot_command"}]}}

2025-11-13 15:58:45
{"update_id":856807252,
"message":{"message_id":102,"from":{"id":1526104051,"is_bot":false,"first_name":"Jahail","last_name":"Bambos","username":"JahailBambos","language_code":"ru"},"chat":{"id":1526104051,"first_name":"Jahail","last_name":"Bambos","username":"JahailBambos","type":"private"},"date":1763033709,"text":"/start","entities":[{"offset":0,"length":6,"type":"bot_command"}]}}

2025-11-13 16:00:11
{"update_id":856807252,
"message":{"message_id":102,"from":{"id":1526104051,"is_bot":false,"first_name":"Jahail","last_name":"Bambos","username":"JahailBambos","language_code":"ru"},"chat":{"id":1526104051,"first_name":"Jahail","last_name":"Bambos","username":"JahailBambos","type":"private"},"date":1763033709,"text":"/start","entities":[{"offset":0,"length":6,"type":"bot_command"}]}}

2025-11-13 16:01:42
{"update_id":856807252,
"message":{"message_id":102,"from":{"id":1526104051,"is_bot":false,"first_name":"Jahail","last_name":"Bambos","username":"JahailBambos","language_code":"ru"},"chat":{"id":1526104051,"first_name":"Jahail","last_name":"Bambos","username":"JahailBambos","type":"private"},"date":1763033709,"text":"/start","entities":[{"offset":0,"length":6,"type":"bot_command"}]}}

2025-11-13 16:03:22
{"update_id":856807252,
"message":{"message_id":102,"from":{"id":1526104051,"is_bot":false,"first_name":"Jahail","last_name":"Bambos","username":"JahailBambos","language_code":"ru"},"chat":{"id":1526104051,"first_name":"Jahail","last_name":"Bambos","username":"JahailBambos","type":"private"},"date":1763033709,"text":"/start","entities":[{"offset":0,"length":6,"type":"bot_command"}]}}

2025-11-13 16:04:49
{"update_id":856807252,
"message":{"message_id":102,"from":{"id":1526104051,"is_bot":false,"first_name":"Jahail","last_name":"Bambos","username":"JahailBambos","language_code":"ru"},"chat":{"id":1526104051,"first_name":"Jahail","last_name":"Bambos","username":"JahailBambos","type":"private"},"date":1763033709,"text":"/start","entities":[{"offset":0,"length":6,"type":"bot_command"}]}}

2025-11-13 16:06:28
{"update_id":856807252,
"message":{"message_id":102,"from":{"id":1526104051,"is_bot":false,"first_name":"Jahail","last_name":"Bambos","username":"JahailBambos","language_code":"ru"},"chat":{"id":1526104051,"first_name":"Jahail","last_name":"Bambos","username":"JahailBambos","type":"private"},"date":1763033709,"text":"/start","entities":[{"offset":0,"length":6,"type":"bot_command"}]}}

2025-11-13 16:07:53
{"update_id":856807252,
"message":{"message_id":102,"from":{"id":1526104051,"is_bot":false,"first_name":"Jahail","last_name":"Bambos","username":"JahailBambos","language_code":"ru"},"chat":{"id":1526104051,"first_name":"Jahail","last_name":"Bambos","username":"JahailBambos","type":"private"},"date":1763033709,"text":"/start","entities":[{"offset":0,"length":6,"type":"bot_command"}]}}

2025-11-13 16:09:00
{"update_id":856807252,
"message":{"message_id":102,"from":{"id":1526104051,"is_bot":false,"first_name":"Jahail","last_name":"Bambos","username":"JahailBambos","language_code":"ru"},"chat":{"id":1526104051,"first_name":"Jahail","last_name":"Bambos","username":"JahailBambos","type":"private"},"date":1763033709,"text":"/start","entities":[{"offset":0,"length":6,"type":"bot_command"}]}}

2025-11-13 16:10:41
{"update_id":856807252,
"message":{"message_id":102,"from":{"id":1526104051,"is_bot":false,"first_name":"Jahail","last_name":"Bambos","username":"JahailBambos","language_code":"ru"},"chat":{"id":1526104051,"first_name":"Jahail","last_name":"Bambos","username":"JahailBambos","type":"private"},"date":1763033709,"text":"/start","entities":[{"offset":0,"length":6,"type":"bot_command"}]}}

2025-11-13 16:12:10
{"update_id":856807252,
"message":{"message_id":102,"from":{"id":1526104051,"is_bot":false,"first_name":"Jahail","last_name":"Bambos","username":"JahailBambos","language_code":"ru"},"chat":{"id":1526104051,"first_name":"Jahail","last_name":"Bambos","username":"JahailBambos","type":"private"},"date":1763033709,"text":"/start","entities":[{"offset":0,"length":6,"type":"bot_command"}]}}

2025-11-13 16:13:32
{"update_id":856807252,
"message":{"message_id":102,"from":{"id":1526104051,"is_bot":false,"first_name":"Jahail","last_name":"Bambos","username":"JahailBambos","language_code":"ru"},"chat":{"id":1526104051,"first_name":"Jahail","last_name":"Bambos","username":"JahailBambos","type":"private"},"date":1763033709,"text":"/start","entities":[{"offset":0,"length":6,"type":"bot_command"}]}}

2025-11-13 16:15:32
{"update_id":856807252,
"message":{"message_id":102,"from":{"id":1526104051,"is_bot":false,"first_name":"Jahail","last_name":"Bambos","username":"JahailBambos","language_code":"ru"},"chat":{"id":1526104051,"first_name":"Jahail","last_name":"Bambos","username":"JahailBambos","type":"private"},"date":1763033709,"text":"/start","entities":[{"offset":0,"length":6,"type":"bot_command"}]}}

2025-11-13 16:16:58
{"update_id":856807252,
"message":{"message_id":102,"from":{"id":1526104051,"is_bot":false,"first_name":"Jahail","last_name":"Bambos","username":"JahailBambos","language_code":"ru"},"chat":{"id":1526104051,"first_name":"Jahail","last_name":"Bambos","username":"JahailBambos","type":"private"},"date":1763033709,"text":"/start","entities":[{"offset":0,"length":6,"type":"bot_command"}]}}

2025-11-13 16:18:22
{"update_id":856807252,
"message":{"message_id":102,"from":{"id":1526104051,"is_bot":false,"first_name":"Jahail","last_name":"Bambos","username":"JahailBambos","language_code":"ru"},"chat":{"id":1526104051,"first_name":"Jahail","last_name":"Bambos","username":"JahailBambos","type":"private"},"date":1763033709,"text":"/start","entities":[{"offset":0,"length":6,"type":"bot_command"}]}}

2025-11-13 16:20:11
{"update_id":856807252,
"message":{"message_id":102,"from":{"id":1526104051,"is_bot":false,"first_name":"Jahail","last_name":"Bambos","username":"JahailBambos","language_code":"ru"},"chat":{"id":1526104051,"first_name":"Jahail","last_name":"Bambos","username":"JahailBambos","type":"private"},"date":1763033709,"text":"/start","entities":[{"offset":0,"length":6,"type":"bot_command"}]}}

2025-11-13 16:22:05
{"update_id":856807252,
"message":{"message_id":102,"from":{"id":1526104051,"is_bot":false,"first_name":"Jahail","last_name":"Bambos","username":"JahailBambos","language_code":"ru"},"chat":{"id":1526104051,"first_name":"Jahail","last_name":"Bambos","username":"JahailBambos","type":"private"},"date":1763033709,"text":"/start","entities":[{"offset":0,"length":6,"type":"bot_command"}]}}

2025-11-13 16:23:08
{"update_id":856807252,
"message":{"message_id":102,"from":{"id":1526104051,"is_bot":false,"first_name":"Jahail","last_name":"Bambos","username":"JahailBambos","language_code":"ru"},"chat":{"id":1526104051,"first_name":"Jahail","last_name":"Bambos","username":"JahailBambos","type":"private"},"date":1763033709,"text":"/start","entities":[{"offset":0,"length":6,"type":"bot_command"}]}}

2025-11-13 16:24:32
{"update_id":856807252,
"message":{"message_id":102,"from":{"id":1526104051,"is_bot":false,"first_name":"Jahail","last_name":"Bambos","username":"JahailBambos","language_code":"ru"},"chat":{"id":1526104051,"first_name":"Jahail","last_name":"Bambos","username":"JahailBambos","type":"private"},"date":1763033709,"text":"/start","entities":[{"offset":0,"length":6,"type":"bot_command"}]}}

2025-11-13 16:25:35
{"update_id":856807252,
"message":{"message_id":102,"from":{"id":1526104051,"is_bot":false,"first_name":"Jahail","last_name":"Bambos","username":"JahailBambos","language_code":"ru"},"chat":{"id":1526104051,"first_name":"Jahail","last_name":"Bambos","username":"JahailBambos","type":"private"},"date":1763033709,"text":"/start","entities":[{"offset":0,"length":6,"type":"bot_command"}]}}

2025-11-13 16:26:35
{"update_id":856807252,
"message":{"message_id":102,"from":{"id":1526104051,"is_bot":false,"first_name":"Jahail","last_name":"Bambos","username":"JahailBambos","language_code":"ru"},"chat":{"id":1526104051,"first_name":"Jahail","last_name":"Bambos","username":"JahailBambos","type":"private"},"date":1763033709,"text":"/start","entities":[{"offset":0,"length":6,"type":"bot_command"}]}}

2025-11-13 16:28:06
{"update_id":856807252,
"message":{"message_id":102,"from":{"id":1526104051,"is_bot":false,"first_name":"Jahail","last_name":"Bambos","username":"JahailBambos","language_code":"ru"},"chat":{"id":1526104051,"first_name":"Jahail","last_name":"Bambos","username":"JahailBambos","type":"private"},"date":1763033709,"text":"/start","entities":[{"offset":0,"length":6,"type":"bot_command"}]}}

2025-11-13 16:29:15
{"update_id":856807252,
"message":{"message_id":102,"from":{"id":1526104051,"is_bot":false,"first_name":"Jahail","last_name":"Bambos","username":"JahailBambos","language_code":"ru"},"chat":{"id":1526104051,"first_name":"Jahail","last_name":"Bambos","username":"JahailBambos","type":"private"},"date":1763033709,"text":"/start","entities":[{"offset":0,"length":6,"type":"bot_command"}]}}

2025-11-13 16:30:32
{"update_id":856807252,
"message":{"message_id":102,"from":{"id":1526104051,"is_bot":false,"first_name":"Jahail","last_name":"Bambos","username":"JahailBambos","language_code":"ru"},"chat":{"id":1526104051,"first_name":"Jahail","last_name":"Bambos","username":"JahailBambos","type":"private"},"date":1763033709,"text":"/start","entities":[{"offset":0,"length":6,"type":"bot_command"}]}}

2025-11-13 16:32:10
{"update_id":856807252,
"message":{"message_id":102,"from":{"id":1526104051,"is_bot":false,"first_name":"Jahail","last_name":"Bambos","username":"JahailBambos","language_code":"ru"},"chat":{"id":1526104051,"first_name":"Jahail","last_name":"Bambos","username":"JahailBambos","type":"private"},"date":1763033709,"text":"/start","entities":[{"offset":0,"length":6,"type":"bot_command"}]}}

2025-11-13 16:33:44
{"update_id":856807252,
"message":{"message_id":102,"from":{"id":1526104051,"is_bot":false,"first_name":"Jahail","last_name":"Bambos","username":"JahailBambos","language_code":"ru"},"chat":{"id":1526104051,"first_name":"Jahail","last_name":"Bambos","username":"JahailBambos","type":"private"},"date":1763033709,"text":"/start","entities":[{"offset":0,"length":6,"type":"bot_command"}]}}

2025-11-13 16:35:29
{"update_id":856807252,
"message":{"message_id":102,"from":{"id":1526104051,"is_bot":false,"first_name":"Jahail","last_name":"Bambos","username":"JahailBambos","language_code":"ru"},"chat":{"id":1526104051,"first_name":"Jahail","last_name":"Bambos","username":"JahailBambos","type":"private"},"date":1763033709,"text":"/start","entities":[{"offset":0,"length":6,"type":"bot_command"}]}}

2025-11-13 16:36:55
{"update_id":856807252,
"message":{"message_id":102,"from":{"id":1526104051,"is_bot":false,"first_name":"Jahail","last_name":"Bambos","username":"JahailBambos","language_code":"ru"},"chat":{"id":1526104051,"first_name":"Jahail","last_name":"Bambos","username":"JahailBambos","type":"private"},"date":1763033709,"text":"/start","entities":[{"offset":0,"length":6,"type":"bot_command"}]}}

2025-11-13 16:38:27
{"update_id":856807252,
"message":{"message_id":102,"from":{"id":1526104051,"is_bot":false,"first_name":"Jahail","last_name":"Bambos","username":"JahailBambos","language_code":"ru"},"chat":{"id":1526104051,"first_name":"Jahail","last_name":"Bambos","username":"JahailBambos","type":"private"},"date":1763033709,"text":"/start","entities":[{"offset":0,"length":6,"type":"bot_command"}]}}

2025-11-13 16:40:08
{"update_id":856807252,
"message":{"message_id":102,"from":{"id":1526104051,"is_bot":false,"first_name":"Jahail","last_name":"Bambos","username":"JahailBambos","language_code":"ru"},"chat":{"id":1526104051,"first_name":"Jahail","last_name":"Bambos","username":"JahailBambos","type":"private"},"date":1763033709,"text":"/start","entities":[{"offset":0,"length":6,"type":"bot_command"}]}}

2025-11-13 16:41:31
{"update_id":856807252,
"message":{"message_id":102,"from":{"id":1526104051,"is_bot":false,"first_name":"Jahail","last_name":"Bambos","username":"JahailBambos","language_code":"ru"},"chat":{"id":1526104051,"first_name":"Jahail","last_name":"Bambos","username":"JahailBambos","type":"private"},"date":1763033709,"text":"/start","entities":[{"offset":0,"length":6,"type":"bot_command"}]}}

2025-11-13 16:42:49
{"update_id":856807252,
"message":{"message_id":102,"from":{"id":1526104051,"is_bot":false,"first_name":"Jahail","last_name":"Bambos","username":"JahailBambos","language_code":"ru"},"chat":{"id":1526104051,"first_name":"Jahail","last_name":"Bambos","username":"JahailBambos","type":"private"},"date":1763033709,"text":"/start","entities":[{"offset":0,"length":6,"type":"bot_command"}]}}

2025-11-13 16:44:13
{"update_id":856807252,
"message":{"message_id":102,"from":{"id":1526104051,"is_bot":false,"first_name":"Jahail","last_name":"Bambos","username":"JahailBambos","language_code":"ru"},"chat":{"id":1526104051,"first_name":"Jahail","last_name":"Bambos","username":"JahailBambos","type":"private"},"date":1763033709,"text":"/start","entities":[{"offset":0,"length":6,"type":"bot_command"}]}}

2025-11-13 16:45:35
{"update_id":856807252,
"message":{"message_id":102,"from":{"id":1526104051,"is_bot":false,"first_name":"Jahail","last_name":"Bambos","username":"JahailBambos","language_code":"ru"},"chat":{"id":1526104051,"first_name":"Jahail","last_name":"Bambos","username":"JahailBambos","type":"private"},"date":1763033709,"text":"/start","entities":[{"offset":0,"length":6,"type":"bot_command"}]}}

2025-11-13 16:47:28
{"update_id":856807252,
"message":{"message_id":102,"from":{"id":1526104051,"is_bot":false,"first_name":"Jahail","last_name":"Bambos","username":"JahailBambos","language_code":"ru"},"chat":{"id":1526104051,"first_name":"Jahail","last_name":"Bambos","username":"JahailBambos","type":"private"},"date":1763033709,"text":"/start","entities":[{"offset":0,"length":6,"type":"bot_command"}]}}

2025-11-13 16:49:06
{"update_id":856807252,
"message":{"message_id":102,"from":{"id":1526104051,"is_bot":false,"first_name":"Jahail","last_name":"Bambos","username":"JahailBambos","language_code":"ru"},"chat":{"id":1526104051,"first_name":"Jahail","last_name":"Bambos","username":"JahailBambos","type":"private"},"date":1763033709,"text":"/start","entities":[{"offset":0,"length":6,"type":"bot_command"}]}}

2025-11-13 16:52:33
{"update_id":856807252,
"message":{"message_id":102,"from":{"id":1526104051,"is_bot":false,"first_name":"Jahail","last_name":"Bambos","username":"JahailBambos","language_code":"ru"},"chat":{"id":1526104051,"first_name":"Jahail","last_name":"Bambos","username":"JahailBambos","type":"private"},"date":1763033709,"text":"/start","entities":[{"offset":0,"length":6,"type":"bot_command"}]}}

2025-11-13 16:53:39
{"update_id":856807252,
"message":{"message_id":102,"from":{"id":1526104051,"is_bot":false,"first_name":"Jahail","last_name":"Bambos","username":"JahailBambos","language_code":"ru"},"chat":{"id":1526104051,"first_name":"Jahail","last_name":"Bambos","username":"JahailBambos","type":"private"},"date":1763033709,"text":"/start","entities":[{"offset":0,"length":6,"type":"bot_command"}]}}

2025-11-13 16:55:33
{"update_id":856807252,
"message":{"message_id":102,"from":{"id":1526104051,"is_bot":false,"first_name":"Jahail","last_name":"Bambos","username":"JahailBambos","language_code":"ru"},"chat":{"id":1526104051,"first_name":"Jahail","last_name":"Bambos","username":"JahailBambos","type":"private"},"date":1763033709,"text":"/start","entities":[{"offset":0,"length":6,"type":"bot_command"}]}}

2025-11-13 16:56:49
{"update_id":856807252,
"message":{"message_id":102,"from":{"id":1526104051,"is_bot":false,"first_name":"Jahail","last_name":"Bambos","username":"JahailBambos","language_code":"ru"},"chat":{"id":1526104051,"first_name":"Jahail","last_name":"Bambos","username":"JahailBambos","type":"private"},"date":1763033709,"text":"/start","entities":[{"offset":0,"length":6,"type":"bot_command"}]}}

2025-11-13 16:58:10
{"update_id":856807252,
"message":{"message_id":102,"from":{"id":1526104051,"is_bot":false,"first_name":"Jahail","last_name":"Bambos","username":"JahailBambos","language_code":"ru"},"chat":{"id":1526104051,"first_name":"Jahail","last_name":"Bambos","username":"JahailBambos","type":"private"},"date":1763033709,"text":"/start","entities":[{"offset":0,"length":6,"type":"bot_command"}]}}

2025-11-13 16:59:50
{"update_id":856807252,
"message":{"message_id":102,"from":{"id":1526104051,"is_bot":false,"first_name":"Jahail","last_name":"Bambos","username":"JahailBambos","language_code":"ru"},"chat":{"id":1526104051,"first_name":"Jahail","last_name":"Bambos","username":"JahailBambos","type":"private"},"date":1763033709,"text":"/start","entities":[{"offset":0,"length":6,"type":"bot_command"}]}}

2025-11-13 17:00:59
{"update_id":856807252,
"message":{"message_id":102,"from":{"id":1526104051,"is_bot":false,"first_name":"Jahail","last_name":"Bambos","username":"JahailBambos","language_code":"ru"},"chat":{"id":1526104051,"first_name":"Jahail","last_name":"Bambos","username":"JahailBambos","type":"private"},"date":1763033709,"text":"/start","entities":[{"offset":0,"length":6,"type":"bot_command"}]}}

2025-11-13 17:02:36
{"update_id":856807252,
"message":{"message_id":102,"from":{"id":1526104051,"is_bot":false,"first_name":"Jahail","last_name":"Bambos","username":"JahailBambos","language_code":"ru"},"chat":{"id":1526104051,"first_name":"Jahail","last_name":"Bambos","username":"JahailBambos","type":"private"},"date":1763033709,"text":"/start","entities":[{"offset":0,"length":6,"type":"bot_command"}]}}

2025-11-13 17:04:18
{"update_id":856807252,
"message":{"message_id":102,"from":{"id":1526104051,"is_bot":false,"first_name":"Jahail","last_name":"Bambos","username":"JahailBambos","language_code":"ru"},"chat":{"id":1526104051,"first_name":"Jahail","last_name":"Bambos","username":"JahailBambos","type":"private"},"date":1763033709,"text":"/start","entities":[{"offset":0,"length":6,"type":"bot_command"}]}}

2025-11-13 17:05:41
{"update_id":856807252,
"message":{"message_id":102,"from":{"id":1526104051,"is_bot":false,"first_name":"Jahail","last_name":"Bambos","username":"JahailBambos","language_code":"ru"},"chat":{"id":1526104051,"first_name":"Jahail","last_name":"Bambos","username":"JahailBambos","type":"private"},"date":1763033709,"text":"/start","entities":[{"offset":0,"length":6,"type":"bot_command"}]}}

2025-11-13 17:06:52
{"update_id":856807252,
"message":{"message_id":102,"from":{"id":1526104051,"is_bot":false,"first_name":"Jahail","last_name":"Bambos","username":"JahailBambos","language_code":"ru"},"chat":{"id":1526104051,"first_name":"Jahail","last_name":"Bambos","username":"JahailBambos","type":"private"},"date":1763033709,"text":"/start","entities":[{"offset":0,"length":6,"type":"bot_command"}]}}

2025-11-13 17:08:32
{"update_id":856807252,
"message":{"message_id":102,"from":{"id":1526104051,"is_bot":false,"first_name":"Jahail","last_name":"Bambos","username":"JahailBambos","language_code":"ru"},"chat":{"id":1526104051,"first_name":"Jahail","last_name":"Bambos","username":"JahailBambos","type":"private"},"date":1763033709,"text":"/start","entities":[{"offset":0,"length":6,"type":"bot_command"}]}}

2025-11-13 17:09:43
{"update_id":856807252,
"message":{"message_id":102,"from":{"id":1526104051,"is_bot":false,"first_name":"Jahail","last_name":"Bambos","username":"JahailBambos","language_code":"ru"},"chat":{"id":1526104051,"first_name":"Jahail","last_name":"Bambos","username":"JahailBambos","type":"private"},"date":1763033709,"text":"/start","entities":[{"offset":0,"length":6,"type":"bot_command"}]}}

2025-11-13 17:11:41
{"update_id":856807252,
"message":{"message_id":102,"from":{"id":1526104051,"is_bot":false,"first_name":"Jahail","last_name":"Bambos","username":"JahailBambos","language_code":"ru"},"chat":{"id":1526104051,"first_name":"Jahail","last_name":"Bambos","username":"JahailBambos","type":"private"},"date":1763033709,"text":"/start","entities":[{"offset":0,"length":6,"type":"bot_command"}]}}

2025-11-13 17:12:41
{"update_id":856807252,
"message":{"message_id":102,"from":{"id":1526104051,"is_bot":false,"first_name":"Jahail","last_name":"Bambos","username":"JahailBambos","language_code":"ru"},"chat":{"id":1526104051,"first_name":"Jahail","last_name":"Bambos","username":"JahailBambos","type":"private"},"date":1763033709,"text":"/start","entities":[{"offset":0,"length":6,"type":"bot_command"}]}}

2025-11-13 17:13:48
{"update_id":856807252,
"message":{"message_id":102,"from":{"id":1526104051,"is_bot":false,"first_name":"Jahail","last_name":"Bambos","username":"JahailBambos","language_code":"ru"},"chat":{"id":1526104051,"first_name":"Jahail","last_name":"Bambos","username":"JahailBambos","type":"private"},"date":1763033709,"text":"/start","entities":[{"offset":0,"length":6,"type":"bot_command"}]}}

2025-11-13 17:15:12
{"update_id":856807252,
"message":{"message_id":102,"from":{"id":1526104051,"is_bot":false,"first_name":"Jahail","last_name":"Bambos","username":"JahailBambos","language_code":"ru"},"chat":{"id":1526104051,"first_name":"Jahail","last_name":"Bambos","username":"JahailBambos","type":"private"},"date":1763033709,"text":"/start","entities":[{"offset":0,"length":6,"type":"bot_command"}]}}

2025-11-13 17:16:46
{"update_id":856807252,
"message":{"message_id":102,"from":{"id":1526104051,"is_bot":false,"first_name":"Jahail","last_name":"Bambos","username":"JahailBambos","language_code":"ru"},"chat":{"id":1526104051,"first_name":"Jahail","last_name":"Bambos","username":"JahailBambos","type":"private"},"date":1763033709,"text":"/start","entities":[{"offset":0,"length":6,"type":"bot_command"}]}}

2025-11-13 17:18:32
{"update_id":856807252,
"message":{"message_id":102,"from":{"id":1526104051,"is_bot":false,"first_name":"Jahail","last_name":"Bambos","username":"JahailBambos","language_code":"ru"},"chat":{"id":1526104051,"first_name":"Jahail","last_name":"Bambos","username":"JahailBambos","type":"private"},"date":1763033709,"text":"/start","entities":[{"offset":0,"length":6,"type":"bot_command"}]}}

2025-11-13 17:20:24
{"update_id":856807252,
"message":{"message_id":102,"from":{"id":1526104051,"is_bot":false,"first_name":"Jahail","last_name":"Bambos","username":"JahailBambos","language_code":"ru"},"chat":{"id":1526104051,"first_name":"Jahail","last_name":"Bambos","username":"JahailBambos","type":"private"},"date":1763033709,"text":"/start","entities":[{"offset":0,"length":6,"type":"bot_command"}]}}

2025-11-13 17:21:48
{"update_id":856807252,
"message":{"message_id":102,"from":{"id":1526104051,"is_bot":false,"first_name":"Jahail","last_name":"Bambos","username":"JahailBambos","language_code":"ru"},"chat":{"id":1526104051,"first_name":"Jahail","last_name":"Bambos","username":"JahailBambos","type":"private"},"date":1763033709,"text":"/start","entities":[{"offset":0,"length":6,"type":"bot_command"}]}}

2025-11-13 17:23:05
{"update_id":856807252,
"message":{"message_id":102,"from":{"id":1526104051,"is_bot":false,"first_name":"Jahail","last_name":"Bambos","username":"JahailBambos","language_code":"ru"},"chat":{"id":1526104051,"first_name":"Jahail","last_name":"Bambos","username":"JahailBambos","type":"private"},"date":1763033709,"text":"/start","entities":[{"offset":0,"length":6,"type":"bot_command"}]}}

2025-11-13 17:25:03
{"update_id":856807252,
"message":{"message_id":102,"from":{"id":1526104051,"is_bot":false,"first_name":"Jahail","last_name":"Bambos","username":"JahailBambos","language_code":"ru"},"chat":{"id":1526104051,"first_name":"Jahail","last_name":"Bambos","username":"JahailBambos","type":"private"},"date":1763033709,"text":"/start","entities":[{"offset":0,"length":6,"type":"bot_command"}]}}

2025-11-13 17:26:10
{"update_id":856807252,
"message":{"message_id":102,"from":{"id":1526104051,"is_bot":false,"first_name":"Jahail","last_name":"Bambos","username":"JahailBambos","language_code":"ru"},"chat":{"id":1526104051,"first_name":"Jahail","last_name":"Bambos","username":"JahailBambos","type":"private"},"date":1763033709,"text":"/start","entities":[{"offset":0,"length":6,"type":"bot_command"}]}}

2025-11-13 17:27:26
{"update_id":856807252,
"message":{"message_id":102,"from":{"id":1526104051,"is_bot":false,"first_name":"Jahail","last_name":"Bambos","username":"JahailBambos","language_code":"ru"},"chat":{"id":1526104051,"first_name":"Jahail","last_name":"Bambos","username":"JahailBambos","type":"private"},"date":1763033709,"text":"/start","entities":[{"offset":0,"length":6,"type":"bot_command"}]}}

2025-11-13 17:29:13
{"update_id":856807252,
"message":{"message_id":102,"from":{"id":1526104051,"is_bot":false,"first_name":"Jahail","last_name":"Bambos","username":"JahailBambos","language_code":"ru"},"chat":{"id":1526104051,"first_name":"Jahail","last_name":"Bambos","username":"JahailBambos","type":"private"},"date":1763033709,"text":"/start","entities":[{"offset":0,"length":6,"type":"bot_command"}]}}

2025-11-13 17:31:06
{"update_id":856807252,
"message":{"message_id":102,"from":{"id":1526104051,"is_bot":false,"first_name":"Jahail","last_name":"Bambos","username":"JahailBambos","language_code":"ru"},"chat":{"id":1526104051,"first_name":"Jahail","last_name":"Bambos","username":"JahailBambos","type":"private"},"date":1763033709,"text":"/start","entities":[{"offset":0,"length":6,"type":"bot_command"}]}}

2025-11-13 17:32:15
{"update_id":856807252,
"message":{"message_id":102,"from":{"id":1526104051,"is_bot":false,"first_name":"Jahail","last_name":"Bambos","username":"JahailBambos","language_code":"ru"},"chat":{"id":1526104051,"first_name":"Jahail","last_name":"Bambos","username":"JahailBambos","type":"private"},"date":1763033709,"text":"/start","entities":[{"offset":0,"length":6,"type":"bot_command"}]}}

2025-11-13 17:33:31
{"update_id":856807252,
"message":{"message_id":102,"from":{"id":1526104051,"is_bot":false,"first_name":"Jahail","last_name":"Bambos","username":"JahailBambos","language_code":"ru"},"chat":{"id":1526104051,"first_name":"Jahail","last_name":"Bambos","username":"JahailBambos","type":"private"},"date":1763033709,"text":"/start","entities":[{"offset":0,"length":6,"type":"bot_command"}]}}

2025-11-13 17:34:31
{"update_id":856807252,
"message":{"message_id":102,"from":{"id":1526104051,"is_bot":false,"first_name":"Jahail","last_name":"Bambos","username":"JahailBambos","language_code":"ru"},"chat":{"id":1526104051,"first_name":"Jahail","last_name":"Bambos","username":"JahailBambos","type":"private"},"date":1763033709,"text":"/start","entities":[{"offset":0,"length":6,"type":"bot_command"}]}}

2025-11-13 17:36:05
{"update_id":856807252,
"message":{"message_id":102,"from":{"id":1526104051,"is_bot":false,"first_name":"Jahail","last_name":"Bambos","username":"JahailBambos","language_code":"ru"},"chat":{"id":1526104051,"first_name":"Jahail","last_name":"Bambos","username":"JahailBambos","type":"private"},"date":1763033709,"text":"/start","entities":[{"offset":0,"length":6,"type":"bot_command"}]}}

2025-11-13 17:38:03
{"update_id":856807252,
"message":{"message_id":102,"from":{"id":1526104051,"is_bot":false,"first_name":"Jahail","last_name":"Bambos","username":"JahailBambos","language_code":"ru"},"chat":{"id":1526104051,"first_name":"Jahail","last_name":"Bambos","username":"JahailBambos","type":"private"},"date":1763033709,"text":"/start","entities":[{"offset":0,"length":6,"type":"bot_command"}]}}

2025-11-13 17:39:05
{"update_id":856807252,
"message":{"message_id":102,"from":{"id":1526104051,"is_bot":false,"first_name":"Jahail","last_name":"Bambos","username":"JahailBambos","language_code":"ru"},"chat":{"id":1526104051,"first_name":"Jahail","last_name":"Bambos","username":"JahailBambos","type":"private"},"date":1763033709,"text":"/start","entities":[{"offset":0,"length":6,"type":"bot_command"}]}}

2025-11-13 17:40:55
{"update_id":856807252,
"message":{"message_id":102,"from":{"id":1526104051,"is_bot":false,"first_name":"Jahail","last_name":"Bambos","username":"JahailBambos","language_code":"ru"},"chat":{"id":1526104051,"first_name":"Jahail","last_name":"Bambos","username":"JahailBambos","type":"private"},"date":1763033709,"text":"/start","entities":[{"offset":0,"length":6,"type":"bot_command"}]}}

2025-11-13 17:42:52
{"update_id":856807252,
"message":{"message_id":102,"from":{"id":1526104051,"is_bot":false,"first_name":"Jahail","last_name":"Bambos","username":"JahailBambos","language_code":"ru"},"chat":{"id":1526104051,"first_name":"Jahail","last_name":"Bambos","username":"JahailBambos","type":"private"},"date":1763033709,"text":"/start","entities":[{"offset":0,"length":6,"type":"bot_command"}]}}

2025-11-13 17:43:58
{"update_id":856807252,
"message":{"message_id":102,"from":{"id":1526104051,"is_bot":false,"first_name":"Jahail","last_name":"Bambos","username":"JahailBambos","language_code":"ru"},"chat":{"id":1526104051,"first_name":"Jahail","last_name":"Bambos","username":"JahailBambos","type":"private"},"date":1763033709,"text":"/start","entities":[{"offset":0,"length":6,"type":"bot_command"}]}}

2025-11-13 17:45:05
{"update_id":856807252,
"message":{"message_id":102,"from":{"id":1526104051,"is_bot":false,"first_name":"Jahail","last_name":"Bambos","username":"JahailBambos","language_code":"ru"},"chat":{"id":1526104051,"first_name":"Jahail","last_name":"Bambos","username":"JahailBambos","type":"private"},"date":1763033709,"text":"/start","entities":[{"offset":0,"length":6,"type":"bot_command"}]}}

2025-11-13 17:47:00
{"update_id":856807252,
"message":{"message_id":102,"from":{"id":1526104051,"is_bot":false,"first_name":"Jahail","last_name":"Bambos","username":"JahailBambos","language_code":"ru"},"chat":{"id":1526104051,"first_name":"Jahail","last_name":"Bambos","username":"JahailBambos","type":"private"},"date":1763033709,"text":"/start","entities":[{"offset":0,"length":6,"type":"bot_command"}]}}

2025-11-13 17:48:14
{"update_id":856807252,
"message":{"message_id":102,"from":{"id":1526104051,"is_bot":false,"first_name":"Jahail","last_name":"Bambos","username":"JahailBambos","language_code":"ru"},"chat":{"id":1526104051,"first_name":"Jahail","last_name":"Bambos","username":"JahailBambos","type":"private"},"date":1763033709,"text":"/start","entities":[{"offset":0,"length":6,"type":"bot_command"}]}}

2025-11-13 17:49:21
{"update_id":856807252,
"message":{"message_id":102,"from":{"id":1526104051,"is_bot":false,"first_name":"Jahail","last_name":"Bambos","username":"JahailBambos","language_code":"ru"},"chat":{"id":1526104051,"first_name":"Jahail","last_name":"Bambos","username":"JahailBambos","type":"private"},"date":1763033709,"text":"/start","entities":[{"offset":0,"length":6,"type":"bot_command"}]}}

2025-11-13 17:51:01
{"update_id":856807252,
"message":{"message_id":102,"from":{"id":1526104051,"is_bot":false,"first_name":"Jahail","last_name":"Bambos","username":"JahailBambos","language_code":"ru"},"chat":{"id":1526104051,"first_name":"Jahail","last_name":"Bambos","username":"JahailBambos","type":"private"},"date":1763033709,"text":"/start","entities":[{"offset":0,"length":6,"type":"bot_command"}]}}

2025-11-13 17:52:51
{"update_id":856807252,
"message":{"message_id":102,"from":{"id":1526104051,"is_bot":false,"first_name":"Jahail","last_name":"Bambos","username":"JahailBambos","language_code":"ru"},"chat":{"id":1526104051,"first_name":"Jahail","last_name":"Bambos","username":"JahailBambos","type":"private"},"date":1763033709,"text":"/start","entities":[{"offset":0,"length":6,"type":"bot_command"}]}}

2025-11-13 17:54:19
{"update_id":856807252,
"message":{"message_id":102,"from":{"id":1526104051,"is_bot":false,"first_name":"Jahail","last_name":"Bambos","username":"JahailBambos","language_code":"ru"},"chat":{"id":1526104051,"first_name":"Jahail","last_name":"Bambos","username":"JahailBambos","type":"private"},"date":1763033709,"text":"/start","entities":[{"offset":0,"length":6,"type":"bot_command"}]}}

2025-11-13 17:56:04
{"update_id":856807252,
"message":{"message_id":102,"from":{"id":1526104051,"is_bot":false,"first_name":"Jahail","last_name":"Bambos","username":"JahailBambos","language_code":"ru"},"chat":{"id":1526104051,"first_name":"Jahail","last_name":"Bambos","username":"JahailBambos","type":"private"},"date":1763033709,"text":"/start","entities":[{"offset":0,"length":6,"type":"bot_command"}]}}

2025-11-13 17:57:12
{"update_id":856807252,
"message":{"message_id":102,"from":{"id":1526104051,"is_bot":false,"first_name":"Jahail","last_name":"Bambos","username":"JahailBambos","language_code":"ru"},"chat":{"id":1526104051,"first_name":"Jahail","last_name":"Bambos","username":"JahailBambos","type":"private"},"date":1763033709,"text":"/start","entities":[{"offset":0,"length":6,"type":"bot_command"}]}}

2025-11-13 17:58:32
{"update_id":856807252,
"message":{"message_id":102,"from":{"id":1526104051,"is_bot":false,"first_name":"Jahail","last_name":"Bambos","username":"JahailBambos","language_code":"ru"},"chat":{"id":1526104051,"first_name":"Jahail","last_name":"Bambos","username":"JahailBambos","type":"private"},"date":1763033709,"text":"/start","entities":[{"offset":0,"length":6,"type":"bot_command"}]}}

2025-11-13 18:00:12
{"update_id":856807252,
"message":{"message_id":102,"from":{"id":1526104051,"is_bot":false,"first_name":"Jahail","last_name":"Bambos","username":"JahailBambos","language_code":"ru"},"chat":{"id":1526104051,"first_name":"Jahail","last_name":"Bambos","username":"JahailBambos","type":"private"},"date":1763033709,"text":"/start","entities":[{"offset":0,"length":6,"type":"bot_command"}]}}

2025-11-13 18:02:06
{"update_id":856807252,
"message":{"message_id":102,"from":{"id":1526104051,"is_bot":false,"first_name":"Jahail","last_name":"Bambos","username":"JahailBambos","language_code":"ru"},"chat":{"id":1526104051,"first_name":"Jahail","last_name":"Bambos","username":"JahailBambos","type":"private"},"date":1763033709,"text":"/start","entities":[{"offset":0,"length":6,"type":"bot_command"}]}}

2025-11-13 18:03:18
{"update_id":856807252,
"message":{"message_id":102,"from":{"id":1526104051,"is_bot":false,"first_name":"Jahail","last_name":"Bambos","username":"JahailBambos","language_code":"ru"},"chat":{"id":1526104051,"first_name":"Jahail","last_name":"Bambos","username":"JahailBambos","type":"private"},"date":1763033709,"text":"/start","entities":[{"offset":0,"length":6,"type":"bot_command"}]}}

2025-11-13 18:04:59
{"update_id":856807252,
"message":{"message_id":102,"from":{"id":1526104051,"is_bot":false,"first_name":"Jahail","last_name":"Bambos","username":"JahailBambos","language_code":"ru"},"chat":{"id":1526104051,"first_name":"Jahail","last_name":"Bambos","username":"JahailBambos","type":"private"},"date":1763033709,"text":"/start","entities":[{"offset":0,"length":6,"type":"bot_command"}]}}

2025-11-13 18:06:27
{"update_id":856807252,
"message":{"message_id":102,"from":{"id":1526104051,"is_bot":false,"first_name":"Jahail","last_name":"Bambos","username":"JahailBambos","language_code":"ru"},"chat":{"id":1526104051,"first_name":"Jahail","last_name":"Bambos","username":"JahailBambos","type":"private"},"date":1763033709,"text":"/start","entities":[{"offset":0,"length":6,"type":"bot_command"}]}}

2025-11-13 18:08:01
{"update_id":856807252,
"message":{"message_id":102,"from":{"id":1526104051,"is_bot":false,"first_name":"Jahail","last_name":"Bambos","username":"JahailBambos","language_code":"ru"},"chat":{"id":1526104051,"first_name":"Jahail","last_name":"Bambos","username":"JahailBambos","type":"private"},"date":1763033709,"text":"/start","entities":[{"offset":0,"length":6,"type":"bot_command"}]}}

2025-11-13 18:09:46
{"update_id":856807252,
"message":{"message_id":102,"from":{"id":1526104051,"is_bot":false,"first_name":"Jahail","last_name":"Bambos","username":"JahailBambos","language_code":"ru"},"chat":{"id":1526104051,"first_name":"Jahail","last_name":"Bambos","username":"JahailBambos","type":"private"},"date":1763033709,"text":"/start","entities":[{"offset":0,"length":6,"type":"bot_command"}]}}

2025-11-13 18:11:02
{"update_id":856807252,
"message":{"message_id":102,"from":{"id":1526104051,"is_bot":false,"first_name":"Jahail","last_name":"Bambos","username":"JahailBambos","language_code":"ru"},"chat":{"id":1526104051,"first_name":"Jahail","last_name":"Bambos","username":"JahailBambos","type":"private"},"date":1763033709,"text":"/start","entities":[{"offset":0,"length":6,"type":"bot_command"}]}}

2025-11-13 18:12:11
{"update_id":856807252,
"message":{"message_id":102,"from":{"id":1526104051,"is_bot":false,"first_name":"Jahail","last_name":"Bambos","username":"JahailBambos","language_code":"ru"},"chat":{"id":1526104051,"first_name":"Jahail","last_name":"Bambos","username":"JahailBambos","type":"private"},"date":1763033709,"text":"/start","entities":[{"offset":0,"length":6,"type":"bot_command"}]}}

2025-11-13 18:13:49
{"update_id":856807252,
"message":{"message_id":102,"from":{"id":1526104051,"is_bot":false,"first_name":"Jahail","last_name":"Bambos","username":"JahailBambos","language_code":"ru"},"chat":{"id":1526104051,"first_name":"Jahail","last_name":"Bambos","username":"JahailBambos","type":"private"},"date":1763033709,"text":"/start","entities":[{"offset":0,"length":6,"type":"bot_command"}]}}

2025-11-13 18:15:35
{"update_id":856807252,
"message":{"message_id":102,"from":{"id":1526104051,"is_bot":false,"first_name":"Jahail","last_name":"Bambos","username":"JahailBambos","language_code":"ru"},"chat":{"id":1526104051,"first_name":"Jahail","last_name":"Bambos","username":"JahailBambos","type":"private"},"date":1763033709,"text":"/start","entities":[{"offset":0,"length":6,"type":"bot_command"}]}}

2025-11-13 18:17:33
{"update_id":856807252,
"message":{"message_id":102,"from":{"id":1526104051,"is_bot":false,"first_name":"Jahail","last_name":"Bambos","username":"JahailBambos","language_code":"ru"},"chat":{"id":1526104051,"first_name":"Jahail","last_name":"Bambos","username":"JahailBambos","type":"private"},"date":1763033709,"text":"/start","entities":[{"offset":0,"length":6,"type":"bot_command"}]}}

2025-11-13 18:19:09
{"update_id":856807252,
"message":{"message_id":102,"from":{"id":1526104051,"is_bot":false,"first_name":"Jahail","last_name":"Bambos","username":"JahailBambos","language_code":"ru"},"chat":{"id":1526104051,"first_name":"Jahail","last_name":"Bambos","username":"JahailBambos","type":"private"},"date":1763033709,"text":"/start","entities":[{"offset":0,"length":6,"type":"bot_command"}]}}

2025-11-13 18:21:09
{"update_id":856807252,
"message":{"message_id":102,"from":{"id":1526104051,"is_bot":false,"first_name":"Jahail","last_name":"Bambos","username":"JahailBambos","language_code":"ru"},"chat":{"id":1526104051,"first_name":"Jahail","last_name":"Bambos","username":"JahailBambos","type":"private"},"date":1763033709,"text":"/start","entities":[{"offset":0,"length":6,"type":"bot_command"}]}}

2025-11-13 18:22:33
{"update_id":856807252,
"message":{"message_id":102,"from":{"id":1526104051,"is_bot":false,"first_name":"Jahail","last_name":"Bambos","username":"JahailBambos","language_code":"ru"},"chat":{"id":1526104051,"first_name":"Jahail","last_name":"Bambos","username":"JahailBambos","type":"private"},"date":1763033709,"text":"/start","entities":[{"offset":0,"length":6,"type":"bot_command"}]}}

2025-11-13 18:24:08
{"update_id":856807252,
"message":{"message_id":102,"from":{"id":1526104051,"is_bot":false,"first_name":"Jahail","last_name":"Bambos","username":"JahailBambos","language_code":"ru"},"chat":{"id":1526104051,"first_name":"Jahail","last_name":"Bambos","username":"JahailBambos","type":"private"},"date":1763033709,"text":"/start","entities":[{"offset":0,"length":6,"type":"bot_command"}]}}

2025-11-13 18:25:28
{"update_id":856807252,
"message":{"message_id":102,"from":{"id":1526104051,"is_bot":false,"first_name":"Jahail","last_name":"Bambos","username":"JahailBambos","language_code":"ru"},"chat":{"id":1526104051,"first_name":"Jahail","last_name":"Bambos","username":"JahailBambos","type":"private"},"date":1763033709,"text":"/start","entities":[{"offset":0,"length":6,"type":"bot_command"}]}}

2025-11-13 18:27:15
{"update_id":856807252,
"message":{"message_id":102,"from":{"id":1526104051,"is_bot":false,"first_name":"Jahail","last_name":"Bambos","username":"JahailBambos","language_code":"ru"},"chat":{"id":1526104051,"first_name":"Jahail","last_name":"Bambos","username":"JahailBambos","type":"private"},"date":1763033709,"text":"/start","entities":[{"offset":0,"length":6,"type":"bot_command"}]}}

2025-11-13 18:28:16
{"update_id":856807252,
"message":{"message_id":102,"from":{"id":1526104051,"is_bot":false,"first_name":"Jahail","last_name":"Bambos","username":"JahailBambos","language_code":"ru"},"chat":{"id":1526104051,"first_name":"Jahail","last_name":"Bambos","username":"JahailBambos","type":"private"},"date":1763033709,"text":"/start","entities":[{"offset":0,"length":6,"type":"bot_command"}]}}

2025-11-13 18:30:13
{"update_id":856807252,
"message":{"message_id":102,"from":{"id":1526104051,"is_bot":false,"first_name":"Jahail","last_name":"Bambos","username":"JahailBambos","language_code":"ru"},"chat":{"id":1526104051,"first_name":"Jahail","last_name":"Bambos","username":"JahailBambos","type":"private"},"date":1763033709,"text":"/start","entities":[{"offset":0,"length":6,"type":"bot_command"}]}}

2025-11-13 18:32:11
{"update_id":856807252,
"message":{"message_id":102,"from":{"id":1526104051,"is_bot":false,"first_name":"Jahail","last_name":"Bambos","username":"JahailBambos","language_code":"ru"},"chat":{"id":1526104051,"first_name":"Jahail","last_name":"Bambos","username":"JahailBambos","type":"private"},"date":1763033709,"text":"/start","entities":[{"offset":0,"length":6,"type":"bot_command"}]}}

2025-11-13 18:33:29
{"update_id":856807252,
"message":{"message_id":102,"from":{"id":1526104051,"is_bot":false,"first_name":"Jahail","last_name":"Bambos","username":"JahailBambos","language_code":"ru"},"chat":{"id":1526104051,"first_name":"Jahail","last_name":"Bambos","username":"JahailBambos","type":"private"},"date":1763033709,"text":"/start","entities":[{"offset":0,"length":6,"type":"bot_command"}]}}

2025-11-13 18:35:04
{"update_id":856807252,
"message":{"message_id":102,"from":{"id":1526104051,"is_bot":false,"first_name":"Jahail","last_name":"Bambos","username":"JahailBambos","language_code":"ru"},"chat":{"id":1526104051,"first_name":"Jahail","last_name":"Bambos","username":"JahailBambos","type":"private"},"date":1763033709,"text":"/start","entities":[{"offset":0,"length":6,"type":"bot_command"}]}}

2025-11-13 18:36:16
{"update_id":856807252,
"message":{"message_id":102,"from":{"id":1526104051,"is_bot":false,"first_name":"Jahail","last_name":"Bambos","username":"JahailBambos","language_code":"ru"},"chat":{"id":1526104051,"first_name":"Jahail","last_name":"Bambos","username":"JahailBambos","type":"private"},"date":1763033709,"text":"/start","entities":[{"offset":0,"length":6,"type":"bot_command"}]}}

2025-11-13 18:37:33
{"update_id":856807252,
"message":{"message_id":102,"from":{"id":1526104051,"is_bot":false,"first_name":"Jahail","last_name":"Bambos","username":"JahailBambos","language_code":"ru"},"chat":{"id":1526104051,"first_name":"Jahail","last_name":"Bambos","username":"JahailBambos","type":"private"},"date":1763033709,"text":"/start","entities":[{"offset":0,"length":6,"type":"bot_command"}]}}

2025-11-13 18:39:20
{"update_id":856807252,
"message":{"message_id":102,"from":{"id":1526104051,"is_bot":false,"first_name":"Jahail","last_name":"Bambos","username":"JahailBambos","language_code":"ru"},"chat":{"id":1526104051,"first_name":"Jahail","last_name":"Bambos","username":"JahailBambos","type":"private"},"date":1763033709,"text":"/start","entities":[{"offset":0,"length":6,"type":"bot_command"}]}}

2025-11-13 18:40:40
{"update_id":856807252,
"message":{"message_id":102,"from":{"id":1526104051,"is_bot":false,"first_name":"Jahail","last_name":"Bambos","username":"JahailBambos","language_code":"ru"},"chat":{"id":1526104051,"first_name":"Jahail","last_name":"Bambos","username":"JahailBambos","type":"private"},"date":1763033709,"text":"/start","entities":[{"offset":0,"length":6,"type":"bot_command"}]}}

2025-11-13 18:41:55
{"update_id":856807252,
"message":{"message_id":102,"from":{"id":1526104051,"is_bot":false,"first_name":"Jahail","last_name":"Bambos","username":"JahailBambos","language_code":"ru"},"chat":{"id":1526104051,"first_name":"Jahail","last_name":"Bambos","username":"JahailBambos","type":"private"},"date":1763033709,"text":"/start","entities":[{"offset":0,"length":6,"type":"bot_command"}]}}

2025-11-13 18:43:10
{"update_id":856807252,
"message":{"message_id":102,"from":{"id":1526104051,"is_bot":false,"first_name":"Jahail","last_name":"Bambos","username":"JahailBambos","language_code":"ru"},"chat":{"id":1526104051,"first_name":"Jahail","last_name":"Bambos","username":"JahailBambos","type":"private"},"date":1763033709,"text":"/start","entities":[{"offset":0,"length":6,"type":"bot_command"}]}}

2025-11-13 18:44:16
{"update_id":856807252,
"message":{"message_id":102,"from":{"id":1526104051,"is_bot":false,"first_name":"Jahail","last_name":"Bambos","username":"JahailBambos","language_code":"ru"},"chat":{"id":1526104051,"first_name":"Jahail","last_name":"Bambos","username":"JahailBambos","type":"private"},"date":1763033709,"text":"/start","entities":[{"offset":0,"length":6,"type":"bot_command"}]}}

2025-11-13 18:45:36
{"update_id":856807252,
"message":{"message_id":102,"from":{"id":1526104051,"is_bot":false,"first_name":"Jahail","last_name":"Bambos","username":"JahailBambos","language_code":"ru"},"chat":{"id":1526104051,"first_name":"Jahail","last_name":"Bambos","username":"JahailBambos","type":"private"},"date":1763033709,"text":"/start","entities":[{"offset":0,"length":6,"type":"bot_command"}]}}

2025-11-13 18:47:24
{"update_id":856807252,
"message":{"message_id":102,"from":{"id":1526104051,"is_bot":false,"first_name":"Jahail","last_name":"Bambos","username":"JahailBambos","language_code":"ru"},"chat":{"id":1526104051,"first_name":"Jahail","last_name":"Bambos","username":"JahailBambos","type":"private"},"date":1763033709,"text":"/start","entities":[{"offset":0,"length":6,"type":"bot_command"}]}}

2025-11-13 18:49:22
{"update_id":856807252,
"message":{"message_id":102,"from":{"id":1526104051,"is_bot":false,"first_name":"Jahail","last_name":"Bambos","username":"JahailBambos","language_code":"ru"},"chat":{"id":1526104051,"first_name":"Jahail","last_name":"Bambos","username":"JahailBambos","type":"private"},"date":1763033709,"text":"/start","entities":[{"offset":0,"length":6,"type":"bot_command"}]}}

2025-11-13 18:50:45
{"update_id":856807252,
"message":{"message_id":102,"from":{"id":1526104051,"is_bot":false,"first_name":"Jahail","last_name":"Bambos","username":"JahailBambos","language_code":"ru"},"chat":{"id":1526104051,"first_name":"Jahail","last_name":"Bambos","username":"JahailBambos","type":"private"},"date":1763033709,"text":"/start","entities":[{"offset":0,"length":6,"type":"bot_command"}]}}

2025-11-13 18:52:09
{"update_id":856807252,
"message":{"message_id":102,"from":{"id":1526104051,"is_bot":false,"first_name":"Jahail","last_name":"Bambos","username":"JahailBambos","language_code":"ru"},"chat":{"id":1526104051,"first_name":"Jahail","last_name":"Bambos","username":"JahailBambos","type":"private"},"date":1763033709,"text":"/start","entities":[{"offset":0,"length":6,"type":"bot_command"}]}}

2025-11-13 18:53:28
{"update_id":856807252,
"message":{"message_id":102,"from":{"id":1526104051,"is_bot":false,"first_name":"Jahail","last_name":"Bambos","username":"JahailBambos","language_code":"ru"},"chat":{"id":1526104051,"first_name":"Jahail","last_name":"Bambos","username":"JahailBambos","type":"private"},"date":1763033709,"text":"/start","entities":[{"offset":0,"length":6,"type":"bot_command"}]}}

2025-11-13 18:54:33
{"update_id":856807252,
"message":{"message_id":102,"from":{"id":1526104051,"is_bot":false,"first_name":"Jahail","last_name":"Bambos","username":"JahailBambos","language_code":"ru"},"chat":{"id":1526104051,"first_name":"Jahail","last_name":"Bambos","username":"JahailBambos","type":"private"},"date":1763033709,"text":"/start","entities":[{"offset":0,"length":6,"type":"bot_command"}]}}

2025-11-13 18:55:47
{"update_id":856807252,
"message":{"message_id":102,"from":{"id":1526104051,"is_bot":false,"first_name":"Jahail","last_name":"Bambos","username":"JahailBambos","language_code":"ru"},"chat":{"id":1526104051,"first_name":"Jahail","last_name":"Bambos","username":"JahailBambos","type":"private"},"date":1763033709,"text":"/start","entities":[{"offset":0,"length":6,"type":"bot_command"}]}}

2025-11-13 18:57:34
{"update_id":856807252,
"message":{"message_id":102,"from":{"id":1526104051,"is_bot":false,"first_name":"Jahail","last_name":"Bambos","username":"JahailBambos","language_code":"ru"},"chat":{"id":1526104051,"first_name":"Jahail","last_name":"Bambos","username":"JahailBambos","type":"private"},"date":1763033709,"text":"/start","entities":[{"offset":0,"length":6,"type":"bot_command"}]}}

2025-11-13 18:59:15
{"update_id":856807252,
"message":{"message_id":102,"from":{"id":1526104051,"is_bot":false,"first_name":"Jahail","last_name":"Bambos","username":"JahailBambos","language_code":"ru"},"chat":{"id":1526104051,"first_name":"Jahail","last_name":"Bambos","username":"JahailBambos","type":"private"},"date":1763033709,"text":"/start","entities":[{"offset":0,"length":6,"type":"bot_command"}]}}

2025-11-13 19:00:30
{"update_id":856807252,
"message":{"message_id":102,"from":{"id":1526104051,"is_bot":false,"first_name":"Jahail","last_name":"Bambos","username":"JahailBambos","language_code":"ru"},"chat":{"id":1526104051,"first_name":"Jahail","last_name":"Bambos","username":"JahailBambos","type":"private"},"date":1763033709,"text":"/start","entities":[{"offset":0,"length":6,"type":"bot_command"}]}}

2025-11-13 19:01:38
{"update_id":856807252,
"message":{"message_id":102,"from":{"id":1526104051,"is_bot":false,"first_name":"Jahail","last_name":"Bambos","username":"JahailBambos","language_code":"ru"},"chat":{"id":1526104051,"first_name":"Jahail","last_name":"Bambos","username":"JahailBambos","type":"private"},"date":1763033709,"text":"/start","entities":[{"offset":0,"length":6,"type":"bot_command"}]}}

2025-11-13 19:03:18
{"update_id":856807252,
"message":{"message_id":102,"from":{"id":1526104051,"is_bot":false,"first_name":"Jahail","last_name":"Bambos","username":"JahailBambos","language_code":"ru"},"chat":{"id":1526104051,"first_name":"Jahail","last_name":"Bambos","username":"JahailBambos","type":"private"},"date":1763033709,"text":"/start","entities":[{"offset":0,"length":6,"type":"bot_command"}]}}

2025-11-13 19:04:28
{"update_id":856807252,
"message":{"message_id":102,"from":{"id":1526104051,"is_bot":false,"first_name":"Jahail","last_name":"Bambos","username":"JahailBambos","language_code":"ru"},"chat":{"id":1526104051,"first_name":"Jahail","last_name":"Bambos","username":"JahailBambos","type":"private"},"date":1763033709,"text":"/start","entities":[{"offset":0,"length":6,"type":"bot_command"}]}}

2025-11-13 19:05:52
{"update_id":856807252,
"message":{"message_id":102,"from":{"id":1526104051,"is_bot":false,"first_name":"Jahail","last_name":"Bambos","username":"JahailBambos","language_code":"ru"},"chat":{"id":1526104051,"first_name":"Jahail","last_name":"Bambos","username":"JahailBambos","type":"private"},"date":1763033709,"text":"/start","entities":[{"offset":0,"length":6,"type":"bot_command"}]}}

2025-11-13 19:07:39
{"update_id":856807252,
"message":{"message_id":102,"from":{"id":1526104051,"is_bot":false,"first_name":"Jahail","last_name":"Bambos","username":"JahailBambos","language_code":"ru"},"chat":{"id":1526104051,"first_name":"Jahail","last_name":"Bambos","username":"JahailBambos","type":"private"},"date":1763033709,"text":"/start","entities":[{"offset":0,"length":6,"type":"bot_command"}]}}

2025-11-13 19:09:28
{"update_id":856807252,
"message":{"message_id":102,"from":{"id":1526104051,"is_bot":false,"first_name":"Jahail","last_name":"Bambos","username":"JahailBambos","language_code":"ru"},"chat":{"id":1526104051,"first_name":"Jahail","last_name":"Bambos","username":"JahailBambos","type":"private"},"date":1763033709,"text":"/start","entities":[{"offset":0,"length":6,"type":"bot_command"}]}}

2025-11-13 19:10:31
{"update_id":856807252,
"message":{"message_id":102,"from":{"id":1526104051,"is_bot":false,"first_name":"Jahail","last_name":"Bambos","username":"JahailBambos","language_code":"ru"},"chat":{"id":1526104051,"first_name":"Jahail","last_name":"Bambos","username":"JahailBambos","type":"private"},"date":1763033709,"text":"/start","entities":[{"offset":0,"length":6,"type":"bot_command"}]}}

2025-11-13 19:12:03
{"update_id":856807252,
"message":{"message_id":102,"from":{"id":1526104051,"is_bot":false,"first_name":"Jahail","last_name":"Bambos","username":"JahailBambos","language_code":"ru"},"chat":{"id":1526104051,"first_name":"Jahail","last_name":"Bambos","username":"JahailBambos","type":"private"},"date":1763033709,"text":"/start","entities":[{"offset":0,"length":6,"type":"bot_command"}]}}

2025-11-13 19:13:06
{"update_id":856807252,
"message":{"message_id":102,"from":{"id":1526104051,"is_bot":false,"first_name":"Jahail","last_name":"Bambos","username":"JahailBambos","language_code":"ru"},"chat":{"id":1526104051,"first_name":"Jahail","last_name":"Bambos","username":"JahailBambos","type":"private"},"date":1763033709,"text":"/start","entities":[{"offset":0,"length":6,"type":"bot_command"}]}}

2025-11-13 19:14:10
{"update_id":856807252,
"message":{"message_id":102,"from":{"id":1526104051,"is_bot":false,"first_name":"Jahail","last_name":"Bambos","username":"JahailBambos","language_code":"ru"},"chat":{"id":1526104051,"first_name":"Jahail","last_name":"Bambos","username":"JahailBambos","type":"private"},"date":1763033709,"text":"/start","entities":[{"offset":0,"length":6,"type":"bot_command"}]}}

2025-11-13 19:15:53
{"update_id":856807252,
"message":{"message_id":102,"from":{"id":1526104051,"is_bot":false,"first_name":"Jahail","last_name":"Bambos","username":"JahailBambos","language_code":"ru"},"chat":{"id":1526104051,"first_name":"Jahail","last_name":"Bambos","username":"JahailBambos","type":"private"},"date":1763033709,"text":"/start","entities":[{"offset":0,"length":6,"type":"bot_command"}]}}

2025-11-13 19:17:22
{"update_id":856807252,
"message":{"message_id":102,"from":{"id":1526104051,"is_bot":false,"first_name":"Jahail","last_name":"Bambos","username":"JahailBambos","language_code":"ru"},"chat":{"id":1526104051,"first_name":"Jahail","last_name":"Bambos","username":"JahailBambos","type":"private"},"date":1763033709,"text":"/start","entities":[{"offset":0,"length":6,"type":"bot_command"}]}}

2025-11-13 19:18:58
{"update_id":856807252,
"message":{"message_id":102,"from":{"id":1526104051,"is_bot":false,"first_name":"Jahail","last_name":"Bambos","username":"JahailBambos","language_code":"ru"},"chat":{"id":1526104051,"first_name":"Jahail","last_name":"Bambos","username":"JahailBambos","type":"private"},"date":1763033709,"text":"/start","entities":[{"offset":0,"length":6,"type":"bot_command"}]}}

2025-11-13 19:20:52
{"update_id":856807252,
"message":{"message_id":102,"from":{"id":1526104051,"is_bot":false,"first_name":"Jahail","last_name":"Bambos","username":"JahailBambos","language_code":"ru"},"chat":{"id":1526104051,"first_name":"Jahail","last_name":"Bambos","username":"JahailBambos","type":"private"},"date":1763033709,"text":"/start","entities":[{"offset":0,"length":6,"type":"bot_command"}]}}

2025-11-13 19:21:56
{"update_id":856807252,
"message":{"message_id":102,"from":{"id":1526104051,"is_bot":false,"first_name":"Jahail","last_name":"Bambos","username":"JahailBambos","language_code":"ru"},"chat":{"id":1526104051,"first_name":"Jahail","last_name":"Bambos","username":"JahailBambos","type":"private"},"date":1763033709,"text":"/start","entities":[{"offset":0,"length":6,"type":"bot_command"}]}}

2025-11-13 19:23:17
{"update_id":856807252,
"message":{"message_id":102,"from":{"id":1526104051,"is_bot":false,"first_name":"Jahail","last_name":"Bambos","username":"JahailBambos","language_code":"ru"},"chat":{"id":1526104051,"first_name":"Jahail","last_name":"Bambos","username":"JahailBambos","type":"private"},"date":1763033709,"text":"/start","entities":[{"offset":0,"length":6,"type":"bot_command"}]}}

2025-11-13 19:24:17
{"update_id":856807252,
"message":{"message_id":102,"from":{"id":1526104051,"is_bot":false,"first_name":"Jahail","last_name":"Bambos","username":"JahailBambos","language_code":"ru"},"chat":{"id":1526104051,"first_name":"Jahail","last_name":"Bambos","username":"JahailBambos","type":"private"},"date":1763033709,"text":"/start","entities":[{"offset":0,"length":6,"type":"bot_command"}]}}

2025-11-13 19:25:59
{"update_id":856807252,
"message":{"message_id":102,"from":{"id":1526104051,"is_bot":false,"first_name":"Jahail","last_name":"Bambos","username":"JahailBambos","language_code":"ru"},"chat":{"id":1526104051,"first_name":"Jahail","last_name":"Bambos","username":"JahailBambos","type":"private"},"date":1763033709,"text":"/start","entities":[{"offset":0,"length":6,"type":"bot_command"}]}}

2025-11-13 19:27:50
{"update_id":856807252,
"message":{"message_id":102,"from":{"id":1526104051,"is_bot":false,"first_name":"Jahail","last_name":"Bambos","username":"JahailBambos","language_code":"ru"},"chat":{"id":1526104051,"first_name":"Jahail","last_name":"Bambos","username":"JahailBambos","type":"private"},"date":1763033709,"text":"/start","entities":[{"offset":0,"length":6,"type":"bot_command"}]}}

2025-11-13 19:29:14
{"update_id":856807252,
"message":{"message_id":102,"from":{"id":1526104051,"is_bot":false,"first_name":"Jahail","last_name":"Bambos","username":"JahailBambos","language_code":"ru"},"chat":{"id":1526104051,"first_name":"Jahail","last_name":"Bambos","username":"JahailBambos","type":"private"},"date":1763033709,"text":"/start","entities":[{"offset":0,"length":6,"type":"bot_command"}]}}

2025-11-13 19:30:48
{"update_id":856807252,
"message":{"message_id":102,"from":{"id":1526104051,"is_bot":false,"first_name":"Jahail","last_name":"Bambos","username":"JahailBambos","language_code":"ru"},"chat":{"id":1526104051,"first_name":"Jahail","last_name":"Bambos","username":"JahailBambos","type":"private"},"date":1763033709,"text":"/start","entities":[{"offset":0,"length":6,"type":"bot_command"}]}}

2025-11-13 19:32:39
{"update_id":856807252,
"message":{"message_id":102,"from":{"id":1526104051,"is_bot":false,"first_name":"Jahail","last_name":"Bambos","username":"JahailBambos","language_code":"ru"},"chat":{"id":1526104051,"first_name":"Jahail","last_name":"Bambos","username":"JahailBambos","type":"private"},"date":1763033709,"text":"/start","entities":[{"offset":0,"length":6,"type":"bot_command"}]}}

2025-11-13 19:34:29
{"update_id":856807252,
"message":{"message_id":102,"from":{"id":1526104051,"is_bot":false,"first_name":"Jahail","last_name":"Bambos","username":"JahailBambos","language_code":"ru"},"chat":{"id":1526104051,"first_name":"Jahail","last_name":"Bambos","username":"JahailBambos","type":"private"},"date":1763033709,"text":"/start","entities":[{"offset":0,"length":6,"type":"bot_command"}]}}

2025-11-13 19:35:46
{"update_id":856807252,
"message":{"message_id":102,"from":{"id":1526104051,"is_bot":false,"first_name":"Jahail","last_name":"Bambos","username":"JahailBambos","language_code":"ru"},"chat":{"id":1526104051,"first_name":"Jahail","last_name":"Bambos","username":"JahailBambos","type":"private"},"date":1763033709,"text":"/start","entities":[{"offset":0,"length":6,"type":"bot_command"}]}}

2025-11-13 19:37:26
{"update_id":856807252,
"message":{"message_id":102,"from":{"id":1526104051,"is_bot":false,"first_name":"Jahail","last_name":"Bambos","username":"JahailBambos","language_code":"ru"},"chat":{"id":1526104051,"first_name":"Jahail","last_name":"Bambos","username":"JahailBambos","type":"private"},"date":1763033709,"text":"/start","entities":[{"offset":0,"length":6,"type":"bot_command"}]}}

2025-11-13 19:39:06
{"update_id":856807252,
"message":{"message_id":102,"from":{"id":1526104051,"is_bot":false,"first_name":"Jahail","last_name":"Bambos","username":"JahailBambos","language_code":"ru"},"chat":{"id":1526104051,"first_name":"Jahail","last_name":"Bambos","username":"JahailBambos","type":"private"},"date":1763033709,"text":"/start","entities":[{"offset":0,"length":6,"type":"bot_command"}]}}

2025-11-13 19:40:38
{"update_id":856807252,
"message":{"message_id":102,"from":{"id":1526104051,"is_bot":false,"first_name":"Jahail","last_name":"Bambos","username":"JahailBambos","language_code":"ru"},"chat":{"id":1526104051,"first_name":"Jahail","last_name":"Bambos","username":"JahailBambos","type":"private"},"date":1763033709,"text":"/start","entities":[{"offset":0,"length":6,"type":"bot_command"}]}}

2025-11-13 19:42:18
{"update_id":856807252,
"message":{"message_id":102,"from":{"id":1526104051,"is_bot":false,"first_name":"Jahail","last_name":"Bambos","username":"JahailBambos","language_code":"ru"},"chat":{"id":1526104051,"first_name":"Jahail","last_name":"Bambos","username":"JahailBambos","type":"private"},"date":1763033709,"text":"/start","entities":[{"offset":0,"length":6,"type":"bot_command"}]}}

2025-11-13 19:43:26
{"update_id":856807252,
"message":{"message_id":102,"from":{"id":1526104051,"is_bot":false,"first_name":"Jahail","last_name":"Bambos","username":"JahailBambos","language_code":"ru"},"chat":{"id":1526104051,"first_name":"Jahail","last_name":"Bambos","username":"JahailBambos","type":"private"},"date":1763033709,"text":"/start","entities":[{"offset":0,"length":6,"type":"bot_command"}]}}

2025-11-13 19:44:33
{"update_id":856807252,
"message":{"message_id":102,"from":{"id":1526104051,"is_bot":false,"first_name":"Jahail","last_name":"Bambos","username":"JahailBambos","language_code":"ru"},"chat":{"id":1526104051,"first_name":"Jahail","last_name":"Bambos","username":"JahailBambos","type":"private"},"date":1763033709,"text":"/start","entities":[{"offset":0,"length":6,"type":"bot_command"}]}}

2025-11-13 19:45:43
{"update_id":856807252,
"message":{"message_id":102,"from":{"id":1526104051,"is_bot":false,"first_name":"Jahail","last_name":"Bambos","username":"JahailBambos","language_code":"ru"},"chat":{"id":1526104051,"first_name":"Jahail","last_name":"Bambos","username":"JahailBambos","type":"private"},"date":1763033709,"text":"/start","entities":[{"offset":0,"length":6,"type":"bot_command"}]}}

2025-11-13 19:47:24
{"update_id":856807252,
"message":{"message_id":102,"from":{"id":1526104051,"is_bot":false,"first_name":"Jahail","last_name":"Bambos","username":"JahailBambos","language_code":"ru"},"chat":{"id":1526104051,"first_name":"Jahail","last_name":"Bambos","username":"JahailBambos","type":"private"},"date":1763033709,"text":"/start","entities":[{"offset":0,"length":6,"type":"bot_command"}]}}

2025-11-13 19:48:42
{"update_id":856807252,
"message":{"message_id":102,"from":{"id":1526104051,"is_bot":false,"first_name":"Jahail","last_name":"Bambos","username":"JahailBambos","language_code":"ru"},"chat":{"id":1526104051,"first_name":"Jahail","last_name":"Bambos","username":"JahailBambos","type":"private"},"date":1763033709,"text":"/start","entities":[{"offset":0,"length":6,"type":"bot_command"}]}}

2025-11-13 19:50:11
{"update_id":856807252,
"message":{"message_id":102,"from":{"id":1526104051,"is_bot":false,"first_name":"Jahail","last_name":"Bambos","username":"JahailBambos","language_code":"ru"},"chat":{"id":1526104051,"first_name":"Jahail","last_name":"Bambos","username":"JahailBambos","type":"private"},"date":1763033709,"text":"/start","entities":[{"offset":0,"length":6,"type":"bot_command"}]}}

2025-11-13 19:51:24
{"update_id":856807252,
"message":{"message_id":102,"from":{"id":1526104051,"is_bot":false,"first_name":"Jahail","last_name":"Bambos","username":"JahailBambos","language_code":"ru"},"chat":{"id":1526104051,"first_name":"Jahail","last_name":"Bambos","username":"JahailBambos","type":"private"},"date":1763033709,"text":"/start","entities":[{"offset":0,"length":6,"type":"bot_command"}]}}

2025-11-13 19:52:50
{"update_id":856807252,
"message":{"message_id":102,"from":{"id":1526104051,"is_bot":false,"first_name":"Jahail","last_name":"Bambos","username":"JahailBambos","language_code":"ru"},"chat":{"id":1526104051,"first_name":"Jahail","last_name":"Bambos","username":"JahailBambos","type":"private"},"date":1763033709,"text":"/start","entities":[{"offset":0,"length":6,"type":"bot_command"}]}}

2025-11-13 19:54:37
{"update_id":856807252,
"message":{"message_id":102,"from":{"id":1526104051,"is_bot":false,"first_name":"Jahail","last_name":"Bambos","username":"JahailBambos","language_code":"ru"},"chat":{"id":1526104051,"first_name":"Jahail","last_name":"Bambos","username":"JahailBambos","type":"private"},"date":1763033709,"text":"/start","entities":[{"offset":0,"length":6,"type":"bot_command"}]}}

2025-11-13 19:56:34
{"update_id":856807252,
"message":{"message_id":102,"from":{"id":1526104051,"is_bot":false,"first_name":"Jahail","last_name":"Bambos","username":"JahailBambos","language_code":"ru"},"chat":{"id":1526104051,"first_name":"Jahail","last_name":"Bambos","username":"JahailBambos","type":"private"},"date":1763033709,"text":"/start","entities":[{"offset":0,"length":6,"type":"bot_command"}]}}

2025-11-13 19:57:41
{"update_id":856807252,
"message":{"message_id":102,"from":{"id":1526104051,"is_bot":false,"first_name":"Jahail","last_name":"Bambos","username":"JahailBambos","language_code":"ru"},"chat":{"id":1526104051,"first_name":"Jahail","last_name":"Bambos","username":"JahailBambos","type":"private"},"date":1763033709,"text":"/start","entities":[{"offset":0,"length":6,"type":"bot_command"}]}}

2025-11-13 19:59:26
{"update_id":856807252,
"message":{"message_id":102,"from":{"id":1526104051,"is_bot":false,"first_name":"Jahail","last_name":"Bambos","username":"JahailBambos","language_code":"ru"},"chat":{"id":1526104051,"first_name":"Jahail","last_name":"Bambos","username":"JahailBambos","type":"private"},"date":1763033709,"text":"/start","entities":[{"offset":0,"length":6,"type":"bot_command"}]}}

2025-11-13 20:00:49
{"update_id":856807252,
"message":{"message_id":102,"from":{"id":1526104051,"is_bot":false,"first_name":"Jahail","last_name":"Bambos","username":"JahailBambos","language_code":"ru"},"chat":{"id":1526104051,"first_name":"Jahail","last_name":"Bambos","username":"JahailBambos","type":"private"},"date":1763033709,"text":"/start","entities":[{"offset":0,"length":6,"type":"bot_command"}]}}

2025-11-13 20:02:32
{"update_id":856807252,
"message":{"message_id":102,"from":{"id":1526104051,"is_bot":false,"first_name":"Jahail","last_name":"Bambos","username":"JahailBambos","language_code":"ru"},"chat":{"id":1526104051,"first_name":"Jahail","last_name":"Bambos","username":"JahailBambos","type":"private"},"date":1763033709,"text":"/start","entities":[{"offset":0,"length":6,"type":"bot_command"}]}}

2025-11-13 20:04:13
{"update_id":856807252,
"message":{"message_id":102,"from":{"id":1526104051,"is_bot":false,"first_name":"Jahail","last_name":"Bambos","username":"JahailBambos","language_code":"ru"},"chat":{"id":1526104051,"first_name":"Jahail","last_name":"Bambos","username":"JahailBambos","type":"private"},"date":1763033709,"text":"/start","entities":[{"offset":0,"length":6,"type":"bot_command"}]}}

2025-11-13 20:05:33
{"update_id":856807252,
"message":{"message_id":102,"from":{"id":1526104051,"is_bot":false,"first_name":"Jahail","last_name":"Bambos","username":"JahailBambos","language_code":"ru"},"chat":{"id":1526104051,"first_name":"Jahail","last_name":"Bambos","username":"JahailBambos","type":"private"},"date":1763033709,"text":"/start","entities":[{"offset":0,"length":6,"type":"bot_command"}]}}

2025-11-13 20:06:57
{"update_id":856807252,
"message":{"message_id":102,"from":{"id":1526104051,"is_bot":false,"first_name":"Jahail","last_name":"Bambos","username":"JahailBambos","language_code":"ru"},"chat":{"id":1526104051,"first_name":"Jahail","last_name":"Bambos","username":"JahailBambos","type":"private"},"date":1763033709,"text":"/start","entities":[{"offset":0,"length":6,"type":"bot_command"}]}}

2025-11-13 20:07:58
{"update_id":856807252,
"message":{"message_id":102,"from":{"id":1526104051,"is_bot":false,"first_name":"Jahail","last_name":"Bambos","username":"JahailBambos","language_code":"ru"},"chat":{"id":1526104051,"first_name":"Jahail","last_name":"Bambos","username":"JahailBambos","type":"private"},"date":1763033709,"text":"/start","entities":[{"offset":0,"length":6,"type":"bot_command"}]}}

2025-11-13 20:09:21
{"update_id":856807252,
"message":{"message_id":102,"from":{"id":1526104051,"is_bot":false,"first_name":"Jahail","last_name":"Bambos","username":"JahailBambos","language_code":"ru"},"chat":{"id":1526104051,"first_name":"Jahail","last_name":"Bambos","username":"JahailBambos","type":"private"},"date":1763033709,"text":"/start","entities":[{"offset":0,"length":6,"type":"bot_command"}]}}

2025-11-13 20:11:03
{"update_id":856807252,
"message":{"message_id":102,"from":{"id":1526104051,"is_bot":false,"first_name":"Jahail","last_name":"Bambos","username":"JahailBambos","language_code":"ru"},"chat":{"id":1526104051,"first_name":"Jahail","last_name":"Bambos","username":"JahailBambos","type":"private"},"date":1763033709,"text":"/start","entities":[{"offset":0,"length":6,"type":"bot_command"}]}}

2025-11-13 20:12:49
{"update_id":856807252,
"message":{"message_id":102,"from":{"id":1526104051,"is_bot":false,"first_name":"Jahail","last_name":"Bambos","username":"JahailBambos","language_code":"ru"},"chat":{"id":1526104051,"first_name":"Jahail","last_name":"Bambos","username":"JahailBambos","type":"private"},"date":1763033709,"text":"/start","entities":[{"offset":0,"length":6,"type":"bot_command"}]}}

2025-11-13 20:14:07
{"update_id":856807252,
"message":{"message_id":102,"from":{"id":1526104051,"is_bot":false,"first_name":"Jahail","last_name":"Bambos","username":"JahailBambos","language_code":"ru"},"chat":{"id":1526104051,"first_name":"Jahail","last_name":"Bambos","username":"JahailBambos","type":"private"},"date":1763033709,"text":"/start","entities":[{"offset":0,"length":6,"type":"bot_command"}]}}

2025-11-13 20:15:14
{"update_id":856807252,
"message":{"message_id":102,"from":{"id":1526104051,"is_bot":false,"first_name":"Jahail","last_name":"Bambos","username":"JahailBambos","language_code":"ru"},"chat":{"id":1526104051,"first_name":"Jahail","last_name":"Bambos","username":"JahailBambos","type":"private"},"date":1763033709,"text":"/start","entities":[{"offset":0,"length":6,"type":"bot_command"}]}}

2025-11-13 20:17:02
{"update_id":856807252,
"message":{"message_id":102,"from":{"id":1526104051,"is_bot":false,"first_name":"Jahail","last_name":"Bambos","username":"JahailBambos","language_code":"ru"},"chat":{"id":1526104051,"first_name":"Jahail","last_name":"Bambos","username":"JahailBambos","type":"private"},"date":1763033709,"text":"/start","entities":[{"offset":0,"length":6,"type":"bot_command"}]}}

2025-11-13 20:18:04
{"update_id":856807252,
"message":{"message_id":102,"from":{"id":1526104051,"is_bot":false,"first_name":"Jahail","last_name":"Bambos","username":"JahailBambos","language_code":"ru"},"chat":{"id":1526104051,"first_name":"Jahail","last_name":"Bambos","username":"JahailBambos","type":"private"},"date":1763033709,"text":"/start","entities":[{"offset":0,"length":6,"type":"bot_command"}]}}

2025-11-13 20:19:36
{"update_id":856807252,
"message":{"message_id":102,"from":{"id":1526104051,"is_bot":false,"first_name":"Jahail","last_name":"Bambos","username":"JahailBambos","language_code":"ru"},"chat":{"id":1526104051,"first_name":"Jahail","last_name":"Bambos","username":"JahailBambos","type":"private"},"date":1763033709,"text":"/start","entities":[{"offset":0,"length":6,"type":"bot_command"}]}}

2025-11-13 20:20:47
{"update_id":856807252,
"message":{"message_id":102,"from":{"id":1526104051,"is_bot":false,"first_name":"Jahail","last_name":"Bambos","username":"JahailBambos","language_code":"ru"},"chat":{"id":1526104051,"first_name":"Jahail","last_name":"Bambos","username":"JahailBambos","type":"private"},"date":1763033709,"text":"/start","entities":[{"offset":0,"length":6,"type":"bot_command"}]}}

2025-11-13 20:22:06
{"update_id":856807252,
"message":{"message_id":102,"from":{"id":1526104051,"is_bot":false,"first_name":"Jahail","last_name":"Bambos","username":"JahailBambos","language_code":"ru"},"chat":{"id":1526104051,"first_name":"Jahail","last_name":"Bambos","username":"JahailBambos","type":"private"},"date":1763033709,"text":"/start","entities":[{"offset":0,"length":6,"type":"bot_command"}]}}

2025-11-13 20:23:22
{"update_id":856807252,
"message":{"message_id":102,"from":{"id":1526104051,"is_bot":false,"first_name":"Jahail","last_name":"Bambos","username":"JahailBambos","language_code":"ru"},"chat":{"id":1526104051,"first_name":"Jahail","last_name":"Bambos","username":"JahailBambos","type":"private"},"date":1763033709,"text":"/start","entities":[{"offset":0,"length":6,"type":"bot_command"}]}}

2025-11-13 20:25:02
{"update_id":856807252,
"message":{"message_id":102,"from":{"id":1526104051,"is_bot":false,"first_name":"Jahail","last_name":"Bambos","username":"JahailBambos","language_code":"ru"},"chat":{"id":1526104051,"first_name":"Jahail","last_name":"Bambos","username":"JahailBambos","type":"private"},"date":1763033709,"text":"/start","entities":[{"offset":0,"length":6,"type":"bot_command"}]}}

2025-11-13 20:26:31
{"update_id":856807252,
"message":{"message_id":102,"from":{"id":1526104051,"is_bot":false,"first_name":"Jahail","last_name":"Bambos","username":"JahailBambos","language_code":"ru"},"chat":{"id":1526104051,"first_name":"Jahail","last_name":"Bambos","username":"JahailBambos","type":"private"},"date":1763033709,"text":"/start","entities":[{"offset":0,"length":6,"type":"bot_command"}]}}

2025-11-13 20:27:39
{"update_id":856807252,
"message":{"message_id":102,"from":{"id":1526104051,"is_bot":false,"first_name":"Jahail","last_name":"Bambos","username":"JahailBambos","language_code":"ru"},"chat":{"id":1526104051,"first_name":"Jahail","last_name":"Bambos","username":"JahailBambos","type":"private"},"date":1763033709,"text":"/start","entities":[{"offset":0,"length":6,"type":"bot_command"}]}}

2025-11-13 20:29:06
{"update_id":856807252,
"message":{"message_id":102,"from":{"id":1526104051,"is_bot":false,"first_name":"Jahail","last_name":"Bambos","username":"JahailBambos","language_code":"ru"},"chat":{"id":1526104051,"first_name":"Jahail","last_name":"Bambos","username":"JahailBambos","type":"private"},"date":1763033709,"text":"/start","entities":[{"offset":0,"length":6,"type":"bot_command"}]}}

2025-11-13 20:30:18
{"update_id":856807252,
"message":{"message_id":102,"from":{"id":1526104051,"is_bot":false,"first_name":"Jahail","last_name":"Bambos","username":"JahailBambos","language_code":"ru"},"chat":{"id":1526104051,"first_name":"Jahail","last_name":"Bambos","username":"JahailBambos","type":"private"},"date":1763033709,"text":"/start","entities":[{"offset":0,"length":6,"type":"bot_command"}]}}

2025-11-13 20:32:02
{"update_id":856807252,
"message":{"message_id":102,"from":{"id":1526104051,"is_bot":false,"first_name":"Jahail","last_name":"Bambos","username":"JahailBambos","language_code":"ru"},"chat":{"id":1526104051,"first_name":"Jahail","last_name":"Bambos","username":"JahailBambos","type":"private"},"date":1763033709,"text":"/start","entities":[{"offset":0,"length":6,"type":"bot_command"}]}}

2025-11-13 20:33:26
{"update_id":856807252,
"message":{"message_id":102,"from":{"id":1526104051,"is_bot":false,"first_name":"Jahail","last_name":"Bambos","username":"JahailBambos","language_code":"ru"},"chat":{"id":1526104051,"first_name":"Jahail","last_name":"Bambos","username":"JahailBambos","type":"private"},"date":1763033709,"text":"/start","entities":[{"offset":0,"length":6,"type":"bot_command"}]}}

2025-11-13 20:35:02
{"update_id":856807252,
"message":{"message_id":102,"from":{"id":1526104051,"is_bot":false,"first_name":"Jahail","last_name":"Bambos","username":"JahailBambos","language_code":"ru"},"chat":{"id":1526104051,"first_name":"Jahail","last_name":"Bambos","username":"JahailBambos","type":"private"},"date":1763033709,"text":"/start","entities":[{"offset":0,"length":6,"type":"bot_command"}]}}

2025-11-13 20:36:40
{"update_id":856807252,
"message":{"message_id":102,"from":{"id":1526104051,"is_bot":false,"first_name":"Jahail","last_name":"Bambos","username":"JahailBambos","language_code":"ru"},"chat":{"id":1526104051,"first_name":"Jahail","last_name":"Bambos","username":"JahailBambos","type":"private"},"date":1763033709,"text":"/start","entities":[{"offset":0,"length":6,"type":"bot_command"}]}}

2025-11-13 20:38:35
{"update_id":856807252,
"message":{"message_id":102,"from":{"id":1526104051,"is_bot":false,"first_name":"Jahail","last_name":"Bambos","username":"JahailBambos","language_code":"ru"},"chat":{"id":1526104051,"first_name":"Jahail","last_name":"Bambos","username":"JahailBambos","type":"private"},"date":1763033709,"text":"/start","entities":[{"offset":0,"length":6,"type":"bot_command"}]}}

2025-11-13 20:40:15
{"update_id":856807252,
"message":{"message_id":102,"from":{"id":1526104051,"is_bot":false,"first_name":"Jahail","last_name":"Bambos","username":"JahailBambos","language_code":"ru"},"chat":{"id":1526104051,"first_name":"Jahail","last_name":"Bambos","username":"JahailBambos","type":"private"},"date":1763033709,"text":"/start","entities":[{"offset":0,"length":6,"type":"bot_command"}]}}

2025-11-13 20:41:36
{"update_id":856807252,
"message":{"message_id":102,"from":{"id":1526104051,"is_bot":false,"first_name":"Jahail","last_name":"Bambos","username":"JahailBambos","language_code":"ru"},"chat":{"id":1526104051,"first_name":"Jahail","last_name":"Bambos","username":"JahailBambos","type":"private"},"date":1763033709,"text":"/start","entities":[{"offset":0,"length":6,"type":"bot_command"}]}}

2025-11-13 20:43:05
{"update_id":856807252,
"message":{"message_id":102,"from":{"id":1526104051,"is_bot":false,"first_name":"Jahail","last_name":"Bambos","username":"JahailBambos","language_code":"ru"},"chat":{"id":1526104051,"first_name":"Jahail","last_name":"Bambos","username":"JahailBambos","type":"private"},"date":1763033709,"text":"/start","entities":[{"offset":0,"length":6,"type":"bot_command"}]}}

2025-11-13 20:44:39
{"update_id":856807252,
"message":{"message_id":102,"from":{"id":1526104051,"is_bot":false,"first_name":"Jahail","last_name":"Bambos","username":"JahailBambos","language_code":"ru"},"chat":{"id":1526104051,"first_name":"Jahail","last_name":"Bambos","username":"JahailBambos","type":"private"},"date":1763033709,"text":"/start","entities":[{"offset":0,"length":6,"type":"bot_command"}]}}

2025-11-13 20:46:26
{"update_id":856807252,
"message":{"message_id":102,"from":{"id":1526104051,"is_bot":false,"first_name":"Jahail","last_name":"Bambos","username":"JahailBambos","language_code":"ru"},"chat":{"id":1526104051,"first_name":"Jahail","last_name":"Bambos","username":"JahailBambos","type":"private"},"date":1763033709,"text":"/start","entities":[{"offset":0,"length":6,"type":"bot_command"}]}}

2025-11-13 20:47:39
{"update_id":856807252,
"message":{"message_id":102,"from":{"id":1526104051,"is_bot":false,"first_name":"Jahail","last_name":"Bambos","username":"JahailBambos","language_code":"ru"},"chat":{"id":1526104051,"first_name":"Jahail","last_name":"Bambos","username":"JahailBambos","type":"private"},"date":1763033709,"text":"/start","entities":[{"offset":0,"length":6,"type":"bot_command"}]}}

2025-11-13 20:48:45
{"update_id":856807252,
"message":{"message_id":102,"from":{"id":1526104051,"is_bot":false,"first_name":"Jahail","last_name":"Bambos","username":"JahailBambos","language_code":"ru"},"chat":{"id":1526104051,"first_name":"Jahail","last_name":"Bambos","username":"JahailBambos","type":"private"},"date":1763033709,"text":"/start","entities":[{"offset":0,"length":6,"type":"bot_command"}]}}

2025-11-13 20:50:24
{"update_id":856807252,
"message":{"message_id":102,"from":{"id":1526104051,"is_bot":false,"first_name":"Jahail","last_name":"Bambos","username":"JahailBambos","language_code":"ru"},"chat":{"id":1526104051,"first_name":"Jahail","last_name":"Bambos","username":"JahailBambos","type":"private"},"date":1763033709,"text":"/start","entities":[{"offset":0,"length":6,"type":"bot_command"}]}}

2025-11-13 20:52:22
{"update_id":856807252,
"message":{"message_id":102,"from":{"id":1526104051,"is_bot":false,"first_name":"Jahail","last_name":"Bambos","username":"JahailBambos","language_code":"ru"},"chat":{"id":1526104051,"first_name":"Jahail","last_name":"Bambos","username":"JahailBambos","type":"private"},"date":1763033709,"text":"/start","entities":[{"offset":0,"length":6,"type":"bot_command"}]}}

2025-11-13 20:53:48
{"update_id":856807252,
"message":{"message_id":102,"from":{"id":1526104051,"is_bot":false,"first_name":"Jahail","last_name":"Bambos","username":"JahailBambos","language_code":"ru"},"chat":{"id":1526104051,"first_name":"Jahail","last_name":"Bambos","username":"JahailBambos","type":"private"},"date":1763033709,"text":"/start","entities":[{"offset":0,"length":6,"type":"bot_command"}]}}

2025-11-13 20:54:54
{"update_id":856807252,
"message":{"message_id":102,"from":{"id":1526104051,"is_bot":false,"first_name":"Jahail","last_name":"Bambos","username":"JahailBambos","language_code":"ru"},"chat":{"id":1526104051,"first_name":"Jahail","last_name":"Bambos","username":"JahailBambos","type":"private"},"date":1763033709,"text":"/start","entities":[{"offset":0,"length":6,"type":"bot_command"}]}}

2025-11-13 20:56:44
{"update_id":856807252,
"message":{"message_id":102,"from":{"id":1526104051,"is_bot":false,"first_name":"Jahail","last_name":"Bambos","username":"JahailBambos","language_code":"ru"},"chat":{"id":1526104051,"first_name":"Jahail","last_name":"Bambos","username":"JahailBambos","type":"private"},"date":1763033709,"text":"/start","entities":[{"offset":0,"length":6,"type":"bot_command"}]}}

2025-11-13 20:58:41
{"update_id":856807252,
"message":{"message_id":102,"from":{"id":1526104051,"is_bot":false,"first_name":"Jahail","last_name":"Bambos","username":"JahailBambos","language_code":"ru"},"chat":{"id":1526104051,"first_name":"Jahail","last_name":"Bambos","username":"JahailBambos","type":"private"},"date":1763033709,"text":"/start","entities":[{"offset":0,"length":6,"type":"bot_command"}]}}

2025-11-13 21:00:00
{"update_id":856807252,
"message":{"message_id":102,"from":{"id":1526104051,"is_bot":false,"first_name":"Jahail","last_name":"Bambos","username":"JahailBambos","language_code":"ru"},"chat":{"id":1526104051,"first_name":"Jahail","last_name":"Bambos","username":"JahailBambos","type":"private"},"date":1763033709,"text":"/start","entities":[{"offset":0,"length":6,"type":"bot_command"}]}}

2025-11-13 21:01:25
{"update_id":856807252,
"message":{"message_id":102,"from":{"id":1526104051,"is_bot":false,"first_name":"Jahail","last_name":"Bambos","username":"JahailBambos","language_code":"ru"},"chat":{"id":1526104051,"first_name":"Jahail","last_name":"Bambos","username":"JahailBambos","type":"private"},"date":1763033709,"text":"/start","entities":[{"offset":0,"length":6,"type":"bot_command"}]}}

2025-11-13 21:02:36
{"update_id":856807252,
"message":{"message_id":102,"from":{"id":1526104051,"is_bot":false,"first_name":"Jahail","last_name":"Bambos","username":"JahailBambos","language_code":"ru"},"chat":{"id":1526104051,"first_name":"Jahail","last_name":"Bambos","username":"JahailBambos","type":"private"},"date":1763033709,"text":"/start","entities":[{"offset":0,"length":6,"type":"bot_command"}]}}

2025-11-13 21:04:36
{"update_id":856807252,
"message":{"message_id":102,"from":{"id":1526104051,"is_bot":false,"first_name":"Jahail","last_name":"Bambos","username":"JahailBambos","language_code":"ru"},"chat":{"id":1526104051,"first_name":"Jahail","last_name":"Bambos","username":"JahailBambos","type":"private"},"date":1763033709,"text":"/start","entities":[{"offset":0,"length":6,"type":"bot_command"}]}}

2025-11-13 21:05:58
{"update_id":856807252,
"message":{"message_id":102,"from":{"id":1526104051,"is_bot":false,"first_name":"Jahail","last_name":"Bambos","username":"JahailBambos","language_code":"ru"},"chat":{"id":1526104051,"first_name":"Jahail","last_name":"Bambos","username":"JahailBambos","type":"private"},"date":1763033709,"text":"/start","entities":[{"offset":0,"length":6,"type":"bot_command"}]}}

2025-11-13 21:07:53
{"update_id":856807252,
"message":{"message_id":102,"from":{"id":1526104051,"is_bot":false,"first_name":"Jahail","last_name":"Bambos","username":"JahailBambos","language_code":"ru"},"chat":{"id":1526104051,"first_name":"Jahail","last_name":"Bambos","username":"JahailBambos","type":"private"},"date":1763033709,"text":"/start","entities":[{"offset":0,"length":6,"type":"bot_command"}]}}

2025-11-13 21:09:50
{"update_id":856807252,
"message":{"message_id":102,"from":{"id":1526104051,"is_bot":false,"first_name":"Jahail","last_name":"Bambos","username":"JahailBambos","language_code":"ru"},"chat":{"id":1526104051,"first_name":"Jahail","last_name":"Bambos","username":"JahailBambos","type":"private"},"date":1763033709,"text":"/start","entities":[{"offset":0,"length":6,"type":"bot_command"}]}}

2025-11-13 21:11:18
{"update_id":856807252,
"message":{"message_id":102,"from":{"id":1526104051,"is_bot":false,"first_name":"Jahail","last_name":"Bambos","username":"JahailBambos","language_code":"ru"},"chat":{"id":1526104051,"first_name":"Jahail","last_name":"Bambos","username":"JahailBambos","type":"private"},"date":1763033709,"text":"/start","entities":[{"offset":0,"length":6,"type":"bot_command"}]}}

2025-11-13 21:12:53
{"update_id":856807252,
"message":{"message_id":102,"from":{"id":1526104051,"is_bot":false,"first_name":"Jahail","last_name":"Bambos","username":"JahailBambos","language_code":"ru"},"chat":{"id":1526104051,"first_name":"Jahail","last_name":"Bambos","username":"JahailBambos","type":"private"},"date":1763033709,"text":"/start","entities":[{"offset":0,"length":6,"type":"bot_command"}]}}

2025-11-13 21:14:26
{"update_id":856807252,
"message":{"message_id":102,"from":{"id":1526104051,"is_bot":false,"first_name":"Jahail","last_name":"Bambos","username":"JahailBambos","language_code":"ru"},"chat":{"id":1526104051,"first_name":"Jahail","last_name":"Bambos","username":"JahailBambos","type":"private"},"date":1763033709,"text":"/start","entities":[{"offset":0,"length":6,"type":"bot_command"}]}}

2025-11-13 21:16:06
{"update_id":856807252,
"message":{"message_id":102,"from":{"id":1526104051,"is_bot":false,"first_name":"Jahail","last_name":"Bambos","username":"JahailBambos","language_code":"ru"},"chat":{"id":1526104051,"first_name":"Jahail","last_name":"Bambos","username":"JahailBambos","type":"private"},"date":1763033709,"text":"/start","entities":[{"offset":0,"length":6,"type":"bot_command"}]}}

2025-11-13 21:17:21
{"update_id":856807252,
"message":{"message_id":102,"from":{"id":1526104051,"is_bot":false,"first_name":"Jahail","last_name":"Bambos","username":"JahailBambos","language_code":"ru"},"chat":{"id":1526104051,"first_name":"Jahail","last_name":"Bambos","username":"JahailBambos","type":"private"},"date":1763033709,"text":"/start","entities":[{"offset":0,"length":6,"type":"bot_command"}]}}

2025-11-13 21:18:30
{"update_id":856807252,
"message":{"message_id":102,"from":{"id":1526104051,"is_bot":false,"first_name":"Jahail","last_name":"Bambos","username":"JahailBambos","language_code":"ru"},"chat":{"id":1526104051,"first_name":"Jahail","last_name":"Bambos","username":"JahailBambos","type":"private"},"date":1763033709,"text":"/start","entities":[{"offset":0,"length":6,"type":"bot_command"}]}}

2025-11-13 21:20:02
{"update_id":856807252,
"message":{"message_id":102,"from":{"id":1526104051,"is_bot":false,"first_name":"Jahail","last_name":"Bambos","username":"JahailBambos","language_code":"ru"},"chat":{"id":1526104051,"first_name":"Jahail","last_name":"Bambos","username":"JahailBambos","type":"private"},"date":1763033709,"text":"/start","entities":[{"offset":0,"length":6,"type":"bot_command"}]}}

2025-11-13 21:21:09
{"update_id":856807252,
"message":{"message_id":102,"from":{"id":1526104051,"is_bot":false,"first_name":"Jahail","last_name":"Bambos","username":"JahailBambos","language_code":"ru"},"chat":{"id":1526104051,"first_name":"Jahail","last_name":"Bambos","username":"JahailBambos","type":"private"},"date":1763033709,"text":"/start","entities":[{"offset":0,"length":6,"type":"bot_command"}]}}

2025-11-13 21:22:17
{"update_id":856807252,
"message":{"message_id":102,"from":{"id":1526104051,"is_bot":false,"first_name":"Jahail","last_name":"Bambos","username":"JahailBambos","language_code":"ru"},"chat":{"id":1526104051,"first_name":"Jahail","last_name":"Bambos","username":"JahailBambos","type":"private"},"date":1763033709,"text":"/start","entities":[{"offset":0,"length":6,"type":"bot_command"}]}}

2025-11-13 21:23:31
{"update_id":856807252,
"message":{"message_id":102,"from":{"id":1526104051,"is_bot":false,"first_name":"Jahail","last_name":"Bambos","username":"JahailBambos","language_code":"ru"},"chat":{"id":1526104051,"first_name":"Jahail","last_name":"Bambos","username":"JahailBambos","type":"private"},"date":1763033709,"text":"/start","entities":[{"offset":0,"length":6,"type":"bot_command"}]}}

2025-11-13 21:25:26
{"update_id":856807252,
"message":{"message_id":102,"from":{"id":1526104051,"is_bot":false,"first_name":"Jahail","last_name":"Bambos","username":"JahailBambos","language_code":"ru"},"chat":{"id":1526104051,"first_name":"Jahail","last_name":"Bambos","username":"JahailBambos","type":"private"},"date":1763033709,"text":"/start","entities":[{"offset":0,"length":6,"type":"bot_command"}]}}

2025-11-13 21:26:35
{"update_id":856807252,
"message":{"message_id":102,"from":{"id":1526104051,"is_bot":false,"first_name":"Jahail","last_name":"Bambos","username":"JahailBambos","language_code":"ru"},"chat":{"id":1526104051,"first_name":"Jahail","last_name":"Bambos","username":"JahailBambos","type":"private"},"date":1763033709,"text":"/start","entities":[{"offset":0,"length":6,"type":"bot_command"}]}}

2025-11-13 21:27:44
{"update_id":856807252,
"message":{"message_id":102,"from":{"id":1526104051,"is_bot":false,"first_name":"Jahail","last_name":"Bambos","username":"JahailBambos","language_code":"ru"},"chat":{"id":1526104051,"first_name":"Jahail","last_name":"Bambos","username":"JahailBambos","type":"private"},"date":1763033709,"text":"/start","entities":[{"offset":0,"length":6,"type":"bot_command"}]}}

2025-11-13 21:29:19
{"update_id":856807252,
"message":{"message_id":102,"from":{"id":1526104051,"is_bot":false,"first_name":"Jahail","last_name":"Bambos","username":"JahailBambos","language_code":"ru"},"chat":{"id":1526104051,"first_name":"Jahail","last_name":"Bambos","username":"JahailBambos","type":"private"},"date":1763033709,"text":"/start","entities":[{"offset":0,"length":6,"type":"bot_command"}]}}

2025-11-13 21:30:44
{"update_id":856807252,
"message":{"message_id":102,"from":{"id":1526104051,"is_bot":false,"first_name":"Jahail","last_name":"Bambos","username":"JahailBambos","language_code":"ru"},"chat":{"id":1526104051,"first_name":"Jahail","last_name":"Bambos","username":"JahailBambos","type":"private"},"date":1763033709,"text":"/start","entities":[{"offset":0,"length":6,"type":"bot_command"}]}}

2025-11-13 21:32:41
{"update_id":856807252,
"message":{"message_id":102,"from":{"id":1526104051,"is_bot":false,"first_name":"Jahail","last_name":"Bambos","username":"JahailBambos","language_code":"ru"},"chat":{"id":1526104051,"first_name":"Jahail","last_name":"Bambos","username":"JahailBambos","type":"private"},"date":1763033709,"text":"/start","entities":[{"offset":0,"length":6,"type":"bot_command"}]}}

2025-11-13 21:34:35
{"update_id":856807252,
"message":{"message_id":102,"from":{"id":1526104051,"is_bot":false,"first_name":"Jahail","last_name":"Bambos","username":"JahailBambos","language_code":"ru"},"chat":{"id":1526104051,"first_name":"Jahail","last_name":"Bambos","username":"JahailBambos","type":"private"},"date":1763033709,"text":"/start","entities":[{"offset":0,"length":6,"type":"bot_command"}]}}

2025-11-13 21:35:37
{"update_id":856807252,
"message":{"message_id":102,"from":{"id":1526104051,"is_bot":false,"first_name":"Jahail","last_name":"Bambos","username":"JahailBambos","language_code":"ru"},"chat":{"id":1526104051,"first_name":"Jahail","last_name":"Bambos","username":"JahailBambos","type":"private"},"date":1763033709,"text":"/start","entities":[{"offset":0,"length":6,"type":"bot_command"}]}}

2025-11-13 21:37:30
{"update_id":856807252,
"message":{"message_id":102,"from":{"id":1526104051,"is_bot":false,"first_name":"Jahail","last_name":"Bambos","username":"JahailBambos","language_code":"ru"},"chat":{"id":1526104051,"first_name":"Jahail","last_name":"Bambos","username":"JahailBambos","type":"private"},"date":1763033709,"text":"/start","entities":[{"offset":0,"length":6,"type":"bot_command"}]}}

2025-11-13 21:38:41
{"update_id":856807252,
"message":{"message_id":102,"from":{"id":1526104051,"is_bot":false,"first_name":"Jahail","last_name":"Bambos","username":"JahailBambos","language_code":"ru"},"chat":{"id":1526104051,"first_name":"Jahail","last_name":"Bambos","username":"JahailBambos","type":"private"},"date":1763033709,"text":"/start","entities":[{"offset":0,"length":6,"type":"bot_command"}]}}

2025-11-13 21:40:26
{"update_id":856807252,
"message":{"message_id":102,"from":{"id":1526104051,"is_bot":false,"first_name":"Jahail","last_name":"Bambos","username":"JahailBambos","language_code":"ru"},"chat":{"id":1526104051,"first_name":"Jahail","last_name":"Bambos","username":"JahailBambos","type":"private"},"date":1763033709,"text":"/start","entities":[{"offset":0,"length":6,"type":"bot_command"}]}}

2025-11-13 21:41:54
{"update_id":856807252,
"message":{"message_id":102,"from":{"id":1526104051,"is_bot":false,"first_name":"Jahail","last_name":"Bambos","username":"JahailBambos","language_code":"ru"},"chat":{"id":1526104051,"first_name":"Jahail","last_name":"Bambos","username":"JahailBambos","type":"private"},"date":1763033709,"text":"/start","entities":[{"offset":0,"length":6,"type":"bot_command"}]}}

2025-11-13 21:43:22
{"update_id":856807252,
"message":{"message_id":102,"from":{"id":1526104051,"is_bot":false,"first_name":"Jahail","last_name":"Bambos","username":"JahailBambos","language_code":"ru"},"chat":{"id":1526104051,"first_name":"Jahail","last_name":"Bambos","username":"JahailBambos","type":"private"},"date":1763033709,"text":"/start","entities":[{"offset":0,"length":6,"type":"bot_command"}]}}

2025-11-13 21:44:49
{"update_id":856807252,
"message":{"message_id":102,"from":{"id":1526104051,"is_bot":false,"first_name":"Jahail","last_name":"Bambos","username":"JahailBambos","language_code":"ru"},"chat":{"id":1526104051,"first_name":"Jahail","last_name":"Bambos","username":"JahailBambos","type":"private"},"date":1763033709,"text":"/start","entities":[{"offset":0,"length":6,"type":"bot_command"}]}}

2025-11-13 21:45:56
{"update_id":856807252,
"message":{"message_id":102,"from":{"id":1526104051,"is_bot":false,"first_name":"Jahail","last_name":"Bambos","username":"JahailBambos","language_code":"ru"},"chat":{"id":1526104051,"first_name":"Jahail","last_name":"Bambos","username":"JahailBambos","type":"private"},"date":1763033709,"text":"/start","entities":[{"offset":0,"length":6,"type":"bot_command"}]}}

2025-11-13 21:47:30
{"update_id":856807252,
"message":{"message_id":102,"from":{"id":1526104051,"is_bot":false,"first_name":"Jahail","last_name":"Bambos","username":"JahailBambos","language_code":"ru"},"chat":{"id":1526104051,"first_name":"Jahail","last_name":"Bambos","username":"JahailBambos","type":"private"},"date":1763033709,"text":"/start","entities":[{"offset":0,"length":6,"type":"bot_command"}]}}

2025-11-13 21:49:05
{"update_id":856807252,
"message":{"message_id":102,"from":{"id":1526104051,"is_bot":false,"first_name":"Jahail","last_name":"Bambos","username":"JahailBambos","language_code":"ru"},"chat":{"id":1526104051,"first_name":"Jahail","last_name":"Bambos","username":"JahailBambos","type":"private"},"date":1763033709,"text":"/start","entities":[{"offset":0,"length":6,"type":"bot_command"}]}}

2025-11-13 21:50:47
{"update_id":856807252,
"message":{"message_id":102,"from":{"id":1526104051,"is_bot":false,"first_name":"Jahail","last_name":"Bambos","username":"JahailBambos","language_code":"ru"},"chat":{"id":1526104051,"first_name":"Jahail","last_name":"Bambos","username":"JahailBambos","type":"private"},"date":1763033709,"text":"/start","entities":[{"offset":0,"length":6,"type":"bot_command"}]}}

2025-11-13 21:52:24
{"update_id":856807252,
"message":{"message_id":102,"from":{"id":1526104051,"is_bot":false,"first_name":"Jahail","last_name":"Bambos","username":"JahailBambos","language_code":"ru"},"chat":{"id":1526104051,"first_name":"Jahail","last_name":"Bambos","username":"JahailBambos","type":"private"},"date":1763033709,"text":"/start","entities":[{"offset":0,"length":6,"type":"bot_command"}]}}

2025-11-13 21:54:06
{"update_id":856807252,
"message":{"message_id":102,"from":{"id":1526104051,"is_bot":false,"first_name":"Jahail","last_name":"Bambos","username":"JahailBambos","language_code":"ru"},"chat":{"id":1526104051,"first_name":"Jahail","last_name":"Bambos","username":"JahailBambos","type":"private"},"date":1763033709,"text":"/start","entities":[{"offset":0,"length":6,"type":"bot_command"}]}}

2025-11-13 21:55:26
{"update_id":856807252,
"message":{"message_id":102,"from":{"id":1526104051,"is_bot":false,"first_name":"Jahail","last_name":"Bambos","username":"JahailBambos","language_code":"ru"},"chat":{"id":1526104051,"first_name":"Jahail","last_name":"Bambos","username":"JahailBambos","type":"private"},"date":1763033709,"text":"/start","entities":[{"offset":0,"length":6,"type":"bot_command"}]}}

2025-11-13 21:57:11
{"update_id":856807252,
"message":{"message_id":102,"from":{"id":1526104051,"is_bot":false,"first_name":"Jahail","last_name":"Bambos","username":"JahailBambos","language_code":"ru"},"chat":{"id":1526104051,"first_name":"Jahail","last_name":"Bambos","username":"JahailBambos","type":"private"},"date":1763033709,"text":"/start","entities":[{"offset":0,"length":6,"type":"bot_command"}]}}

2025-11-13 21:58:28
{"update_id":856807252,
"message":{"message_id":102,"from":{"id":1526104051,"is_bot":false,"first_name":"Jahail","last_name":"Bambos","username":"JahailBambos","language_code":"ru"},"chat":{"id":1526104051,"first_name":"Jahail","last_name":"Bambos","username":"JahailBambos","type":"private"},"date":1763033709,"text":"/start","entities":[{"offset":0,"length":6,"type":"bot_command"}]}}

2025-11-13 22:00:23
{"update_id":856807252,
"message":{"message_id":102,"from":{"id":1526104051,"is_bot":false,"first_name":"Jahail","last_name":"Bambos","username":"JahailBambos","language_code":"ru"},"chat":{"id":1526104051,"first_name":"Jahail","last_name":"Bambos","username":"JahailBambos","type":"private"},"date":1763033709,"text":"/start","entities":[{"offset":0,"length":6,"type":"bot_command"}]}}

2025-11-13 22:01:27
{"update_id":856807252,
"message":{"message_id":102,"from":{"id":1526104051,"is_bot":false,"first_name":"Jahail","last_name":"Bambos","username":"JahailBambos","language_code":"ru"},"chat":{"id":1526104051,"first_name":"Jahail","last_name":"Bambos","username":"JahailBambos","type":"private"},"date":1763033709,"text":"/start","entities":[{"offset":0,"length":6,"type":"bot_command"}]}}

2025-11-13 22:03:09
{"update_id":856807252,
"message":{"message_id":102,"from":{"id":1526104051,"is_bot":false,"first_name":"Jahail","last_name":"Bambos","username":"JahailBambos","language_code":"ru"},"chat":{"id":1526104051,"first_name":"Jahail","last_name":"Bambos","username":"JahailBambos","type":"private"},"date":1763033709,"text":"/start","entities":[{"offset":0,"length":6,"type":"bot_command"}]}}

2025-11-13 22:04:50
{"update_id":856807252,
"message":{"message_id":102,"from":{"id":1526104051,"is_bot":false,"first_name":"Jahail","last_name":"Bambos","username":"JahailBambos","language_code":"ru"},"chat":{"id":1526104051,"first_name":"Jahail","last_name":"Bambos","username":"JahailBambos","type":"private"},"date":1763033709,"text":"/start","entities":[{"offset":0,"length":6,"type":"bot_command"}]}}

2025-11-13 22:05:51
{"update_id":856807252,
"message":{"message_id":102,"from":{"id":1526104051,"is_bot":false,"first_name":"Jahail","last_name":"Bambos","username":"JahailBambos","language_code":"ru"},"chat":{"id":1526104051,"first_name":"Jahail","last_name":"Bambos","username":"JahailBambos","type":"private"},"date":1763033709,"text":"/start","entities":[{"offset":0,"length":6,"type":"bot_command"}]}}

2025-11-13 22:07:14
{"update_id":856807252,
"message":{"message_id":102,"from":{"id":1526104051,"is_bot":false,"first_name":"Jahail","last_name":"Bambos","username":"JahailBambos","language_code":"ru"},"chat":{"id":1526104051,"first_name":"Jahail","last_name":"Bambos","username":"JahailBambos","type":"private"},"date":1763033709,"text":"/start","entities":[{"offset":0,"length":6,"type":"bot_command"}]}}

2025-11-13 22:09:06
{"update_id":856807252,
"message":{"message_id":102,"from":{"id":1526104051,"is_bot":false,"first_name":"Jahail","last_name":"Bambos","username":"JahailBambos","language_code":"ru"},"chat":{"id":1526104051,"first_name":"Jahail","last_name":"Bambos","username":"JahailBambos","type":"private"},"date":1763033709,"text":"/start","entities":[{"offset":0,"length":6,"type":"bot_command"}]}}

2025-11-13 22:10:35
{"update_id":856807252,
"message":{"message_id":102,"from":{"id":1526104051,"is_bot":false,"first_name":"Jahail","last_name":"Bambos","username":"JahailBambos","language_code":"ru"},"chat":{"id":1526104051,"first_name":"Jahail","last_name":"Bambos","username":"JahailBambos","type":"private"},"date":1763033709,"text":"/start","entities":[{"offset":0,"length":6,"type":"bot_command"}]}}

2025-11-13 22:11:49
{"update_id":856807252,
"message":{"message_id":102,"from":{"id":1526104051,"is_bot":false,"first_name":"Jahail","last_name":"Bambos","username":"JahailBambos","language_code":"ru"},"chat":{"id":1526104051,"first_name":"Jahail","last_name":"Bambos","username":"JahailBambos","type":"private"},"date":1763033709,"text":"/start","entities":[{"offset":0,"length":6,"type":"bot_command"}]}}

2025-11-13 22:13:00
{"update_id":856807252,
"message":{"message_id":102,"from":{"id":1526104051,"is_bot":false,"first_name":"Jahail","last_name":"Bambos","username":"JahailBambos","language_code":"ru"},"chat":{"id":1526104051,"first_name":"Jahail","last_name":"Bambos","username":"JahailBambos","type":"private"},"date":1763033709,"text":"/start","entities":[{"offset":0,"length":6,"type":"bot_command"}]}}

2025-11-13 22:14:57
{"update_id":856807252,
"message":{"message_id":102,"from":{"id":1526104051,"is_bot":false,"first_name":"Jahail","last_name":"Bambos","username":"JahailBambos","language_code":"ru"},"chat":{"id":1526104051,"first_name":"Jahail","last_name":"Bambos","username":"JahailBambos","type":"private"},"date":1763033709,"text":"/start","entities":[{"offset":0,"length":6,"type":"bot_command"}]}}

2025-11-13 22:16:05
{"update_id":856807252,
"message":{"message_id":102,"from":{"id":1526104051,"is_bot":false,"first_name":"Jahail","last_name":"Bambos","username":"JahailBambos","language_code":"ru"},"chat":{"id":1526104051,"first_name":"Jahail","last_name":"Bambos","username":"JahailBambos","type":"private"},"date":1763033709,"text":"/start","entities":[{"offset":0,"length":6,"type":"bot_command"}]}}

2025-11-13 22:17:35
{"update_id":856807252,
"message":{"message_id":102,"from":{"id":1526104051,"is_bot":false,"first_name":"Jahail","last_name":"Bambos","username":"JahailBambos","language_code":"ru"},"chat":{"id":1526104051,"first_name":"Jahail","last_name":"Bambos","username":"JahailBambos","type":"private"},"date":1763033709,"text":"/start","entities":[{"offset":0,"length":6,"type":"bot_command"}]}}

2025-11-13 22:18:45
{"update_id":856807252,
"message":{"message_id":102,"from":{"id":1526104051,"is_bot":false,"first_name":"Jahail","last_name":"Bambos","username":"JahailBambos","language_code":"ru"},"chat":{"id":1526104051,"first_name":"Jahail","last_name":"Bambos","username":"JahailBambos","type":"private"},"date":1763033709,"text":"/start","entities":[{"offset":0,"length":6,"type":"bot_command"}]}}

2025-11-13 22:20:15
{"update_id":856807252,
"message":{"message_id":102,"from":{"id":1526104051,"is_bot":false,"first_name":"Jahail","last_name":"Bambos","username":"JahailBambos","language_code":"ru"},"chat":{"id":1526104051,"first_name":"Jahail","last_name":"Bambos","username":"JahailBambos","type":"private"},"date":1763033709,"text":"/start","entities":[{"offset":0,"length":6,"type":"bot_command"}]}}

2025-11-13 22:21:59
{"update_id":856807252,
"message":{"message_id":102,"from":{"id":1526104051,"is_bot":false,"first_name":"Jahail","last_name":"Bambos","username":"JahailBambos","language_code":"ru"},"chat":{"id":1526104051,"first_name":"Jahail","last_name":"Bambos","username":"JahailBambos","type":"private"},"date":1763033709,"text":"/start","entities":[{"offset":0,"length":6,"type":"bot_command"}]}}

2025-11-13 22:23:20
{"update_id":856807252,
"message":{"message_id":102,"from":{"id":1526104051,"is_bot":false,"first_name":"Jahail","last_name":"Bambos","username":"JahailBambos","language_code":"ru"},"chat":{"id":1526104051,"first_name":"Jahail","last_name":"Bambos","username":"JahailBambos","type":"private"},"date":1763033709,"text":"/start","entities":[{"offset":0,"length":6,"type":"bot_command"}]}}

2025-11-13 22:24:56
{"update_id":856807252,
"message":{"message_id":102,"from":{"id":1526104051,"is_bot":false,"first_name":"Jahail","last_name":"Bambos","username":"JahailBambos","language_code":"ru"},"chat":{"id":1526104051,"first_name":"Jahail","last_name":"Bambos","username":"JahailBambos","type":"private"},"date":1763033709,"text":"/start","entities":[{"offset":0,"length":6,"type":"bot_command"}]}}

2025-11-13 22:26:44
{"update_id":856807252,
"message":{"message_id":102,"from":{"id":1526104051,"is_bot":false,"first_name":"Jahail","last_name":"Bambos","username":"JahailBambos","language_code":"ru"},"chat":{"id":1526104051,"first_name":"Jahail","last_name":"Bambos","username":"JahailBambos","type":"private"},"date":1763033709,"text":"/start","entities":[{"offset":0,"length":6,"type":"bot_command"}]}}

2025-11-13 22:28:23
{"update_id":856807252,
"message":{"message_id":102,"from":{"id":1526104051,"is_bot":false,"first_name":"Jahail","last_name":"Bambos","username":"JahailBambos","language_code":"ru"},"chat":{"id":1526104051,"first_name":"Jahail","last_name":"Bambos","username":"JahailBambos","type":"private"},"date":1763033709,"text":"/start","entities":[{"offset":0,"length":6,"type":"bot_command"}]}}

2025-11-13 22:29:59
{"update_id":856807252,
"message":{"message_id":102,"from":{"id":1526104051,"is_bot":false,"first_name":"Jahail","last_name":"Bambos","username":"JahailBambos","language_code":"ru"},"chat":{"id":1526104051,"first_name":"Jahail","last_name":"Bambos","username":"JahailBambos","type":"private"},"date":1763033709,"text":"/start","entities":[{"offset":0,"length":6,"type":"bot_command"}]}}

2025-11-13 22:31:07
{"update_id":856807252,
"message":{"message_id":102,"from":{"id":1526104051,"is_bot":false,"first_name":"Jahail","last_name":"Bambos","username":"JahailBambos","language_code":"ru"},"chat":{"id":1526104051,"first_name":"Jahail","last_name":"Bambos","username":"JahailBambos","type":"private"},"date":1763033709,"text":"/start","entities":[{"offset":0,"length":6,"type":"bot_command"}]}}

2025-11-13 22:32:15
{"update_id":856807252,
"message":{"message_id":102,"from":{"id":1526104051,"is_bot":false,"first_name":"Jahail","last_name":"Bambos","username":"JahailBambos","language_code":"ru"},"chat":{"id":1526104051,"first_name":"Jahail","last_name":"Bambos","username":"JahailBambos","type":"private"},"date":1763033709,"text":"/start","entities":[{"offset":0,"length":6,"type":"bot_command"}]}}

2025-11-13 22:33:22
{"update_id":856807252,
"message":{"message_id":102,"from":{"id":1526104051,"is_bot":false,"first_name":"Jahail","last_name":"Bambos","username":"JahailBambos","language_code":"ru"},"chat":{"id":1526104051,"first_name":"Jahail","last_name":"Bambos","username":"JahailBambos","type":"private"},"date":1763033709,"text":"/start","entities":[{"offset":0,"length":6,"type":"bot_command"}]}}

2025-11-13 22:34:50
{"update_id":856807252,
"message":{"message_id":102,"from":{"id":1526104051,"is_bot":false,"first_name":"Jahail","last_name":"Bambos","username":"JahailBambos","language_code":"ru"},"chat":{"id":1526104051,"first_name":"Jahail","last_name":"Bambos","username":"JahailBambos","type":"private"},"date":1763033709,"text":"/start","entities":[{"offset":0,"length":6,"type":"bot_command"}]}}

2025-11-13 22:36:22
{"update_id":856807252,
"message":{"message_id":102,"from":{"id":1526104051,"is_bot":false,"first_name":"Jahail","last_name":"Bambos","username":"JahailBambos","language_code":"ru"},"chat":{"id":1526104051,"first_name":"Jahail","last_name":"Bambos","username":"JahailBambos","type":"private"},"date":1763033709,"text":"/start","entities":[{"offset":0,"length":6,"type":"bot_command"}]}}

2025-11-13 22:38:05
{"update_id":856807252,
"message":{"message_id":102,"from":{"id":1526104051,"is_bot":false,"first_name":"Jahail","last_name":"Bambos","username":"JahailBambos","language_code":"ru"},"chat":{"id":1526104051,"first_name":"Jahail","last_name":"Bambos","username":"JahailBambos","type":"private"},"date":1763033709,"text":"/start","entities":[{"offset":0,"length":6,"type":"bot_command"}]}}

2025-11-13 22:39:15
{"update_id":856807252,
"message":{"message_id":102,"from":{"id":1526104051,"is_bot":false,"first_name":"Jahail","last_name":"Bambos","username":"JahailBambos","language_code":"ru"},"chat":{"id":1526104051,"first_name":"Jahail","last_name":"Bambos","username":"JahailBambos","type":"private"},"date":1763033709,"text":"/start","entities":[{"offset":0,"length":6,"type":"bot_command"}]}}

2025-11-13 22:40:24
{"update_id":856807252,
"message":{"message_id":102,"from":{"id":1526104051,"is_bot":false,"first_name":"Jahail","last_name":"Bambos","username":"JahailBambos","language_code":"ru"},"chat":{"id":1526104051,"first_name":"Jahail","last_name":"Bambos","username":"JahailBambos","type":"private"},"date":1763033709,"text":"/start","entities":[{"offset":0,"length":6,"type":"bot_command"}]}}

2025-11-13 22:42:12
{"update_id":856807252,
"message":{"message_id":102,"from":{"id":1526104051,"is_bot":false,"first_name":"Jahail","last_name":"Bambos","username":"JahailBambos","language_code":"ru"},"chat":{"id":1526104051,"first_name":"Jahail","last_name":"Bambos","username":"JahailBambos","type":"private"},"date":1763033709,"text":"/start","entities":[{"offset":0,"length":6,"type":"bot_command"}]}}

2025-11-13 22:43:31
{"update_id":856807252,
"message":{"message_id":102,"from":{"id":1526104051,"is_bot":false,"first_name":"Jahail","last_name":"Bambos","username":"JahailBambos","language_code":"ru"},"chat":{"id":1526104051,"first_name":"Jahail","last_name":"Bambos","username":"JahailBambos","type":"private"},"date":1763033709,"text":"/start","entities":[{"offset":0,"length":6,"type":"bot_command"}]}}

2025-11-13 22:45:19
{"update_id":856807252,
"message":{"message_id":102,"from":{"id":1526104051,"is_bot":false,"first_name":"Jahail","last_name":"Bambos","username":"JahailBambos","language_code":"ru"},"chat":{"id":1526104051,"first_name":"Jahail","last_name":"Bambos","username":"JahailBambos","type":"private"},"date":1763033709,"text":"/start","entities":[{"offset":0,"length":6,"type":"bot_command"}]}}

2025-11-13 22:47:10
{"update_id":856807252,
"message":{"message_id":102,"from":{"id":1526104051,"is_bot":false,"first_name":"Jahail","last_name":"Bambos","username":"JahailBambos","language_code":"ru"},"chat":{"id":1526104051,"first_name":"Jahail","last_name":"Bambos","username":"JahailBambos","type":"private"},"date":1763033709,"text":"/start","entities":[{"offset":0,"length":6,"type":"bot_command"}]}}

2025-11-13 22:48:58
{"update_id":856807252,
"message":{"message_id":102,"from":{"id":1526104051,"is_bot":false,"first_name":"Jahail","last_name":"Bambos","username":"JahailBambos","language_code":"ru"},"chat":{"id":1526104051,"first_name":"Jahail","last_name":"Bambos","username":"JahailBambos","type":"private"},"date":1763033709,"text":"/start","entities":[{"offset":0,"length":6,"type":"bot_command"}]}}

2025-11-13 22:50:29
{"update_id":856807252,
"message":{"message_id":102,"from":{"id":1526104051,"is_bot":false,"first_name":"Jahail","last_name":"Bambos","username":"JahailBambos","language_code":"ru"},"chat":{"id":1526104051,"first_name":"Jahail","last_name":"Bambos","username":"JahailBambos","type":"private"},"date":1763033709,"text":"/start","entities":[{"offset":0,"length":6,"type":"bot_command"}]}}

2025-11-13 22:52:10
{"update_id":856807252,
"message":{"message_id":102,"from":{"id":1526104051,"is_bot":false,"first_name":"Jahail","last_name":"Bambos","username":"JahailBambos","language_code":"ru"},"chat":{"id":1526104051,"first_name":"Jahail","last_name":"Bambos","username":"JahailBambos","type":"private"},"date":1763033709,"text":"/start","entities":[{"offset":0,"length":6,"type":"bot_command"}]}}

2025-11-13 22:53:23
{"update_id":856807252,
"message":{"message_id":102,"from":{"id":1526104051,"is_bot":false,"first_name":"Jahail","last_name":"Bambos","username":"JahailBambos","language_code":"ru"},"chat":{"id":1526104051,"first_name":"Jahail","last_name":"Bambos","username":"JahailBambos","type":"private"},"date":1763033709,"text":"/start","entities":[{"offset":0,"length":6,"type":"bot_command"}]}}

2025-11-13 22:54:57
{"update_id":856807252,
"message":{"message_id":102,"from":{"id":1526104051,"is_bot":false,"first_name":"Jahail","last_name":"Bambos","username":"JahailBambos","language_code":"ru"},"chat":{"id":1526104051,"first_name":"Jahail","last_name":"Bambos","username":"JahailBambos","type":"private"},"date":1763033709,"text":"/start","entities":[{"offset":0,"length":6,"type":"bot_command"}]}}

2025-11-13 22:56:47
{"update_id":856807252,
"message":{"message_id":102,"from":{"id":1526104051,"is_bot":false,"first_name":"Jahail","last_name":"Bambos","username":"JahailBambos","language_code":"ru"},"chat":{"id":1526104051,"first_name":"Jahail","last_name":"Bambos","username":"JahailBambos","type":"private"},"date":1763033709,"text":"/start","entities":[{"offset":0,"length":6,"type":"bot_command"}]}}

2025-11-13 22:57:58
{"update_id":856807252,
"message":{"message_id":102,"from":{"id":1526104051,"is_bot":false,"first_name":"Jahail","last_name":"Bambos","username":"JahailBambos","language_code":"ru"},"chat":{"id":1526104051,"first_name":"Jahail","last_name":"Bambos","username":"JahailBambos","type":"private"},"date":1763033709,"text":"/start","entities":[{"offset":0,"length":6,"type":"bot_command"}]}}

2025-11-13 22:59:09
{"update_id":856807252,
"message":{"message_id":102,"from":{"id":1526104051,"is_bot":false,"first_name":"Jahail","last_name":"Bambos","username":"JahailBambos","language_code":"ru"},"chat":{"id":1526104051,"first_name":"Jahail","last_name":"Bambos","username":"JahailBambos","type":"private"},"date":1763033709,"text":"/start","entities":[{"offset":0,"length":6,"type":"bot_command"}]}}

2025-11-13 23:00:40
{"update_id":856807252,
"message":{"message_id":102,"from":{"id":1526104051,"is_bot":false,"first_name":"Jahail","last_name":"Bambos","username":"JahailBambos","language_code":"ru"},"chat":{"id":1526104051,"first_name":"Jahail","last_name":"Bambos","username":"JahailBambos","type":"private"},"date":1763033709,"text":"/start","entities":[{"offset":0,"length":6,"type":"bot_command"}]}}

2025-11-13 23:02:15
{"update_id":856807252,
"message":{"message_id":102,"from":{"id":1526104051,"is_bot":false,"first_name":"Jahail","last_name":"Bambos","username":"JahailBambos","language_code":"ru"},"chat":{"id":1526104051,"first_name":"Jahail","last_name":"Bambos","username":"JahailBambos","type":"private"},"date":1763033709,"text":"/start","entities":[{"offset":0,"length":6,"type":"bot_command"}]}}

2025-11-13 23:03:15
{"update_id":856807252,
"message":{"message_id":102,"from":{"id":1526104051,"is_bot":false,"first_name":"Jahail","last_name":"Bambos","username":"JahailBambos","language_code":"ru"},"chat":{"id":1526104051,"first_name":"Jahail","last_name":"Bambos","username":"JahailBambos","type":"private"},"date":1763033709,"text":"/start","entities":[{"offset":0,"length":6,"type":"bot_command"}]}}

2025-11-13 23:04:35
{"update_id":856807252,
"message":{"message_id":102,"from":{"id":1526104051,"is_bot":false,"first_name":"Jahail","last_name":"Bambos","username":"JahailBambos","language_code":"ru"},"chat":{"id":1526104051,"first_name":"Jahail","last_name":"Bambos","username":"JahailBambos","type":"private"},"date":1763033709,"text":"/start","entities":[{"offset":0,"length":6,"type":"bot_command"}]}}

2025-11-13 23:06:20
{"update_id":856807252,
"message":{"message_id":102,"from":{"id":1526104051,"is_bot":false,"first_name":"Jahail","last_name":"Bambos","username":"JahailBambos","language_code":"ru"},"chat":{"id":1526104051,"first_name":"Jahail","last_name":"Bambos","username":"JahailBambos","type":"private"},"date":1763033709,"text":"/start","entities":[{"offset":0,"length":6,"type":"bot_command"}]}}

2025-11-13 23:07:46
{"update_id":856807252,
"message":{"message_id":102,"from":{"id":1526104051,"is_bot":false,"first_name":"Jahail","last_name":"Bambos","username":"JahailBambos","language_code":"ru"},"chat":{"id":1526104051,"first_name":"Jahail","last_name":"Bambos","username":"JahailBambos","type":"private"},"date":1763033709,"text":"/start","entities":[{"offset":0,"length":6,"type":"bot_command"}]}}

2025-11-13 23:09:13
{"update_id":856807252,
"message":{"message_id":102,"from":{"id":1526104051,"is_bot":false,"first_name":"Jahail","last_name":"Bambos","username":"JahailBambos","language_code":"ru"},"chat":{"id":1526104051,"first_name":"Jahail","last_name":"Bambos","username":"JahailBambos","type":"private"},"date":1763033709,"text":"/start","entities":[{"offset":0,"length":6,"type":"bot_command"}]}}

2025-11-13 23:11:07
{"update_id":856807252,
"message":{"message_id":102,"from":{"id":1526104051,"is_bot":false,"first_name":"Jahail","last_name":"Bambos","username":"JahailBambos","language_code":"ru"},"chat":{"id":1526104051,"first_name":"Jahail","last_name":"Bambos","username":"JahailBambos","type":"private"},"date":1763033709,"text":"/start","entities":[{"offset":0,"length":6,"type":"bot_command"}]}}

2025-11-13 23:12:10
{"update_id":856807252,
"message":{"message_id":102,"from":{"id":1526104051,"is_bot":false,"first_name":"Jahail","last_name":"Bambos","username":"JahailBambos","language_code":"ru"},"chat":{"id":1526104051,"first_name":"Jahail","last_name":"Bambos","username":"JahailBambos","type":"private"},"date":1763033709,"text":"/start","entities":[{"offset":0,"length":6,"type":"bot_command"}]}}

2025-11-13 23:13:53
{"update_id":856807252,
"message":{"message_id":102,"from":{"id":1526104051,"is_bot":false,"first_name":"Jahail","last_name":"Bambos","username":"JahailBambos","language_code":"ru"},"chat":{"id":1526104051,"first_name":"Jahail","last_name":"Bambos","username":"JahailBambos","type":"private"},"date":1763033709,"text":"/start","entities":[{"offset":0,"length":6,"type":"bot_command"}]}}

2025-11-13 23:15:47
{"update_id":856807252,
"message":{"message_id":102,"from":{"id":1526104051,"is_bot":false,"first_name":"Jahail","last_name":"Bambos","username":"JahailBambos","language_code":"ru"},"chat":{"id":1526104051,"first_name":"Jahail","last_name":"Bambos","username":"JahailBambos","type":"private"},"date":1763033709,"text":"/start","entities":[{"offset":0,"length":6,"type":"bot_command"}]}}

2025-11-13 23:16:47
{"update_id":856807252,
"message":{"message_id":102,"from":{"id":1526104051,"is_bot":false,"first_name":"Jahail","last_name":"Bambos","username":"JahailBambos","language_code":"ru"},"chat":{"id":1526104051,"first_name":"Jahail","last_name":"Bambos","username":"JahailBambos","type":"private"},"date":1763033709,"text":"/start","entities":[{"offset":0,"length":6,"type":"bot_command"}]}}

2025-11-13 23:18:08
{"update_id":856807252,
"message":{"message_id":102,"from":{"id":1526104051,"is_bot":false,"first_name":"Jahail","last_name":"Bambos","username":"JahailBambos","language_code":"ru"},"chat":{"id":1526104051,"first_name":"Jahail","last_name":"Bambos","username":"JahailBambos","type":"private"},"date":1763033709,"text":"/start","entities":[{"offset":0,"length":6,"type":"bot_command"}]}}

2025-11-13 23:19:46
{"update_id":856807252,
"message":{"message_id":102,"from":{"id":1526104051,"is_bot":false,"first_name":"Jahail","last_name":"Bambos","username":"JahailBambos","language_code":"ru"},"chat":{"id":1526104051,"first_name":"Jahail","last_name":"Bambos","username":"JahailBambos","type":"private"},"date":1763033709,"text":"/start","entities":[{"offset":0,"length":6,"type":"bot_command"}]}}

2025-11-13 23:21:41
{"update_id":856807252,
"message":{"message_id":102,"from":{"id":1526104051,"is_bot":false,"first_name":"Jahail","last_name":"Bambos","username":"JahailBambos","language_code":"ru"},"chat":{"id":1526104051,"first_name":"Jahail","last_name":"Bambos","username":"JahailBambos","type":"private"},"date":1763033709,"text":"/start","entities":[{"offset":0,"length":6,"type":"bot_command"}]}}

2025-11-13 23:23:41
{"update_id":856807252,
"message":{"message_id":102,"from":{"id":1526104051,"is_bot":false,"first_name":"Jahail","last_name":"Bambos","username":"JahailBambos","language_code":"ru"},"chat":{"id":1526104051,"first_name":"Jahail","last_name":"Bambos","username":"JahailBambos","type":"private"},"date":1763033709,"text":"/start","entities":[{"offset":0,"length":6,"type":"bot_command"}]}}

2025-11-13 23:25:21
{"update_id":856807252,
"message":{"message_id":102,"from":{"id":1526104051,"is_bot":false,"first_name":"Jahail","last_name":"Bambos","username":"JahailBambos","language_code":"ru"},"chat":{"id":1526104051,"first_name":"Jahail","last_name":"Bambos","username":"JahailBambos","type":"private"},"date":1763033709,"text":"/start","entities":[{"offset":0,"length":6,"type":"bot_command"}]}}

2025-11-13 23:26:55
{"update_id":856807252,
"message":{"message_id":102,"from":{"id":1526104051,"is_bot":false,"first_name":"Jahail","last_name":"Bambos","username":"JahailBambos","language_code":"ru"},"chat":{"id":1526104051,"first_name":"Jahail","last_name":"Bambos","username":"JahailBambos","type":"private"},"date":1763033709,"text":"/start","entities":[{"offset":0,"length":6,"type":"bot_command"}]}}

2025-11-13 23:28:16
{"update_id":856807252,
"message":{"message_id":102,"from":{"id":1526104051,"is_bot":false,"first_name":"Jahail","last_name":"Bambos","username":"JahailBambos","language_code":"ru"},"chat":{"id":1526104051,"first_name":"Jahail","last_name":"Bambos","username":"JahailBambos","type":"private"},"date":1763033709,"text":"/start","entities":[{"offset":0,"length":6,"type":"bot_command"}]}}

2025-11-13 23:30:06
{"update_id":856807252,
"message":{"message_id":102,"from":{"id":1526104051,"is_bot":false,"first_name":"Jahail","last_name":"Bambos","username":"JahailBambos","language_code":"ru"},"chat":{"id":1526104051,"first_name":"Jahail","last_name":"Bambos","username":"JahailBambos","type":"private"},"date":1763033709,"text":"/start","entities":[{"offset":0,"length":6,"type":"bot_command"}]}}

2025-11-13 23:31:14
{"update_id":856807252,
"message":{"message_id":102,"from":{"id":1526104051,"is_bot":false,"first_name":"Jahail","last_name":"Bambos","username":"JahailBambos","language_code":"ru"},"chat":{"id":1526104051,"first_name":"Jahail","last_name":"Bambos","username":"JahailBambos","type":"private"},"date":1763033709,"text":"/start","entities":[{"offset":0,"length":6,"type":"bot_command"}]}}

2025-11-13 23:32:51
{"update_id":856807252,
"message":{"message_id":102,"from":{"id":1526104051,"is_bot":false,"first_name":"Jahail","last_name":"Bambos","username":"JahailBambos","language_code":"ru"},"chat":{"id":1526104051,"first_name":"Jahail","last_name":"Bambos","username":"JahailBambos","type":"private"},"date":1763033709,"text":"/start","entities":[{"offset":0,"length":6,"type":"bot_command"}]}}

2025-11-13 23:34:11
{"update_id":856807252,
"message":{"message_id":102,"from":{"id":1526104051,"is_bot":false,"first_name":"Jahail","last_name":"Bambos","username":"JahailBambos","language_code":"ru"},"chat":{"id":1526104051,"first_name":"Jahail","last_name":"Bambos","username":"JahailBambos","type":"private"},"date":1763033709,"text":"/start","entities":[{"offset":0,"length":6,"type":"bot_command"}]}}

2025-11-13 23:35:52
{"update_id":856807252,
"message":{"message_id":102,"from":{"id":1526104051,"is_bot":false,"first_name":"Jahail","last_name":"Bambos","username":"JahailBambos","language_code":"ru"},"chat":{"id":1526104051,"first_name":"Jahail","last_name":"Bambos","username":"JahailBambos","type":"private"},"date":1763033709,"text":"/start","entities":[{"offset":0,"length":6,"type":"bot_command"}]}}

2025-11-13 23:37:37
{"update_id":856807252,
"message":{"message_id":102,"from":{"id":1526104051,"is_bot":false,"first_name":"Jahail","last_name":"Bambos","username":"JahailBambos","language_code":"ru"},"chat":{"id":1526104051,"first_name":"Jahail","last_name":"Bambos","username":"JahailBambos","type":"private"},"date":1763033709,"text":"/start","entities":[{"offset":0,"length":6,"type":"bot_command"}]}}

2025-11-13 23:39:37
{"update_id":856807252,
"message":{"message_id":102,"from":{"id":1526104051,"is_bot":false,"first_name":"Jahail","last_name":"Bambos","username":"JahailBambos","language_code":"ru"},"chat":{"id":1526104051,"first_name":"Jahail","last_name":"Bambos","username":"JahailBambos","type":"private"},"date":1763033709,"text":"/start","entities":[{"offset":0,"length":6,"type":"bot_command"}]}}

2025-11-13 23:41:23
{"update_id":856807252,
"message":{"message_id":102,"from":{"id":1526104051,"is_bot":false,"first_name":"Jahail","last_name":"Bambos","username":"JahailBambos","language_code":"ru"},"chat":{"id":1526104051,"first_name":"Jahail","last_name":"Bambos","username":"JahailBambos","type":"private"},"date":1763033709,"text":"/start","entities":[{"offset":0,"length":6,"type":"bot_command"}]}}

2025-11-13 23:43:06
{"update_id":856807252,
"message":{"message_id":102,"from":{"id":1526104051,"is_bot":false,"first_name":"Jahail","last_name":"Bambos","username":"JahailBambos","language_code":"ru"},"chat":{"id":1526104051,"first_name":"Jahail","last_name":"Bambos","username":"JahailBambos","type":"private"},"date":1763033709,"text":"/start","entities":[{"offset":0,"length":6,"type":"bot_command"}]}}

2025-11-13 23:44:27
{"update_id":856807252,
"message":{"message_id":102,"from":{"id":1526104051,"is_bot":false,"first_name":"Jahail","last_name":"Bambos","username":"JahailBambos","language_code":"ru"},"chat":{"id":1526104051,"first_name":"Jahail","last_name":"Bambos","username":"JahailBambos","type":"private"},"date":1763033709,"text":"/start","entities":[{"offset":0,"length":6,"type":"bot_command"}]}}

2025-11-13 23:45:32
{"update_id":856807252,
"message":{"message_id":102,"from":{"id":1526104051,"is_bot":false,"first_name":"Jahail","last_name":"Bambos","username":"JahailBambos","language_code":"ru"},"chat":{"id":1526104051,"first_name":"Jahail","last_name":"Bambos","username":"JahailBambos","type":"private"},"date":1763033709,"text":"/start","entities":[{"offset":0,"length":6,"type":"bot_command"}]}}

2025-11-13 23:47:16
{"update_id":856807252,
"message":{"message_id":102,"from":{"id":1526104051,"is_bot":false,"first_name":"Jahail","last_name":"Bambos","username":"JahailBambos","language_code":"ru"},"chat":{"id":1526104051,"first_name":"Jahail","last_name":"Bambos","username":"JahailBambos","type":"private"},"date":1763033709,"text":"/start","entities":[{"offset":0,"length":6,"type":"bot_command"}]}}

2025-11-13 23:48:59
{"update_id":856807252,
"message":{"message_id":102,"from":{"id":1526104051,"is_bot":false,"first_name":"Jahail","last_name":"Bambos","username":"JahailBambos","language_code":"ru"},"chat":{"id":1526104051,"first_name":"Jahail","last_name":"Bambos","username":"JahailBambos","type":"private"},"date":1763033709,"text":"/start","entities":[{"offset":0,"length":6,"type":"bot_command"}]}}

2025-11-13 23:50:55
{"update_id":856807252,
"message":{"message_id":102,"from":{"id":1526104051,"is_bot":false,"first_name":"Jahail","last_name":"Bambos","username":"JahailBambos","language_code":"ru"},"chat":{"id":1526104051,"first_name":"Jahail","last_name":"Bambos","username":"JahailBambos","type":"private"},"date":1763033709,"text":"/start","entities":[{"offset":0,"length":6,"type":"bot_command"}]}}

2025-11-13 23:52:03
{"update_id":856807252,
"message":{"message_id":102,"from":{"id":1526104051,"is_bot":false,"first_name":"Jahail","last_name":"Bambos","username":"JahailBambos","language_code":"ru"},"chat":{"id":1526104051,"first_name":"Jahail","last_name":"Bambos","username":"JahailBambos","type":"private"},"date":1763033709,"text":"/start","entities":[{"offset":0,"length":6,"type":"bot_command"}]}}

2025-11-13 23:53:03
{"update_id":856807252,
"message":{"message_id":102,"from":{"id":1526104051,"is_bot":false,"first_name":"Jahail","last_name":"Bambos","username":"JahailBambos","language_code":"ru"},"chat":{"id":1526104051,"first_name":"Jahail","last_name":"Bambos","username":"JahailBambos","type":"private"},"date":1763033709,"text":"/start","entities":[{"offset":0,"length":6,"type":"bot_command"}]}}

2025-11-13 23:54:37
{"update_id":856807252,
"message":{"message_id":102,"from":{"id":1526104051,"is_bot":false,"first_name":"Jahail","last_name":"Bambos","username":"JahailBambos","language_code":"ru"},"chat":{"id":1526104051,"first_name":"Jahail","last_name":"Bambos","username":"JahailBambos","type":"private"},"date":1763033709,"text":"/start","entities":[{"offset":0,"length":6,"type":"bot_command"}]}}

2025-11-13 23:56:33
{"update_id":856807252,
"message":{"message_id":102,"from":{"id":1526104051,"is_bot":false,"first_name":"Jahail","last_name":"Bambos","username":"JahailBambos","language_code":"ru"},"chat":{"id":1526104051,"first_name":"Jahail","last_name":"Bambos","username":"JahailBambos","type":"private"},"date":1763033709,"text":"/start","entities":[{"offset":0,"length":6,"type":"bot_command"}]}}

2025-11-13 23:58:18
{"update_id":856807252,
"message":{"message_id":102,"from":{"id":1526104051,"is_bot":false,"first_name":"Jahail","last_name":"Bambos","username":"JahailBambos","language_code":"ru"},"chat":{"id":1526104051,"first_name":"Jahail","last_name":"Bambos","username":"JahailBambos","type":"private"},"date":1763033709,"text":"/start","entities":[{"offset":0,"length":6,"type":"bot_command"}]}}

2025-11-14 00:00:04
{"update_id":856807252,
"message":{"message_id":102,"from":{"id":1526104051,"is_bot":false,"first_name":"Jahail","last_name":"Bambos","username":"JahailBambos","language_code":"ru"},"chat":{"id":1526104051,"first_name":"Jahail","last_name":"Bambos","username":"JahailBambos","type":"private"},"date":1763033709,"text":"/start","entities":[{"offset":0,"length":6,"type":"bot_command"}]}}

2025-11-14 00:01:21
{"update_id":856807252,
"message":{"message_id":102,"from":{"id":1526104051,"is_bot":false,"first_name":"Jahail","last_name":"Bambos","username":"JahailBambos","language_code":"ru"},"chat":{"id":1526104051,"first_name":"Jahail","last_name":"Bambos","username":"JahailBambos","type":"private"},"date":1763033709,"text":"/start","entities":[{"offset":0,"length":6,"type":"bot_command"}]}}

2025-11-14 00:02:30
{"update_id":856807252,
"message":{"message_id":102,"from":{"id":1526104051,"is_bot":false,"first_name":"Jahail","last_name":"Bambos","username":"JahailBambos","language_code":"ru"},"chat":{"id":1526104051,"first_name":"Jahail","last_name":"Bambos","username":"JahailBambos","type":"private"},"date":1763033709,"text":"/start","entities":[{"offset":0,"length":6,"type":"bot_command"}]}}

2025-11-14 00:04:23
{"update_id":856807252,
"message":{"message_id":102,"from":{"id":1526104051,"is_bot":false,"first_name":"Jahail","last_name":"Bambos","username":"JahailBambos","language_code":"ru"},"chat":{"id":1526104051,"first_name":"Jahail","last_name":"Bambos","username":"JahailBambos","type":"private"},"date":1763033709,"text":"/start","entities":[{"offset":0,"length":6,"type":"bot_command"}]}}

2025-11-14 00:05:54
{"update_id":856807252,
"message":{"message_id":102,"from":{"id":1526104051,"is_bot":false,"first_name":"Jahail","last_name":"Bambos","username":"JahailBambos","language_code":"ru"},"chat":{"id":1526104051,"first_name":"Jahail","last_name":"Bambos","username":"JahailBambos","type":"private"},"date":1763033709,"text":"/start","entities":[{"offset":0,"length":6,"type":"bot_command"}]}}

2025-11-14 00:07:13
{"update_id":856807252,
"message":{"message_id":102,"from":{"id":1526104051,"is_bot":false,"first_name":"Jahail","last_name":"Bambos","username":"JahailBambos","language_code":"ru"},"chat":{"id":1526104051,"first_name":"Jahail","last_name":"Bambos","username":"JahailBambos","type":"private"},"date":1763033709,"text":"/start","entities":[{"offset":0,"length":6,"type":"bot_command"}]}}

2025-11-14 00:09:11
{"update_id":856807252,
"message":{"message_id":102,"from":{"id":1526104051,"is_bot":false,"first_name":"Jahail","last_name":"Bambos","username":"JahailBambos","language_code":"ru"},"chat":{"id":1526104051,"first_name":"Jahail","last_name":"Bambos","username":"JahailBambos","type":"private"},"date":1763033709,"text":"/start","entities":[{"offset":0,"length":6,"type":"bot_command"}]}}

2025-11-14 00:10:51
{"update_id":856807252,
"message":{"message_id":102,"from":{"id":1526104051,"is_bot":false,"first_name":"Jahail","last_name":"Bambos","username":"JahailBambos","language_code":"ru"},"chat":{"id":1526104051,"first_name":"Jahail","last_name":"Bambos","username":"JahailBambos","type":"private"},"date":1763033709,"text":"/start","entities":[{"offset":0,"length":6,"type":"bot_command"}]}}

2025-11-14 00:12:35
{"update_id":856807252,
"message":{"message_id":102,"from":{"id":1526104051,"is_bot":false,"first_name":"Jahail","last_name":"Bambos","username":"JahailBambos","language_code":"ru"},"chat":{"id":1526104051,"first_name":"Jahail","last_name":"Bambos","username":"JahailBambos","type":"private"},"date":1763033709,"text":"/start","entities":[{"offset":0,"length":6,"type":"bot_command"}]}}

2025-11-14 00:14:13
{"update_id":856807252,
"message":{"message_id":102,"from":{"id":1526104051,"is_bot":false,"first_name":"Jahail","last_name":"Bambos","username":"JahailBambos","language_code":"ru"},"chat":{"id":1526104051,"first_name":"Jahail","last_name":"Bambos","username":"JahailBambos","type":"private"},"date":1763033709,"text":"/start","entities":[{"offset":0,"length":6,"type":"bot_command"}]}}

2025-11-14 00:16:08
{"update_id":856807252,
"message":{"message_id":102,"from":{"id":1526104051,"is_bot":false,"first_name":"Jahail","last_name":"Bambos","username":"JahailBambos","language_code":"ru"},"chat":{"id":1526104051,"first_name":"Jahail","last_name":"Bambos","username":"JahailBambos","type":"private"},"date":1763033709,"text":"/start","entities":[{"offset":0,"length":6,"type":"bot_command"}]}}

2025-11-14 00:17:32
{"update_id":856807252,
"message":{"message_id":102,"from":{"id":1526104051,"is_bot":false,"first_name":"Jahail","last_name":"Bambos","username":"JahailBambos","language_code":"ru"},"chat":{"id":1526104051,"first_name":"Jahail","last_name":"Bambos","username":"JahailBambos","type":"private"},"date":1763033709,"text":"/start","entities":[{"offset":0,"length":6,"type":"bot_command"}]}}

2025-11-14 00:18:53
{"update_id":856807252,
"message":{"message_id":102,"from":{"id":1526104051,"is_bot":false,"first_name":"Jahail","last_name":"Bambos","username":"JahailBambos","language_code":"ru"},"chat":{"id":1526104051,"first_name":"Jahail","last_name":"Bambos","username":"JahailBambos","type":"private"},"date":1763033709,"text":"/start","entities":[{"offset":0,"length":6,"type":"bot_command"}]}}

2025-11-14 00:19:58
{"update_id":856807252,
"message":{"message_id":102,"from":{"id":1526104051,"is_bot":false,"first_name":"Jahail","last_name":"Bambos","username":"JahailBambos","language_code":"ru"},"chat":{"id":1526104051,"first_name":"Jahail","last_name":"Bambos","username":"JahailBambos","type":"private"},"date":1763033709,"text":"/start","entities":[{"offset":0,"length":6,"type":"bot_command"}]}}

2025-11-14 00:21:28
{"update_id":856807252,
"message":{"message_id":102,"from":{"id":1526104051,"is_bot":false,"first_name":"Jahail","last_name":"Bambos","username":"JahailBambos","language_code":"ru"},"chat":{"id":1526104051,"first_name":"Jahail","last_name":"Bambos","username":"JahailBambos","type":"private"},"date":1763033709,"text":"/start","entities":[{"offset":0,"length":6,"type":"bot_command"}]}}

2025-11-14 00:22:40
{"update_id":856807252,
"message":{"message_id":102,"from":{"id":1526104051,"is_bot":false,"first_name":"Jahail","last_name":"Bambos","username":"JahailBambos","language_code":"ru"},"chat":{"id":1526104051,"first_name":"Jahail","last_name":"Bambos","username":"JahailBambos","type":"private"},"date":1763033709,"text":"/start","entities":[{"offset":0,"length":6,"type":"bot_command"}]}}

2025-11-14 00:24:29
{"update_id":856807252,
"message":{"message_id":102,"from":{"id":1526104051,"is_bot":false,"first_name":"Jahail","last_name":"Bambos","username":"JahailBambos","language_code":"ru"},"chat":{"id":1526104051,"first_name":"Jahail","last_name":"Bambos","username":"JahailBambos","type":"private"},"date":1763033709,"text":"/start","entities":[{"offset":0,"length":6,"type":"bot_command"}]}}

2025-11-14 00:26:24
{"update_id":856807252,
"message":{"message_id":102,"from":{"id":1526104051,"is_bot":false,"first_name":"Jahail","last_name":"Bambos","username":"JahailBambos","language_code":"ru"},"chat":{"id":1526104051,"first_name":"Jahail","last_name":"Bambos","username":"JahailBambos","type":"private"},"date":1763033709,"text":"/start","entities":[{"offset":0,"length":6,"type":"bot_command"}]}}

2025-11-14 00:27:40
{"update_id":856807252,
"message":{"message_id":102,"from":{"id":1526104051,"is_bot":false,"first_name":"Jahail","last_name":"Bambos","username":"JahailBambos","language_code":"ru"},"chat":{"id":1526104051,"first_name":"Jahail","last_name":"Bambos","username":"JahailBambos","type":"private"},"date":1763033709,"text":"/start","entities":[{"offset":0,"length":6,"type":"bot_command"}]}}

2025-11-14 00:29:18
{"update_id":856807252,
"message":{"message_id":102,"from":{"id":1526104051,"is_bot":false,"first_name":"Jahail","last_name":"Bambos","username":"JahailBambos","language_code":"ru"},"chat":{"id":1526104051,"first_name":"Jahail","last_name":"Bambos","username":"JahailBambos","type":"private"},"date":1763033709,"text":"/start","entities":[{"offset":0,"length":6,"type":"bot_command"}]}}

2025-11-14 00:31:14
{"update_id":856807252,
"message":{"message_id":102,"from":{"id":1526104051,"is_bot":false,"first_name":"Jahail","last_name":"Bambos","username":"JahailBambos","language_code":"ru"},"chat":{"id":1526104051,"first_name":"Jahail","last_name":"Bambos","username":"JahailBambos","type":"private"},"date":1763033709,"text":"/start","entities":[{"offset":0,"length":6,"type":"bot_command"}]}}

2025-11-14 00:32:59
{"update_id":856807252,
"message":{"message_id":102,"from":{"id":1526104051,"is_bot":false,"first_name":"Jahail","last_name":"Bambos","username":"JahailBambos","language_code":"ru"},"chat":{"id":1526104051,"first_name":"Jahail","last_name":"Bambos","username":"JahailBambos","type":"private"},"date":1763033709,"text":"/start","entities":[{"offset":0,"length":6,"type":"bot_command"}]}}

2025-11-14 00:34:10
{"update_id":856807252,
"message":{"message_id":102,"from":{"id":1526104051,"is_bot":false,"first_name":"Jahail","last_name":"Bambos","username":"JahailBambos","language_code":"ru"},"chat":{"id":1526104051,"first_name":"Jahail","last_name":"Bambos","username":"JahailBambos","type":"private"},"date":1763033709,"text":"/start","entities":[{"offset":0,"length":6,"type":"bot_command"}]}}

2025-11-14 00:35:14
{"update_id":856807252,
"message":{"message_id":102,"from":{"id":1526104051,"is_bot":false,"first_name":"Jahail","last_name":"Bambos","username":"JahailBambos","language_code":"ru"},"chat":{"id":1526104051,"first_name":"Jahail","last_name":"Bambos","username":"JahailBambos","type":"private"},"date":1763033709,"text":"/start","entities":[{"offset":0,"length":6,"type":"bot_command"}]}}

2025-11-14 00:36:51
{"update_id":856807252,
"message":{"message_id":102,"from":{"id":1526104051,"is_bot":false,"first_name":"Jahail","last_name":"Bambos","username":"JahailBambos","language_code":"ru"},"chat":{"id":1526104051,"first_name":"Jahail","last_name":"Bambos","username":"JahailBambos","type":"private"},"date":1763033709,"text":"/start","entities":[{"offset":0,"length":6,"type":"bot_command"}]}}

2025-11-14 00:38:32
{"update_id":856807252,
"message":{"message_id":102,"from":{"id":1526104051,"is_bot":false,"first_name":"Jahail","last_name":"Bambos","username":"JahailBambos","language_code":"ru"},"chat":{"id":1526104051,"first_name":"Jahail","last_name":"Bambos","username":"JahailBambos","type":"private"},"date":1763033709,"text":"/start","entities":[{"offset":0,"length":6,"type":"bot_command"}]}}

2025-11-14 00:39:37
{"update_id":856807252,
"message":{"message_id":102,"from":{"id":1526104051,"is_bot":false,"first_name":"Jahail","last_name":"Bambos","username":"JahailBambos","language_code":"ru"},"chat":{"id":1526104051,"first_name":"Jahail","last_name":"Bambos","username":"JahailBambos","type":"private"},"date":1763033709,"text":"/start","entities":[{"offset":0,"length":6,"type":"bot_command"}]}}

2025-11-14 00:41:27
{"update_id":856807252,
"message":{"message_id":102,"from":{"id":1526104051,"is_bot":false,"first_name":"Jahail","last_name":"Bambos","username":"JahailBambos","language_code":"ru"},"chat":{"id":1526104051,"first_name":"Jahail","last_name":"Bambos","username":"JahailBambos","type":"private"},"date":1763033709,"text":"/start","entities":[{"offset":0,"length":6,"type":"bot_command"}]}}

2025-11-14 00:43:14
{"update_id":856807252,
"message":{"message_id":102,"from":{"id":1526104051,"is_bot":false,"first_name":"Jahail","last_name":"Bambos","username":"JahailBambos","language_code":"ru"},"chat":{"id":1526104051,"first_name":"Jahail","last_name":"Bambos","username":"JahailBambos","type":"private"},"date":1763033709,"text":"/start","entities":[{"offset":0,"length":6,"type":"bot_command"}]}}

2025-11-14 00:44:34
{"update_id":856807252,
"message":{"message_id":102,"from":{"id":1526104051,"is_bot":false,"first_name":"Jahail","last_name":"Bambos","username":"JahailBambos","language_code":"ru"},"chat":{"id":1526104051,"first_name":"Jahail","last_name":"Bambos","username":"JahailBambos","type":"private"},"date":1763033709,"text":"/start","entities":[{"offset":0,"length":6,"type":"bot_command"}]}}

2025-11-14 00:46:01
{"update_id":856807252,
"message":{"message_id":102,"from":{"id":1526104051,"is_bot":false,"first_name":"Jahail","last_name":"Bambos","username":"JahailBambos","language_code":"ru"},"chat":{"id":1526104051,"first_name":"Jahail","last_name":"Bambos","username":"JahailBambos","type":"private"},"date":1763033709,"text":"/start","entities":[{"offset":0,"length":6,"type":"bot_command"}]}}

2025-11-14 00:47:31
{"update_id":856807252,
"message":{"message_id":102,"from":{"id":1526104051,"is_bot":false,"first_name":"Jahail","last_name":"Bambos","username":"JahailBambos","language_code":"ru"},"chat":{"id":1526104051,"first_name":"Jahail","last_name":"Bambos","username":"JahailBambos","type":"private"},"date":1763033709,"text":"/start","entities":[{"offset":0,"length":6,"type":"bot_command"}]}}

2025-11-14 00:49:00
{"update_id":856807252,
"message":{"message_id":102,"from":{"id":1526104051,"is_bot":false,"first_name":"Jahail","last_name":"Bambos","username":"JahailBambos","language_code":"ru"},"chat":{"id":1526104051,"first_name":"Jahail","last_name":"Bambos","username":"JahailBambos","type":"private"},"date":1763033709,"text":"/start","entities":[{"offset":0,"length":6,"type":"bot_command"}]}}

2025-11-14 00:50:01
{"update_id":856807252,
"message":{"message_id":102,"from":{"id":1526104051,"is_bot":false,"first_name":"Jahail","last_name":"Bambos","username":"JahailBambos","language_code":"ru"},"chat":{"id":1526104051,"first_name":"Jahail","last_name":"Bambos","username":"JahailBambos","type":"private"},"date":1763033709,"text":"/start","entities":[{"offset":0,"length":6,"type":"bot_command"}]}}

2025-11-14 00:51:29
{"update_id":856807252,
"message":{"message_id":102,"from":{"id":1526104051,"is_bot":false,"first_name":"Jahail","last_name":"Bambos","username":"JahailBambos","language_code":"ru"},"chat":{"id":1526104051,"first_name":"Jahail","last_name":"Bambos","username":"JahailBambos","type":"private"},"date":1763033709,"text":"/start","entities":[{"offset":0,"length":6,"type":"bot_command"}]}}

2025-11-14 00:52:48
{"update_id":856807252,
"message":{"message_id":102,"from":{"id":1526104051,"is_bot":false,"first_name":"Jahail","last_name":"Bambos","username":"JahailBambos","language_code":"ru"},"chat":{"id":1526104051,"first_name":"Jahail","last_name":"Bambos","username":"JahailBambos","type":"private"},"date":1763033709,"text":"/start","entities":[{"offset":0,"length":6,"type":"bot_command"}]}}

2025-11-14 00:54:13
{"update_id":856807252,
"message":{"message_id":102,"from":{"id":1526104051,"is_bot":false,"first_name":"Jahail","last_name":"Bambos","username":"JahailBambos","language_code":"ru"},"chat":{"id":1526104051,"first_name":"Jahail","last_name":"Bambos","username":"JahailBambos","type":"private"},"date":1763033709,"text":"/start","entities":[{"offset":0,"length":6,"type":"bot_command"}]}}

2025-11-14 00:55:44
{"update_id":856807252,
"message":{"message_id":102,"from":{"id":1526104051,"is_bot":false,"first_name":"Jahail","last_name":"Bambos","username":"JahailBambos","language_code":"ru"},"chat":{"id":1526104051,"first_name":"Jahail","last_name":"Bambos","username":"JahailBambos","type":"private"},"date":1763033709,"text":"/start","entities":[{"offset":0,"length":6,"type":"bot_command"}]}}

2025-11-14 00:56:49
{"update_id":856807252,
"message":{"message_id":102,"from":{"id":1526104051,"is_bot":false,"first_name":"Jahail","last_name":"Bambos","username":"JahailBambos","language_code":"ru"},"chat":{"id":1526104051,"first_name":"Jahail","last_name":"Bambos","username":"JahailBambos","type":"private"},"date":1763033709,"text":"/start","entities":[{"offset":0,"length":6,"type":"bot_command"}]}}

2025-11-14 00:58:22
{"update_id":856807252,
"message":{"message_id":102,"from":{"id":1526104051,"is_bot":false,"first_name":"Jahail","last_name":"Bambos","username":"JahailBambos","language_code":"ru"},"chat":{"id":1526104051,"first_name":"Jahail","last_name":"Bambos","username":"JahailBambos","type":"private"},"date":1763033709,"text":"/start","entities":[{"offset":0,"length":6,"type":"bot_command"}]}}

2025-11-14 00:59:36
{"update_id":856807252,
"message":{"message_id":102,"from":{"id":1526104051,"is_bot":false,"first_name":"Jahail","last_name":"Bambos","username":"JahailBambos","language_code":"ru"},"chat":{"id":1526104051,"first_name":"Jahail","last_name":"Bambos","username":"JahailBambos","type":"private"},"date":1763033709,"text":"/start","entities":[{"offset":0,"length":6,"type":"bot_command"}]}}

2025-11-14 01:01:02
{"update_id":856807252,
"message":{"message_id":102,"from":{"id":1526104051,"is_bot":false,"first_name":"Jahail","last_name":"Bambos","username":"JahailBambos","language_code":"ru"},"chat":{"id":1526104051,"first_name":"Jahail","last_name":"Bambos","username":"JahailBambos","type":"private"},"date":1763033709,"text":"/start","entities":[{"offset":0,"length":6,"type":"bot_command"}]}}

2025-11-14 01:02:47
{"update_id":856807252,
"message":{"message_id":102,"from":{"id":1526104051,"is_bot":false,"first_name":"Jahail","last_name":"Bambos","username":"JahailBambos","language_code":"ru"},"chat":{"id":1526104051,"first_name":"Jahail","last_name":"Bambos","username":"JahailBambos","type":"private"},"date":1763033709,"text":"/start","entities":[{"offset":0,"length":6,"type":"bot_command"}]}}

2025-11-14 01:03:52
{"update_id":856807252,
"message":{"message_id":102,"from":{"id":1526104051,"is_bot":false,"first_name":"Jahail","last_name":"Bambos","username":"JahailBambos","language_code":"ru"},"chat":{"id":1526104051,"first_name":"Jahail","last_name":"Bambos","username":"JahailBambos","type":"private"},"date":1763033709,"text":"/start","entities":[{"offset":0,"length":6,"type":"bot_command"}]}}

2025-11-14 01:05:20
{"update_id":856807252,
"message":{"message_id":102,"from":{"id":1526104051,"is_bot":false,"first_name":"Jahail","last_name":"Bambos","username":"JahailBambos","language_code":"ru"},"chat":{"id":1526104051,"first_name":"Jahail","last_name":"Bambos","username":"JahailBambos","type":"private"},"date":1763033709,"text":"/start","entities":[{"offset":0,"length":6,"type":"bot_command"}]}}

2025-11-14 01:07:10
{"update_id":856807252,
"message":{"message_id":102,"from":{"id":1526104051,"is_bot":false,"first_name":"Jahail","last_name":"Bambos","username":"JahailBambos","language_code":"ru"},"chat":{"id":1526104051,"first_name":"Jahail","last_name":"Bambos","username":"JahailBambos","type":"private"},"date":1763033709,"text":"/start","entities":[{"offset":0,"length":6,"type":"bot_command"}]}}

2025-11-14 01:08:42
{"update_id":856807252,
"message":{"message_id":102,"from":{"id":1526104051,"is_bot":false,"first_name":"Jahail","last_name":"Bambos","username":"JahailBambos","language_code":"ru"},"chat":{"id":1526104051,"first_name":"Jahail","last_name":"Bambos","username":"JahailBambos","type":"private"},"date":1763033709,"text":"/start","entities":[{"offset":0,"length":6,"type":"bot_command"}]}}

2025-11-14 01:10:34
{"update_id":856807252,
"message":{"message_id":102,"from":{"id":1526104051,"is_bot":false,"first_name":"Jahail","last_name":"Bambos","username":"JahailBambos","language_code":"ru"},"chat":{"id":1526104051,"first_name":"Jahail","last_name":"Bambos","username":"JahailBambos","type":"private"},"date":1763033709,"text":"/start","entities":[{"offset":0,"length":6,"type":"bot_command"}]}}

2025-11-14 01:12:06
{"update_id":856807252,
"message":{"message_id":102,"from":{"id":1526104051,"is_bot":false,"first_name":"Jahail","last_name":"Bambos","username":"JahailBambos","language_code":"ru"},"chat":{"id":1526104051,"first_name":"Jahail","last_name":"Bambos","username":"JahailBambos","type":"private"},"date":1763033709,"text":"/start","entities":[{"offset":0,"length":6,"type":"bot_command"}]}}

2025-11-14 01:13:40
{"update_id":856807252,
"message":{"message_id":102,"from":{"id":1526104051,"is_bot":false,"first_name":"Jahail","last_name":"Bambos","username":"JahailBambos","language_code":"ru"},"chat":{"id":1526104051,"first_name":"Jahail","last_name":"Bambos","username":"JahailBambos","type":"private"},"date":1763033709,"text":"/start","entities":[{"offset":0,"length":6,"type":"bot_command"}]}}

2025-11-14 01:15:11
{"update_id":856807252,
"message":{"message_id":102,"from":{"id":1526104051,"is_bot":false,"first_name":"Jahail","last_name":"Bambos","username":"JahailBambos","language_code":"ru"},"chat":{"id":1526104051,"first_name":"Jahail","last_name":"Bambos","username":"JahailBambos","type":"private"},"date":1763033709,"text":"/start","entities":[{"offset":0,"length":6,"type":"bot_command"}]}}

2025-11-14 01:17:00
{"update_id":856807252,
"message":{"message_id":102,"from":{"id":1526104051,"is_bot":false,"first_name":"Jahail","last_name":"Bambos","username":"JahailBambos","language_code":"ru"},"chat":{"id":1526104051,"first_name":"Jahail","last_name":"Bambos","username":"JahailBambos","type":"private"},"date":1763033709,"text":"/start","entities":[{"offset":0,"length":6,"type":"bot_command"}]}}

2025-11-14 01:18:08
{"update_id":856807252,
"message":{"message_id":102,"from":{"id":1526104051,"is_bot":false,"first_name":"Jahail","last_name":"Bambos","username":"JahailBambos","language_code":"ru"},"chat":{"id":1526104051,"first_name":"Jahail","last_name":"Bambos","username":"JahailBambos","type":"private"},"date":1763033709,"text":"/start","entities":[{"offset":0,"length":6,"type":"bot_command"}]}}

2025-11-14 01:19:21
{"update_id":856807252,
"message":{"message_id":102,"from":{"id":1526104051,"is_bot":false,"first_name":"Jahail","last_name":"Bambos","username":"JahailBambos","language_code":"ru"},"chat":{"id":1526104051,"first_name":"Jahail","last_name":"Bambos","username":"JahailBambos","type":"private"},"date":1763033709,"text":"/start","entities":[{"offset":0,"length":6,"type":"bot_command"}]}}

2025-11-14 01:21:06
{"update_id":856807252,
"message":{"message_id":102,"from":{"id":1526104051,"is_bot":false,"first_name":"Jahail","last_name":"Bambos","username":"JahailBambos","language_code":"ru"},"chat":{"id":1526104051,"first_name":"Jahail","last_name":"Bambos","username":"JahailBambos","type":"private"},"date":1763033709,"text":"/start","entities":[{"offset":0,"length":6,"type":"bot_command"}]}}

2025-11-14 01:22:14
{"update_id":856807252,
"message":{"message_id":102,"from":{"id":1526104051,"is_bot":false,"first_name":"Jahail","last_name":"Bambos","username":"JahailBambos","language_code":"ru"},"chat":{"id":1526104051,"first_name":"Jahail","last_name":"Bambos","username":"JahailBambos","type":"private"},"date":1763033709,"text":"/start","entities":[{"offset":0,"length":6,"type":"bot_command"}]}}

2025-11-14 01:23:53
{"update_id":856807252,
"message":{"message_id":102,"from":{"id":1526104051,"is_bot":false,"first_name":"Jahail","last_name":"Bambos","username":"JahailBambos","language_code":"ru"},"chat":{"id":1526104051,"first_name":"Jahail","last_name":"Bambos","username":"JahailBambos","type":"private"},"date":1763033709,"text":"/start","entities":[{"offset":0,"length":6,"type":"bot_command"}]}}

2025-11-14 01:25:34
{"update_id":856807252,
"message":{"message_id":102,"from":{"id":1526104051,"is_bot":false,"first_name":"Jahail","last_name":"Bambos","username":"JahailBambos","language_code":"ru"},"chat":{"id":1526104051,"first_name":"Jahail","last_name":"Bambos","username":"JahailBambos","type":"private"},"date":1763033709,"text":"/start","entities":[{"offset":0,"length":6,"type":"bot_command"}]}}

2025-11-14 01:27:28
{"update_id":856807252,
"message":{"message_id":102,"from":{"id":1526104051,"is_bot":false,"first_name":"Jahail","last_name":"Bambos","username":"JahailBambos","language_code":"ru"},"chat":{"id":1526104051,"first_name":"Jahail","last_name":"Bambos","username":"JahailBambos","type":"private"},"date":1763033709,"text":"/start","entities":[{"offset":0,"length":6,"type":"bot_command"}]}}

2025-11-14 01:28:47
{"update_id":856807252,
"message":{"message_id":102,"from":{"id":1526104051,"is_bot":false,"first_name":"Jahail","last_name":"Bambos","username":"JahailBambos","language_code":"ru"},"chat":{"id":1526104051,"first_name":"Jahail","last_name":"Bambos","username":"JahailBambos","type":"private"},"date":1763033709,"text":"/start","entities":[{"offset":0,"length":6,"type":"bot_command"}]}}

2025-11-14 01:29:55
{"update_id":856807252,
"message":{"message_id":102,"from":{"id":1526104051,"is_bot":false,"first_name":"Jahail","last_name":"Bambos","username":"JahailBambos","language_code":"ru"},"chat":{"id":1526104051,"first_name":"Jahail","last_name":"Bambos","username":"JahailBambos","type":"private"},"date":1763033709,"text":"/start","entities":[{"offset":0,"length":6,"type":"bot_command"}]}}

2025-11-14 01:31:05
{"update_id":856807252,
"message":{"message_id":102,"from":{"id":1526104051,"is_bot":false,"first_name":"Jahail","last_name":"Bambos","username":"JahailBambos","language_code":"ru"},"chat":{"id":1526104051,"first_name":"Jahail","last_name":"Bambos","username":"JahailBambos","type":"private"},"date":1763033709,"text":"/start","entities":[{"offset":0,"length":6,"type":"bot_command"}]}}

2025-11-14 01:32:52
{"update_id":856807252,
"message":{"message_id":102,"from":{"id":1526104051,"is_bot":false,"first_name":"Jahail","last_name":"Bambos","username":"JahailBambos","language_code":"ru"},"chat":{"id":1526104051,"first_name":"Jahail","last_name":"Bambos","username":"JahailBambos","type":"private"},"date":1763033709,"text":"/start","entities":[{"offset":0,"length":6,"type":"bot_command"}]}}

2025-11-14 01:34:25
{"update_id":856807252,
"message":{"message_id":102,"from":{"id":1526104051,"is_bot":false,"first_name":"Jahail","last_name":"Bambos","username":"JahailBambos","language_code":"ru"},"chat":{"id":1526104051,"first_name":"Jahail","last_name":"Bambos","username":"JahailBambos","type":"private"},"date":1763033709,"text":"/start","entities":[{"offset":0,"length":6,"type":"bot_command"}]}}

2025-11-14 01:35:58
{"update_id":856807252,
"message":{"message_id":102,"from":{"id":1526104051,"is_bot":false,"first_name":"Jahail","last_name":"Bambos","username":"JahailBambos","language_code":"ru"},"chat":{"id":1526104051,"first_name":"Jahail","last_name":"Bambos","username":"JahailBambos","type":"private"},"date":1763033709,"text":"/start","entities":[{"offset":0,"length":6,"type":"bot_command"}]}}

2025-11-14 01:37:18
{"update_id":856807252,
"message":{"message_id":102,"from":{"id":1526104051,"is_bot":false,"first_name":"Jahail","last_name":"Bambos","username":"JahailBambos","language_code":"ru"},"chat":{"id":1526104051,"first_name":"Jahail","last_name":"Bambos","username":"JahailBambos","type":"private"},"date":1763033709,"text":"/start","entities":[{"offset":0,"length":6,"type":"bot_command"}]}}

2025-11-14 01:38:43
{"update_id":856807252,
"message":{"message_id":102,"from":{"id":1526104051,"is_bot":false,"first_name":"Jahail","last_name":"Bambos","username":"JahailBambos","language_code":"ru"},"chat":{"id":1526104051,"first_name":"Jahail","last_name":"Bambos","username":"JahailBambos","type":"private"},"date":1763033709,"text":"/start","entities":[{"offset":0,"length":6,"type":"bot_command"}]}}

2025-11-14 01:40:18
{"update_id":856807252,
"message":{"message_id":102,"from":{"id":1526104051,"is_bot":false,"first_name":"Jahail","last_name":"Bambos","username":"JahailBambos","language_code":"ru"},"chat":{"id":1526104051,"first_name":"Jahail","last_name":"Bambos","username":"JahailBambos","type":"private"},"date":1763033709,"text":"/start","entities":[{"offset":0,"length":6,"type":"bot_command"}]}}

2025-11-14 01:41:28
{"update_id":856807252,
"message":{"message_id":102,"from":{"id":1526104051,"is_bot":false,"first_name":"Jahail","last_name":"Bambos","username":"JahailBambos","language_code":"ru"},"chat":{"id":1526104051,"first_name":"Jahail","last_name":"Bambos","username":"JahailBambos","type":"private"},"date":1763033709,"text":"/start","entities":[{"offset":0,"length":6,"type":"bot_command"}]}}

2025-11-14 01:43:12
{"update_id":856807252,
"message":{"message_id":102,"from":{"id":1526104051,"is_bot":false,"first_name":"Jahail","last_name":"Bambos","username":"JahailBambos","language_code":"ru"},"chat":{"id":1526104051,"first_name":"Jahail","last_name":"Bambos","username":"JahailBambos","type":"private"},"date":1763033709,"text":"/start","entities":[{"offset":0,"length":6,"type":"bot_command"}]}}

2025-11-14 01:44:34
{"update_id":856807252,
"message":{"message_id":102,"from":{"id":1526104051,"is_bot":false,"first_name":"Jahail","last_name":"Bambos","username":"JahailBambos","language_code":"ru"},"chat":{"id":1526104051,"first_name":"Jahail","last_name":"Bambos","username":"JahailBambos","type":"private"},"date":1763033709,"text":"/start","entities":[{"offset":0,"length":6,"type":"bot_command"}]}}

2025-11-14 01:46:09
{"update_id":856807252,
"message":{"message_id":102,"from":{"id":1526104051,"is_bot":false,"first_name":"Jahail","last_name":"Bambos","username":"JahailBambos","language_code":"ru"},"chat":{"id":1526104051,"first_name":"Jahail","last_name":"Bambos","username":"JahailBambos","type":"private"},"date":1763033709,"text":"/start","entities":[{"offset":0,"length":6,"type":"bot_command"}]}}

2025-11-14 01:48:05
{"update_id":856807252,
"message":{"message_id":102,"from":{"id":1526104051,"is_bot":false,"first_name":"Jahail","last_name":"Bambos","username":"JahailBambos","language_code":"ru"},"chat":{"id":1526104051,"first_name":"Jahail","last_name":"Bambos","username":"JahailBambos","type":"private"},"date":1763033709,"text":"/start","entities":[{"offset":0,"length":6,"type":"bot_command"}]}}

2025-11-14 01:49:14
{"update_id":856807252,
"message":{"message_id":102,"from":{"id":1526104051,"is_bot":false,"first_name":"Jahail","last_name":"Bambos","username":"JahailBambos","language_code":"ru"},"chat":{"id":1526104051,"first_name":"Jahail","last_name":"Bambos","username":"JahailBambos","type":"private"},"date":1763033709,"text":"/start","entities":[{"offset":0,"length":6,"type":"bot_command"}]}}

2025-11-14 01:50:32
{"update_id":856807252,
"message":{"message_id":102,"from":{"id":1526104051,"is_bot":false,"first_name":"Jahail","last_name":"Bambos","username":"JahailBambos","language_code":"ru"},"chat":{"id":1526104051,"first_name":"Jahail","last_name":"Bambos","username":"JahailBambos","type":"private"},"date":1763033709,"text":"/start","entities":[{"offset":0,"length":6,"type":"bot_command"}]}}

2025-11-14 01:52:06
{"update_id":856807252,
"message":{"message_id":102,"from":{"id":1526104051,"is_bot":false,"first_name":"Jahail","last_name":"Bambos","username":"JahailBambos","language_code":"ru"},"chat":{"id":1526104051,"first_name":"Jahail","last_name":"Bambos","username":"JahailBambos","type":"private"},"date":1763033709,"text":"/start","entities":[{"offset":0,"length":6,"type":"bot_command"}]}}

2025-11-14 01:53:21
{"update_id":856807252,
"message":{"message_id":102,"from":{"id":1526104051,"is_bot":false,"first_name":"Jahail","last_name":"Bambos","username":"JahailBambos","language_code":"ru"},"chat":{"id":1526104051,"first_name":"Jahail","last_name":"Bambos","username":"JahailBambos","type":"private"},"date":1763033709,"text":"/start","entities":[{"offset":0,"length":6,"type":"bot_command"}]}}

2025-11-14 01:54:55
{"update_id":856807252,
"message":{"message_id":102,"from":{"id":1526104051,"is_bot":false,"first_name":"Jahail","last_name":"Bambos","username":"JahailBambos","language_code":"ru"},"chat":{"id":1526104051,"first_name":"Jahail","last_name":"Bambos","username":"JahailBambos","type":"private"},"date":1763033709,"text":"/start","entities":[{"offset":0,"length":6,"type":"bot_command"}]}}

2025-11-14 01:56:31
{"update_id":856807252,
"message":{"message_id":102,"from":{"id":1526104051,"is_bot":false,"first_name":"Jahail","last_name":"Bambos","username":"JahailBambos","language_code":"ru"},"chat":{"id":1526104051,"first_name":"Jahail","last_name":"Bambos","username":"JahailBambos","type":"private"},"date":1763033709,"text":"/start","entities":[{"offset":0,"length":6,"type":"bot_command"}]}}

2025-11-14 01:57:50
{"update_id":856807252,
"message":{"message_id":102,"from":{"id":1526104051,"is_bot":false,"first_name":"Jahail","last_name":"Bambos","username":"JahailBambos","language_code":"ru"},"chat":{"id":1526104051,"first_name":"Jahail","last_name":"Bambos","username":"JahailBambos","type":"private"},"date":1763033709,"text":"/start","entities":[{"offset":0,"length":6,"type":"bot_command"}]}}

2025-11-14 01:58:55
{"update_id":856807252,
"message":{"message_id":102,"from":{"id":1526104051,"is_bot":false,"first_name":"Jahail","last_name":"Bambos","username":"JahailBambos","language_code":"ru"},"chat":{"id":1526104051,"first_name":"Jahail","last_name":"Bambos","username":"JahailBambos","type":"private"},"date":1763033709,"text":"/start","entities":[{"offset":0,"length":6,"type":"bot_command"}]}}

2025-11-14 02:00:34
{"update_id":856807252,
"message":{"message_id":102,"from":{"id":1526104051,"is_bot":false,"first_name":"Jahail","last_name":"Bambos","username":"JahailBambos","language_code":"ru"},"chat":{"id":1526104051,"first_name":"Jahail","last_name":"Bambos","username":"JahailBambos","type":"private"},"date":1763033709,"text":"/start","entities":[{"offset":0,"length":6,"type":"bot_command"}]}}

2025-11-14 02:01:37
{"update_id":856807252,
"message":{"message_id":102,"from":{"id":1526104051,"is_bot":false,"first_name":"Jahail","last_name":"Bambos","username":"JahailBambos","language_code":"ru"},"chat":{"id":1526104051,"first_name":"Jahail","last_name":"Bambos","username":"JahailBambos","type":"private"},"date":1763033709,"text":"/start","entities":[{"offset":0,"length":6,"type":"bot_command"}]}}

2025-11-14 02:03:21
{"update_id":856807252,
"message":{"message_id":102,"from":{"id":1526104051,"is_bot":false,"first_name":"Jahail","last_name":"Bambos","username":"JahailBambos","language_code":"ru"},"chat":{"id":1526104051,"first_name":"Jahail","last_name":"Bambos","username":"JahailBambos","type":"private"},"date":1763033709,"text":"/start","entities":[{"offset":0,"length":6,"type":"bot_command"}]}}

2025-11-14 02:05:00
{"update_id":856807252,
"message":{"message_id":102,"from":{"id":1526104051,"is_bot":false,"first_name":"Jahail","last_name":"Bambos","username":"JahailBambos","language_code":"ru"},"chat":{"id":1526104051,"first_name":"Jahail","last_name":"Bambos","username":"JahailBambos","type":"private"},"date":1763033709,"text":"/start","entities":[{"offset":0,"length":6,"type":"bot_command"}]}}

2025-11-14 02:06:55
{"update_id":856807252,
"message":{"message_id":102,"from":{"id":1526104051,"is_bot":false,"first_name":"Jahail","last_name":"Bambos","username":"JahailBambos","language_code":"ru"},"chat":{"id":1526104051,"first_name":"Jahail","last_name":"Bambos","username":"JahailBambos","type":"private"},"date":1763033709,"text":"/start","entities":[{"offset":0,"length":6,"type":"bot_command"}]}}

2025-11-14 02:08:14
{"update_id":856807252,
"message":{"message_id":102,"from":{"id":1526104051,"is_bot":false,"first_name":"Jahail","last_name":"Bambos","username":"JahailBambos","language_code":"ru"},"chat":{"id":1526104051,"first_name":"Jahail","last_name":"Bambos","username":"JahailBambos","type":"private"},"date":1763033709,"text":"/start","entities":[{"offset":0,"length":6,"type":"bot_command"}]}}

2025-11-14 02:09:17
{"update_id":856807252,
"message":{"message_id":102,"from":{"id":1526104051,"is_bot":false,"first_name":"Jahail","last_name":"Bambos","username":"JahailBambos","language_code":"ru"},"chat":{"id":1526104051,"first_name":"Jahail","last_name":"Bambos","username":"JahailBambos","type":"private"},"date":1763033709,"text":"/start","entities":[{"offset":0,"length":6,"type":"bot_command"}]}}

2025-11-14 02:10:26
{"update_id":856807252,
"message":{"message_id":102,"from":{"id":1526104051,"is_bot":false,"first_name":"Jahail","last_name":"Bambos","username":"JahailBambos","language_code":"ru"},"chat":{"id":1526104051,"first_name":"Jahail","last_name":"Bambos","username":"JahailBambos","type":"private"},"date":1763033709,"text":"/start","entities":[{"offset":0,"length":6,"type":"bot_command"}]}}

2025-11-14 02:11:57
{"update_id":856807252,
"message":{"message_id":102,"from":{"id":1526104051,"is_bot":false,"first_name":"Jahail","last_name":"Bambos","username":"JahailBambos","language_code":"ru"},"chat":{"id":1526104051,"first_name":"Jahail","last_name":"Bambos","username":"JahailBambos","type":"private"},"date":1763033709,"text":"/start","entities":[{"offset":0,"length":6,"type":"bot_command"}]}}

2025-11-14 02:13:11
{"update_id":856807252,
"message":{"message_id":102,"from":{"id":1526104051,"is_bot":false,"first_name":"Jahail","last_name":"Bambos","username":"JahailBambos","language_code":"ru"},"chat":{"id":1526104051,"first_name":"Jahail","last_name":"Bambos","username":"JahailBambos","type":"private"},"date":1763033709,"text":"/start","entities":[{"offset":0,"length":6,"type":"bot_command"}]}}

2025-11-14 02:14:23
{"update_id":856807252,
"message":{"message_id":102,"from":{"id":1526104051,"is_bot":false,"first_name":"Jahail","last_name":"Bambos","username":"JahailBambos","language_code":"ru"},"chat":{"id":1526104051,"first_name":"Jahail","last_name":"Bambos","username":"JahailBambos","type":"private"},"date":1763033709,"text":"/start","entities":[{"offset":0,"length":6,"type":"bot_command"}]}}

2025-11-14 02:16:03
{"update_id":856807252,
"message":{"message_id":102,"from":{"id":1526104051,"is_bot":false,"first_name":"Jahail","last_name":"Bambos","username":"JahailBambos","language_code":"ru"},"chat":{"id":1526104051,"first_name":"Jahail","last_name":"Bambos","username":"JahailBambos","type":"private"},"date":1763033709,"text":"/start","entities":[{"offset":0,"length":6,"type":"bot_command"}]}}

2025-11-14 02:17:48
{"update_id":856807252,
"message":{"message_id":102,"from":{"id":1526104051,"is_bot":false,"first_name":"Jahail","last_name":"Bambos","username":"JahailBambos","language_code":"ru"},"chat":{"id":1526104051,"first_name":"Jahail","last_name":"Bambos","username":"JahailBambos","type":"private"},"date":1763033709,"text":"/start","entities":[{"offset":0,"length":6,"type":"bot_command"}]}}

2025-11-14 02:19:16
{"update_id":856807252,
"message":{"message_id":102,"from":{"id":1526104051,"is_bot":false,"first_name":"Jahail","last_name":"Bambos","username":"JahailBambos","language_code":"ru"},"chat":{"id":1526104051,"first_name":"Jahail","last_name":"Bambos","username":"JahailBambos","type":"private"},"date":1763033709,"text":"/start","entities":[{"offset":0,"length":6,"type":"bot_command"}]}}

2025-11-14 02:20:17
{"update_id":856807252,
"message":{"message_id":102,"from":{"id":1526104051,"is_bot":false,"first_name":"Jahail","last_name":"Bambos","username":"JahailBambos","language_code":"ru"},"chat":{"id":1526104051,"first_name":"Jahail","last_name":"Bambos","username":"JahailBambos","type":"private"},"date":1763033709,"text":"/start","entities":[{"offset":0,"length":6,"type":"bot_command"}]}}

2025-11-14 02:21:51
{"update_id":856807252,
"message":{"message_id":102,"from":{"id":1526104051,"is_bot":false,"first_name":"Jahail","last_name":"Bambos","username":"JahailBambos","language_code":"ru"},"chat":{"id":1526104051,"first_name":"Jahail","last_name":"Bambos","username":"JahailBambos","type":"private"},"date":1763033709,"text":"/start","entities":[{"offset":0,"length":6,"type":"bot_command"}]}}

2025-11-14 02:23:13
{"update_id":856807252,
"message":{"message_id":102,"from":{"id":1526104051,"is_bot":false,"first_name":"Jahail","last_name":"Bambos","username":"JahailBambos","language_code":"ru"},"chat":{"id":1526104051,"first_name":"Jahail","last_name":"Bambos","username":"JahailBambos","type":"private"},"date":1763033709,"text":"/start","entities":[{"offset":0,"length":6,"type":"bot_command"}]}}

2025-11-14 02:25:01
{"update_id":856807252,
"message":{"message_id":102,"from":{"id":1526104051,"is_bot":false,"first_name":"Jahail","last_name":"Bambos","username":"JahailBambos","language_code":"ru"},"chat":{"id":1526104051,"first_name":"Jahail","last_name":"Bambos","username":"JahailBambos","type":"private"},"date":1763033709,"text":"/start","entities":[{"offset":0,"length":6,"type":"bot_command"}]}}

2025-11-14 02:26:48
{"update_id":856807252,
"message":{"message_id":102,"from":{"id":1526104051,"is_bot":false,"first_name":"Jahail","last_name":"Bambos","username":"JahailBambos","language_code":"ru"},"chat":{"id":1526104051,"first_name":"Jahail","last_name":"Bambos","username":"JahailBambos","type":"private"},"date":1763033709,"text":"/start","entities":[{"offset":0,"length":6,"type":"bot_command"}]}}

2025-11-14 02:27:56
{"update_id":856807252,
"message":{"message_id":102,"from":{"id":1526104051,"is_bot":false,"first_name":"Jahail","last_name":"Bambos","username":"JahailBambos","language_code":"ru"},"chat":{"id":1526104051,"first_name":"Jahail","last_name":"Bambos","username":"JahailBambos","type":"private"},"date":1763033709,"text":"/start","entities":[{"offset":0,"length":6,"type":"bot_command"}]}}

2025-11-14 02:29:23
{"update_id":856807252,
"message":{"message_id":102,"from":{"id":1526104051,"is_bot":false,"first_name":"Jahail","last_name":"Bambos","username":"JahailBambos","language_code":"ru"},"chat":{"id":1526104051,"first_name":"Jahail","last_name":"Bambos","username":"JahailBambos","type":"private"},"date":1763033709,"text":"/start","entities":[{"offset":0,"length":6,"type":"bot_command"}]}}

2025-11-14 02:31:07
{"update_id":856807252,
"message":{"message_id":102,"from":{"id":1526104051,"is_bot":false,"first_name":"Jahail","last_name":"Bambos","username":"JahailBambos","language_code":"ru"},"chat":{"id":1526104051,"first_name":"Jahail","last_name":"Bambos","username":"JahailBambos","type":"private"},"date":1763033709,"text":"/start","entities":[{"offset":0,"length":6,"type":"bot_command"}]}}

2025-11-14 02:32:12
{"update_id":856807252,
"message":{"message_id":102,"from":{"id":1526104051,"is_bot":false,"first_name":"Jahail","last_name":"Bambos","username":"JahailBambos","language_code":"ru"},"chat":{"id":1526104051,"first_name":"Jahail","last_name":"Bambos","username":"JahailBambos","type":"private"},"date":1763033709,"text":"/start","entities":[{"offset":0,"length":6,"type":"bot_command"}]}}

2025-11-14 02:33:38
{"update_id":856807252,
"message":{"message_id":102,"from":{"id":1526104051,"is_bot":false,"first_name":"Jahail","last_name":"Bambos","username":"JahailBambos","language_code":"ru"},"chat":{"id":1526104051,"first_name":"Jahail","last_name":"Bambos","username":"JahailBambos","type":"private"},"date":1763033709,"text":"/start","entities":[{"offset":0,"length":6,"type":"bot_command"}]}}

2025-11-14 02:35:38
{"update_id":856807252,
"message":{"message_id":102,"from":{"id":1526104051,"is_bot":false,"first_name":"Jahail","last_name":"Bambos","username":"JahailBambos","language_code":"ru"},"chat":{"id":1526104051,"first_name":"Jahail","last_name":"Bambos","username":"JahailBambos","type":"private"},"date":1763033709,"text":"/start","entities":[{"offset":0,"length":6,"type":"bot_command"}]}}

2025-11-14 02:36:53
{"update_id":856807252,
"message":{"message_id":102,"from":{"id":1526104051,"is_bot":false,"first_name":"Jahail","last_name":"Bambos","username":"JahailBambos","language_code":"ru"},"chat":{"id":1526104051,"first_name":"Jahail","last_name":"Bambos","username":"JahailBambos","type":"private"},"date":1763033709,"text":"/start","entities":[{"offset":0,"length":6,"type":"bot_command"}]}}

2025-11-14 02:38:09
{"update_id":856807252,
"message":{"message_id":102,"from":{"id":1526104051,"is_bot":false,"first_name":"Jahail","last_name":"Bambos","username":"JahailBambos","language_code":"ru"},"chat":{"id":1526104051,"first_name":"Jahail","last_name":"Bambos","username":"JahailBambos","type":"private"},"date":1763033709,"text":"/start","entities":[{"offset":0,"length":6,"type":"bot_command"}]}}

2025-11-14 02:39:32
{"update_id":856807252,
"message":{"message_id":102,"from":{"id":1526104051,"is_bot":false,"first_name":"Jahail","last_name":"Bambos","username":"JahailBambos","language_code":"ru"},"chat":{"id":1526104051,"first_name":"Jahail","last_name":"Bambos","username":"JahailBambos","type":"private"},"date":1763033709,"text":"/start","entities":[{"offset":0,"length":6,"type":"bot_command"}]}}

2025-11-14 02:41:17
{"update_id":856807252,
"message":{"message_id":102,"from":{"id":1526104051,"is_bot":false,"first_name":"Jahail","last_name":"Bambos","username":"JahailBambos","language_code":"ru"},"chat":{"id":1526104051,"first_name":"Jahail","last_name":"Bambos","username":"JahailBambos","type":"private"},"date":1763033709,"text":"/start","entities":[{"offset":0,"length":6,"type":"bot_command"}]}}

2025-11-14 02:42:23
{"update_id":856807252,
"message":{"message_id":102,"from":{"id":1526104051,"is_bot":false,"first_name":"Jahail","last_name":"Bambos","username":"JahailBambos","language_code":"ru"},"chat":{"id":1526104051,"first_name":"Jahail","last_name":"Bambos","username":"JahailBambos","type":"private"},"date":1763033709,"text":"/start","entities":[{"offset":0,"length":6,"type":"bot_command"}]}}

2025-11-14 02:44:12
{"update_id":856807252,
"message":{"message_id":102,"from":{"id":1526104051,"is_bot":false,"first_name":"Jahail","last_name":"Bambos","username":"JahailBambos","language_code":"ru"},"chat":{"id":1526104051,"first_name":"Jahail","last_name":"Bambos","username":"JahailBambos","type":"private"},"date":1763033709,"text":"/start","entities":[{"offset":0,"length":6,"type":"bot_command"}]}}

2025-11-14 02:45:38
{"update_id":856807252,
"message":{"message_id":102,"from":{"id":1526104051,"is_bot":false,"first_name":"Jahail","last_name":"Bambos","username":"JahailBambos","language_code":"ru"},"chat":{"id":1526104051,"first_name":"Jahail","last_name":"Bambos","username":"JahailBambos","type":"private"},"date":1763033709,"text":"/start","entities":[{"offset":0,"length":6,"type":"bot_command"}]}}

2025-11-14 02:46:47
{"update_id":856807252,
"message":{"message_id":102,"from":{"id":1526104051,"is_bot":false,"first_name":"Jahail","last_name":"Bambos","username":"JahailBambos","language_code":"ru"},"chat":{"id":1526104051,"first_name":"Jahail","last_name":"Bambos","username":"JahailBambos","type":"private"},"date":1763033709,"text":"/start","entities":[{"offset":0,"length":6,"type":"bot_command"}]}}

2025-11-14 02:48:30
{"update_id":856807252,
"message":{"message_id":102,"from":{"id":1526104051,"is_bot":false,"first_name":"Jahail","last_name":"Bambos","username":"JahailBambos","language_code":"ru"},"chat":{"id":1526104051,"first_name":"Jahail","last_name":"Bambos","username":"JahailBambos","type":"private"},"date":1763033709,"text":"/start","entities":[{"offset":0,"length":6,"type":"bot_command"}]}}

2025-11-14 02:49:55
{"update_id":856807252,
"message":{"message_id":102,"from":{"id":1526104051,"is_bot":false,"first_name":"Jahail","last_name":"Bambos","username":"JahailBambos","language_code":"ru"},"chat":{"id":1526104051,"first_name":"Jahail","last_name":"Bambos","username":"JahailBambos","type":"private"},"date":1763033709,"text":"/start","entities":[{"offset":0,"length":6,"type":"bot_command"}]}}

2025-11-14 02:51:42
{"update_id":856807252,
"message":{"message_id":102,"from":{"id":1526104051,"is_bot":false,"first_name":"Jahail","last_name":"Bambos","username":"JahailBambos","language_code":"ru"},"chat":{"id":1526104051,"first_name":"Jahail","last_name":"Bambos","username":"JahailBambos","type":"private"},"date":1763033709,"text":"/start","entities":[{"offset":0,"length":6,"type":"bot_command"}]}}

2025-11-14 02:53:26
{"update_id":856807252,
"message":{"message_id":102,"from":{"id":1526104051,"is_bot":false,"first_name":"Jahail","last_name":"Bambos","username":"JahailBambos","language_code":"ru"},"chat":{"id":1526104051,"first_name":"Jahail","last_name":"Bambos","username":"JahailBambos","type":"private"},"date":1763033709,"text":"/start","entities":[{"offset":0,"length":6,"type":"bot_command"}]}}

2025-11-14 02:54:59
{"update_id":856807252,
"message":{"message_id":102,"from":{"id":1526104051,"is_bot":false,"first_name":"Jahail","last_name":"Bambos","username":"JahailBambos","language_code":"ru"},"chat":{"id":1526104051,"first_name":"Jahail","last_name":"Bambos","username":"JahailBambos","type":"private"},"date":1763033709,"text":"/start","entities":[{"offset":0,"length":6,"type":"bot_command"}]}}

2025-11-14 02:56:04
{"update_id":856807252,
"message":{"message_id":102,"from":{"id":1526104051,"is_bot":false,"first_name":"Jahail","last_name":"Bambos","username":"JahailBambos","language_code":"ru"},"chat":{"id":1526104051,"first_name":"Jahail","last_name":"Bambos","username":"JahailBambos","type":"private"},"date":1763033709,"text":"/start","entities":[{"offset":0,"length":6,"type":"bot_command"}]}}

2025-11-14 02:57:21
{"update_id":856807252,
"message":{"message_id":102,"from":{"id":1526104051,"is_bot":false,"first_name":"Jahail","last_name":"Bambos","username":"JahailBambos","language_code":"ru"},"chat":{"id":1526104051,"first_name":"Jahail","last_name":"Bambos","username":"JahailBambos","type":"private"},"date":1763033709,"text":"/start","entities":[{"offset":0,"length":6,"type":"bot_command"}]}}

2025-11-14 02:59:12
{"update_id":856807252,
"message":{"message_id":102,"from":{"id":1526104051,"is_bot":false,"first_name":"Jahail","last_name":"Bambos","username":"JahailBambos","language_code":"ru"},"chat":{"id":1526104051,"first_name":"Jahail","last_name":"Bambos","username":"JahailBambos","type":"private"},"date":1763033709,"text":"/start","entities":[{"offset":0,"length":6,"type":"bot_command"}]}}

2025-11-14 03:00:40
{"update_id":856807252,
"message":{"message_id":102,"from":{"id":1526104051,"is_bot":false,"first_name":"Jahail","last_name":"Bambos","username":"JahailBambos","language_code":"ru"},"chat":{"id":1526104051,"first_name":"Jahail","last_name":"Bambos","username":"JahailBambos","type":"private"},"date":1763033709,"text":"/start","entities":[{"offset":0,"length":6,"type":"bot_command"}]}}

2025-11-14 03:02:03
{"update_id":856807252,
"message":{"message_id":102,"from":{"id":1526104051,"is_bot":false,"first_name":"Jahail","last_name":"Bambos","username":"JahailBambos","language_code":"ru"},"chat":{"id":1526104051,"first_name":"Jahail","last_name":"Bambos","username":"JahailBambos","type":"private"},"date":1763033709,"text":"/start","entities":[{"offset":0,"length":6,"type":"bot_command"}]}}

2025-11-14 03:04:00
{"update_id":856807252,
"message":{"message_id":102,"from":{"id":1526104051,"is_bot":false,"first_name":"Jahail","last_name":"Bambos","username":"JahailBambos","language_code":"ru"},"chat":{"id":1526104051,"first_name":"Jahail","last_name":"Bambos","username":"JahailBambos","type":"private"},"date":1763033709,"text":"/start","entities":[{"offset":0,"length":6,"type":"bot_command"}]}}

2025-11-14 03:05:08
{"update_id":856807252,
"message":{"message_id":102,"from":{"id":1526104051,"is_bot":false,"first_name":"Jahail","last_name":"Bambos","username":"JahailBambos","language_code":"ru"},"chat":{"id":1526104051,"first_name":"Jahail","last_name":"Bambos","username":"JahailBambos","type":"private"},"date":1763033709,"text":"/start","entities":[{"offset":0,"length":6,"type":"bot_command"}]}}

2025-11-14 03:07:08
{"update_id":856807252,
"message":{"message_id":102,"from":{"id":1526104051,"is_bot":false,"first_name":"Jahail","last_name":"Bambos","username":"JahailBambos","language_code":"ru"},"chat":{"id":1526104051,"first_name":"Jahail","last_name":"Bambos","username":"JahailBambos","type":"private"},"date":1763033709,"text":"/start","entities":[{"offset":0,"length":6,"type":"bot_command"}]}}

2025-11-14 03:08:56
{"update_id":856807252,
"message":{"message_id":102,"from":{"id":1526104051,"is_bot":false,"first_name":"Jahail","last_name":"Bambos","username":"JahailBambos","language_code":"ru"},"chat":{"id":1526104051,"first_name":"Jahail","last_name":"Bambos","username":"JahailBambos","type":"private"},"date":1763033709,"text":"/start","entities":[{"offset":0,"length":6,"type":"bot_command"}]}}

2025-11-14 03:10:17
{"update_id":856807252,
"message":{"message_id":102,"from":{"id":1526104051,"is_bot":false,"first_name":"Jahail","last_name":"Bambos","username":"JahailBambos","language_code":"ru"},"chat":{"id":1526104051,"first_name":"Jahail","last_name":"Bambos","username":"JahailBambos","type":"private"},"date":1763033709,"text":"/start","entities":[{"offset":0,"length":6,"type":"bot_command"}]}}

2025-11-14 03:11:31
{"update_id":856807252,
"message":{"message_id":102,"from":{"id":1526104051,"is_bot":false,"first_name":"Jahail","last_name":"Bambos","username":"JahailBambos","language_code":"ru"},"chat":{"id":1526104051,"first_name":"Jahail","last_name":"Bambos","username":"JahailBambos","type":"private"},"date":1763033709,"text":"/start","entities":[{"offset":0,"length":6,"type":"bot_command"}]}}

2025-11-14 03:13:06
{"update_id":856807252,
"message":{"message_id":102,"from":{"id":1526104051,"is_bot":false,"first_name":"Jahail","last_name":"Bambos","username":"JahailBambos","language_code":"ru"},"chat":{"id":1526104051,"first_name":"Jahail","last_name":"Bambos","username":"JahailBambos","type":"private"},"date":1763033709,"text":"/start","entities":[{"offset":0,"length":6,"type":"bot_command"}]}}

2025-11-14 03:14:26
{"update_id":856807252,
"message":{"message_id":102,"from":{"id":1526104051,"is_bot":false,"first_name":"Jahail","last_name":"Bambos","username":"JahailBambos","language_code":"ru"},"chat":{"id":1526104051,"first_name":"Jahail","last_name":"Bambos","username":"JahailBambos","type":"private"},"date":1763033709,"text":"/start","entities":[{"offset":0,"length":6,"type":"bot_command"}]}}

2025-11-14 03:15:45
{"update_id":856807252,
"message":{"message_id":102,"from":{"id":1526104051,"is_bot":false,"first_name":"Jahail","last_name":"Bambos","username":"JahailBambos","language_code":"ru"},"chat":{"id":1526104051,"first_name":"Jahail","last_name":"Bambos","username":"JahailBambos","type":"private"},"date":1763033709,"text":"/start","entities":[{"offset":0,"length":6,"type":"bot_command"}]}}

2025-11-14 03:17:39
{"update_id":856807252,
"message":{"message_id":102,"from":{"id":1526104051,"is_bot":false,"first_name":"Jahail","last_name":"Bambos","username":"JahailBambos","language_code":"ru"},"chat":{"id":1526104051,"first_name":"Jahail","last_name":"Bambos","username":"JahailBambos","type":"private"},"date":1763033709,"text":"/start","entities":[{"offset":0,"length":6,"type":"bot_command"}]}}

2025-11-14 03:19:39
{"update_id":856807252,
"message":{"message_id":102,"from":{"id":1526104051,"is_bot":false,"first_name":"Jahail","last_name":"Bambos","username":"JahailBambos","language_code":"ru"},"chat":{"id":1526104051,"first_name":"Jahail","last_name":"Bambos","username":"JahailBambos","type":"private"},"date":1763033709,"text":"/start","entities":[{"offset":0,"length":6,"type":"bot_command"}]}}

2025-11-14 03:21:15
{"update_id":856807252,
"message":{"message_id":102,"from":{"id":1526104051,"is_bot":false,"first_name":"Jahail","last_name":"Bambos","username":"JahailBambos","language_code":"ru"},"chat":{"id":1526104051,"first_name":"Jahail","last_name":"Bambos","username":"JahailBambos","type":"private"},"date":1763033709,"text":"/start","entities":[{"offset":0,"length":6,"type":"bot_command"}]}}

2025-11-14 03:22:42
{"update_id":856807252,
"message":{"message_id":102,"from":{"id":1526104051,"is_bot":false,"first_name":"Jahail","last_name":"Bambos","username":"JahailBambos","language_code":"ru"},"chat":{"id":1526104051,"first_name":"Jahail","last_name":"Bambos","username":"JahailBambos","type":"private"},"date":1763033709,"text":"/start","entities":[{"offset":0,"length":6,"type":"bot_command"}]}}

2025-11-14 03:23:59
{"update_id":856807252,
"message":{"message_id":102,"from":{"id":1526104051,"is_bot":false,"first_name":"Jahail","last_name":"Bambos","username":"JahailBambos","language_code":"ru"},"chat":{"id":1526104051,"first_name":"Jahail","last_name":"Bambos","username":"JahailBambos","type":"private"},"date":1763033709,"text":"/start","entities":[{"offset":0,"length":6,"type":"bot_command"}]}}

2025-11-14 03:25:15
{"update_id":856807252,
"message":{"message_id":102,"from":{"id":1526104051,"is_bot":false,"first_name":"Jahail","last_name":"Bambos","username":"JahailBambos","language_code":"ru"},"chat":{"id":1526104051,"first_name":"Jahail","last_name":"Bambos","username":"JahailBambos","type":"private"},"date":1763033709,"text":"/start","entities":[{"offset":0,"length":6,"type":"bot_command"}]}}

2025-11-14 03:26:51
{"update_id":856807252,
"message":{"message_id":102,"from":{"id":1526104051,"is_bot":false,"first_name":"Jahail","last_name":"Bambos","username":"JahailBambos","language_code":"ru"},"chat":{"id":1526104051,"first_name":"Jahail","last_name":"Bambos","username":"JahailBambos","type":"private"},"date":1763033709,"text":"/start","entities":[{"offset":0,"length":6,"type":"bot_command"}]}}

2025-11-14 03:28:35
{"update_id":856807252,
"message":{"message_id":102,"from":{"id":1526104051,"is_bot":false,"first_name":"Jahail","last_name":"Bambos","username":"JahailBambos","language_code":"ru"},"chat":{"id":1526104051,"first_name":"Jahail","last_name":"Bambos","username":"JahailBambos","type":"private"},"date":1763033709,"text":"/start","entities":[{"offset":0,"length":6,"type":"bot_command"}]}}

2025-11-14 03:30:18
{"update_id":856807252,
"message":{"message_id":102,"from":{"id":1526104051,"is_bot":false,"first_name":"Jahail","last_name":"Bambos","username":"JahailBambos","language_code":"ru"},"chat":{"id":1526104051,"first_name":"Jahail","last_name":"Bambos","username":"JahailBambos","type":"private"},"date":1763033709,"text":"/start","entities":[{"offset":0,"length":6,"type":"bot_command"}]}}

2025-11-14 03:32:08
{"update_id":856807252,
"message":{"message_id":102,"from":{"id":1526104051,"is_bot":false,"first_name":"Jahail","last_name":"Bambos","username":"JahailBambos","language_code":"ru"},"chat":{"id":1526104051,"first_name":"Jahail","last_name":"Bambos","username":"JahailBambos","type":"private"},"date":1763033709,"text":"/start","entities":[{"offset":0,"length":6,"type":"bot_command"}]}}

2025-11-14 03:34:07
{"update_id":856807252,
"message":{"message_id":102,"from":{"id":1526104051,"is_bot":false,"first_name":"Jahail","last_name":"Bambos","username":"JahailBambos","language_code":"ru"},"chat":{"id":1526104051,"first_name":"Jahail","last_name":"Bambos","username":"JahailBambos","type":"private"},"date":1763033709,"text":"/start","entities":[{"offset":0,"length":6,"type":"bot_command"}]}}

2025-11-14 03:35:44
{"update_id":856807252,
"message":{"message_id":102,"from":{"id":1526104051,"is_bot":false,"first_name":"Jahail","last_name":"Bambos","username":"JahailBambos","language_code":"ru"},"chat":{"id":1526104051,"first_name":"Jahail","last_name":"Bambos","username":"JahailBambos","type":"private"},"date":1763033709,"text":"/start","entities":[{"offset":0,"length":6,"type":"bot_command"}]}}

2025-11-14 03:37:32
{"update_id":856807252,
"message":{"message_id":102,"from":{"id":1526104051,"is_bot":false,"first_name":"Jahail","last_name":"Bambos","username":"JahailBambos","language_code":"ru"},"chat":{"id":1526104051,"first_name":"Jahail","last_name":"Bambos","username":"JahailBambos","type":"private"},"date":1763033709,"text":"/start","entities":[{"offset":0,"length":6,"type":"bot_command"}]}}

2025-11-14 03:39:01
{"update_id":856807252,
"message":{"message_id":102,"from":{"id":1526104051,"is_bot":false,"first_name":"Jahail","last_name":"Bambos","username":"JahailBambos","language_code":"ru"},"chat":{"id":1526104051,"first_name":"Jahail","last_name":"Bambos","username":"JahailBambos","type":"private"},"date":1763033709,"text":"/start","entities":[{"offset":0,"length":6,"type":"bot_command"}]}}

2025-11-14 03:40:33
{"update_id":856807252,
"message":{"message_id":102,"from":{"id":1526104051,"is_bot":false,"first_name":"Jahail","last_name":"Bambos","username":"JahailBambos","language_code":"ru"},"chat":{"id":1526104051,"first_name":"Jahail","last_name":"Bambos","username":"JahailBambos","type":"private"},"date":1763033709,"text":"/start","entities":[{"offset":0,"length":6,"type":"bot_command"}]}}

2025-11-14 03:42:27
{"update_id":856807252,
"message":{"message_id":102,"from":{"id":1526104051,"is_bot":false,"first_name":"Jahail","last_name":"Bambos","username":"JahailBambos","language_code":"ru"},"chat":{"id":1526104051,"first_name":"Jahail","last_name":"Bambos","username":"JahailBambos","type":"private"},"date":1763033709,"text":"/start","entities":[{"offset":0,"length":6,"type":"bot_command"}]}}

2025-11-14 03:43:27
{"update_id":856807252,
"message":{"message_id":102,"from":{"id":1526104051,"is_bot":false,"first_name":"Jahail","last_name":"Bambos","username":"JahailBambos","language_code":"ru"},"chat":{"id":1526104051,"first_name":"Jahail","last_name":"Bambos","username":"JahailBambos","type":"private"},"date":1763033709,"text":"/start","entities":[{"offset":0,"length":6,"type":"bot_command"}]}}

2025-11-14 03:44:32
{"update_id":856807252,
"message":{"message_id":102,"from":{"id":1526104051,"is_bot":false,"first_name":"Jahail","last_name":"Bambos","username":"JahailBambos","language_code":"ru"},"chat":{"id":1526104051,"first_name":"Jahail","last_name":"Bambos","username":"JahailBambos","type":"private"},"date":1763033709,"text":"/start","entities":[{"offset":0,"length":6,"type":"bot_command"}]}}

2025-11-14 03:46:13
{"update_id":856807252,
"message":{"message_id":102,"from":{"id":1526104051,"is_bot":false,"first_name":"Jahail","last_name":"Bambos","username":"JahailBambos","language_code":"ru"},"chat":{"id":1526104051,"first_name":"Jahail","last_name":"Bambos","username":"JahailBambos","type":"private"},"date":1763033709,"text":"/start","entities":[{"offset":0,"length":6,"type":"bot_command"}]}}

2025-11-14 03:47:54
{"update_id":856807252,
"message":{"message_id":102,"from":{"id":1526104051,"is_bot":false,"first_name":"Jahail","last_name":"Bambos","username":"JahailBambos","language_code":"ru"},"chat":{"id":1526104051,"first_name":"Jahail","last_name":"Bambos","username":"JahailBambos","type":"private"},"date":1763033709,"text":"/start","entities":[{"offset":0,"length":6,"type":"bot_command"}]}}

2025-11-14 03:49:07
{"update_id":856807252,
"message":{"message_id":102,"from":{"id":1526104051,"is_bot":false,"first_name":"Jahail","last_name":"Bambos","username":"JahailBambos","language_code":"ru"},"chat":{"id":1526104051,"first_name":"Jahail","last_name":"Bambos","username":"JahailBambos","type":"private"},"date":1763033709,"text":"/start","entities":[{"offset":0,"length":6,"type":"bot_command"}]}}

2025-11-14 03:50:53
{"update_id":856807252,
"message":{"message_id":102,"from":{"id":1526104051,"is_bot":false,"first_name":"Jahail","last_name":"Bambos","username":"JahailBambos","language_code":"ru"},"chat":{"id":1526104051,"first_name":"Jahail","last_name":"Bambos","username":"JahailBambos","type":"private"},"date":1763033709,"text":"/start","entities":[{"offset":0,"length":6,"type":"bot_command"}]}}

2025-11-14 03:51:56
{"update_id":856807252,
"message":{"message_id":102,"from":{"id":1526104051,"is_bot":false,"first_name":"Jahail","last_name":"Bambos","username":"JahailBambos","language_code":"ru"},"chat":{"id":1526104051,"first_name":"Jahail","last_name":"Bambos","username":"JahailBambos","type":"private"},"date":1763033709,"text":"/start","entities":[{"offset":0,"length":6,"type":"bot_command"}]}}

2025-11-14 03:52:57
{"update_id":856807252,
"message":{"message_id":102,"from":{"id":1526104051,"is_bot":false,"first_name":"Jahail","last_name":"Bambos","username":"JahailBambos","language_code":"ru"},"chat":{"id":1526104051,"first_name":"Jahail","last_name":"Bambos","username":"JahailBambos","type":"private"},"date":1763033709,"text":"/start","entities":[{"offset":0,"length":6,"type":"bot_command"}]}}

2025-11-14 03:54:54
{"update_id":856807252,
"message":{"message_id":102,"from":{"id":1526104051,"is_bot":false,"first_name":"Jahail","last_name":"Bambos","username":"JahailBambos","language_code":"ru"},"chat":{"id":1526104051,"first_name":"Jahail","last_name":"Bambos","username":"JahailBambos","type":"private"},"date":1763033709,"text":"/start","entities":[{"offset":0,"length":6,"type":"bot_command"}]}}

2025-11-14 03:56:15
{"update_id":856807252,
"message":{"message_id":102,"from":{"id":1526104051,"is_bot":false,"first_name":"Jahail","last_name":"Bambos","username":"JahailBambos","language_code":"ru"},"chat":{"id":1526104051,"first_name":"Jahail","last_name":"Bambos","username":"JahailBambos","type":"private"},"date":1763033709,"text":"/start","entities":[{"offset":0,"length":6,"type":"bot_command"}]}}

2025-11-14 03:57:29
{"update_id":856807252,
"message":{"message_id":102,"from":{"id":1526104051,"is_bot":false,"first_name":"Jahail","last_name":"Bambos","username":"JahailBambos","language_code":"ru"},"chat":{"id":1526104051,"first_name":"Jahail","last_name":"Bambos","username":"JahailBambos","type":"private"},"date":1763033709,"text":"/start","entities":[{"offset":0,"length":6,"type":"bot_command"}]}}

2025-11-14 03:58:30
{"update_id":856807252,
"message":{"message_id":102,"from":{"id":1526104051,"is_bot":false,"first_name":"Jahail","last_name":"Bambos","username":"JahailBambos","language_code":"ru"},"chat":{"id":1526104051,"first_name":"Jahail","last_name":"Bambos","username":"JahailBambos","type":"private"},"date":1763033709,"text":"/start","entities":[{"offset":0,"length":6,"type":"bot_command"}]}}

2025-11-14 03:59:54
{"update_id":856807252,
"message":{"message_id":102,"from":{"id":1526104051,"is_bot":false,"first_name":"Jahail","last_name":"Bambos","username":"JahailBambos","language_code":"ru"},"chat":{"id":1526104051,"first_name":"Jahail","last_name":"Bambos","username":"JahailBambos","type":"private"},"date":1763033709,"text":"/start","entities":[{"offset":0,"length":6,"type":"bot_command"}]}}

2025-11-14 04:01:30
{"update_id":856807252,
"message":{"message_id":102,"from":{"id":1526104051,"is_bot":false,"first_name":"Jahail","last_name":"Bambos","username":"JahailBambos","language_code":"ru"},"chat":{"id":1526104051,"first_name":"Jahail","last_name":"Bambos","username":"JahailBambos","type":"private"},"date":1763033709,"text":"/start","entities":[{"offset":0,"length":6,"type":"bot_command"}]}}

2025-11-14 04:03:01
{"update_id":856807252,
"message":{"message_id":102,"from":{"id":1526104051,"is_bot":false,"first_name":"Jahail","last_name":"Bambos","username":"JahailBambos","language_code":"ru"},"chat":{"id":1526104051,"first_name":"Jahail","last_name":"Bambos","username":"JahailBambos","type":"private"},"date":1763033709,"text":"/start","entities":[{"offset":0,"length":6,"type":"bot_command"}]}}

2025-11-14 04:04:59
{"update_id":856807252,
"message":{"message_id":102,"from":{"id":1526104051,"is_bot":false,"first_name":"Jahail","last_name":"Bambos","username":"JahailBambos","language_code":"ru"},"chat":{"id":1526104051,"first_name":"Jahail","last_name":"Bambos","username":"JahailBambos","type":"private"},"date":1763033709,"text":"/start","entities":[{"offset":0,"length":6,"type":"bot_command"}]}}

2025-11-14 04:06:26
{"update_id":856807252,
"message":{"message_id":102,"from":{"id":1526104051,"is_bot":false,"first_name":"Jahail","last_name":"Bambos","username":"JahailBambos","language_code":"ru"},"chat":{"id":1526104051,"first_name":"Jahail","last_name":"Bambos","username":"JahailBambos","type":"private"},"date":1763033709,"text":"/start","entities":[{"offset":0,"length":6,"type":"bot_command"}]}}

2025-11-14 04:07:50
{"update_id":856807252,
"message":{"message_id":102,"from":{"id":1526104051,"is_bot":false,"first_name":"Jahail","last_name":"Bambos","username":"JahailBambos","language_code":"ru"},"chat":{"id":1526104051,"first_name":"Jahail","last_name":"Bambos","username":"JahailBambos","type":"private"},"date":1763033709,"text":"/start","entities":[{"offset":0,"length":6,"type":"bot_command"}]}}

2025-11-14 04:09:44
{"update_id":856807252,
"message":{"message_id":102,"from":{"id":1526104051,"is_bot":false,"first_name":"Jahail","last_name":"Bambos","username":"JahailBambos","language_code":"ru"},"chat":{"id":1526104051,"first_name":"Jahail","last_name":"Bambos","username":"JahailBambos","type":"private"},"date":1763033709,"text":"/start","entities":[{"offset":0,"length":6,"type":"bot_command"}]}}

2025-11-14 04:10:56
{"update_id":856807252,
"message":{"message_id":102,"from":{"id":1526104051,"is_bot":false,"first_name":"Jahail","last_name":"Bambos","username":"JahailBambos","language_code":"ru"},"chat":{"id":1526104051,"first_name":"Jahail","last_name":"Bambos","username":"JahailBambos","type":"private"},"date":1763033709,"text":"/start","entities":[{"offset":0,"length":6,"type":"bot_command"}]}}

2025-11-14 04:12:47
{"update_id":856807252,
"message":{"message_id":102,"from":{"id":1526104051,"is_bot":false,"first_name":"Jahail","last_name":"Bambos","username":"JahailBambos","language_code":"ru"},"chat":{"id":1526104051,"first_name":"Jahail","last_name":"Bambos","username":"JahailBambos","type":"private"},"date":1763033709,"text":"/start","entities":[{"offset":0,"length":6,"type":"bot_command"}]}}

2025-11-14 04:13:54
{"update_id":856807252,
"message":{"message_id":102,"from":{"id":1526104051,"is_bot":false,"first_name":"Jahail","last_name":"Bambos","username":"JahailBambos","language_code":"ru"},"chat":{"id":1526104051,"first_name":"Jahail","last_name":"Bambos","username":"JahailBambos","type":"private"},"date":1763033709,"text":"/start","entities":[{"offset":0,"length":6,"type":"bot_command"}]}}

2025-11-14 04:15:37
{"update_id":856807252,
"message":{"message_id":102,"from":{"id":1526104051,"is_bot":false,"first_name":"Jahail","last_name":"Bambos","username":"JahailBambos","language_code":"ru"},"chat":{"id":1526104051,"first_name":"Jahail","last_name":"Bambos","username":"JahailBambos","type":"private"},"date":1763033709,"text":"/start","entities":[{"offset":0,"length":6,"type":"bot_command"}]}}

2025-11-14 04:17:27
{"update_id":856807252,
"message":{"message_id":102,"from":{"id":1526104051,"is_bot":false,"first_name":"Jahail","last_name":"Bambos","username":"JahailBambos","language_code":"ru"},"chat":{"id":1526104051,"first_name":"Jahail","last_name":"Bambos","username":"JahailBambos","type":"private"},"date":1763033709,"text":"/start","entities":[{"offset":0,"length":6,"type":"bot_command"}]}}

2025-11-14 04:19:16
{"update_id":856807252,
"message":{"message_id":102,"from":{"id":1526104051,"is_bot":false,"first_name":"Jahail","last_name":"Bambos","username":"JahailBambos","language_code":"ru"},"chat":{"id":1526104051,"first_name":"Jahail","last_name":"Bambos","username":"JahailBambos","type":"private"},"date":1763033709,"text":"/start","entities":[{"offset":0,"length":6,"type":"bot_command"}]}}

2025-11-14 04:20:57
{"update_id":856807252,
"message":{"message_id":102,"from":{"id":1526104051,"is_bot":false,"first_name":"Jahail","last_name":"Bambos","username":"JahailBambos","language_code":"ru"},"chat":{"id":1526104051,"first_name":"Jahail","last_name":"Bambos","username":"JahailBambos","type":"private"},"date":1763033709,"text":"/start","entities":[{"offset":0,"length":6,"type":"bot_command"}]}}

2025-11-14 04:22:41
{"update_id":856807252,
"message":{"message_id":102,"from":{"id":1526104051,"is_bot":false,"first_name":"Jahail","last_name":"Bambos","username":"JahailBambos","language_code":"ru"},"chat":{"id":1526104051,"first_name":"Jahail","last_name":"Bambos","username":"JahailBambos","type":"private"},"date":1763033709,"text":"/start","entities":[{"offset":0,"length":6,"type":"bot_command"}]}}

2025-11-14 04:23:50
{"update_id":856807252,
"message":{"message_id":102,"from":{"id":1526104051,"is_bot":false,"first_name":"Jahail","last_name":"Bambos","username":"JahailBambos","language_code":"ru"},"chat":{"id":1526104051,"first_name":"Jahail","last_name":"Bambos","username":"JahailBambos","type":"private"},"date":1763033709,"text":"/start","entities":[{"offset":0,"length":6,"type":"bot_command"}]}}

2025-11-14 04:25:08
{"update_id":856807252,
"message":{"message_id":102,"from":{"id":1526104051,"is_bot":false,"first_name":"Jahail","last_name":"Bambos","username":"JahailBambos","language_code":"ru"},"chat":{"id":1526104051,"first_name":"Jahail","last_name":"Bambos","username":"JahailBambos","type":"private"},"date":1763033709,"text":"/start","entities":[{"offset":0,"length":6,"type":"bot_command"}]}}

2025-11-14 04:26:38
{"update_id":856807252,
"message":{"message_id":102,"from":{"id":1526104051,"is_bot":false,"first_name":"Jahail","last_name":"Bambos","username":"JahailBambos","language_code":"ru"},"chat":{"id":1526104051,"first_name":"Jahail","last_name":"Bambos","username":"JahailBambos","type":"private"},"date":1763033709,"text":"/start","entities":[{"offset":0,"length":6,"type":"bot_command"}]}}

2025-11-14 04:27:55
{"update_id":856807252,
"message":{"message_id":102,"from":{"id":1526104051,"is_bot":false,"first_name":"Jahail","last_name":"Bambos","username":"JahailBambos","language_code":"ru"},"chat":{"id":1526104051,"first_name":"Jahail","last_name":"Bambos","username":"JahailBambos","type":"private"},"date":1763033709,"text":"/start","entities":[{"offset":0,"length":6,"type":"bot_command"}]}}

2025-11-14 04:29:46
{"update_id":856807252,
"message":{"message_id":102,"from":{"id":1526104051,"is_bot":false,"first_name":"Jahail","last_name":"Bambos","username":"JahailBambos","language_code":"ru"},"chat":{"id":1526104051,"first_name":"Jahail","last_name":"Bambos","username":"JahailBambos","type":"private"},"date":1763033709,"text":"/start","entities":[{"offset":0,"length":6,"type":"bot_command"}]}}

2025-11-14 04:31:44
{"update_id":856807252,
"message":{"message_id":102,"from":{"id":1526104051,"is_bot":false,"first_name":"Jahail","last_name":"Bambos","username":"JahailBambos","language_code":"ru"},"chat":{"id":1526104051,"first_name":"Jahail","last_name":"Bambos","username":"JahailBambos","type":"private"},"date":1763033709,"text":"/start","entities":[{"offset":0,"length":6,"type":"bot_command"}]}}

2025-11-14 04:32:48
{"update_id":856807252,
"message":{"message_id":102,"from":{"id":1526104051,"is_bot":false,"first_name":"Jahail","last_name":"Bambos","username":"JahailBambos","language_code":"ru"},"chat":{"id":1526104051,"first_name":"Jahail","last_name":"Bambos","username":"JahailBambos","type":"private"},"date":1763033709,"text":"/start","entities":[{"offset":0,"length":6,"type":"bot_command"}]}}

2025-11-14 04:34:21
{"update_id":856807252,
"message":{"message_id":102,"from":{"id":1526104051,"is_bot":false,"first_name":"Jahail","last_name":"Bambos","username":"JahailBambos","language_code":"ru"},"chat":{"id":1526104051,"first_name":"Jahail","last_name":"Bambos","username":"JahailBambos","type":"private"},"date":1763033709,"text":"/start","entities":[{"offset":0,"length":6,"type":"bot_command"}]}}

2025-11-14 04:35:37
{"update_id":856807252,
"message":{"message_id":102,"from":{"id":1526104051,"is_bot":false,"first_name":"Jahail","last_name":"Bambos","username":"JahailBambos","language_code":"ru"},"chat":{"id":1526104051,"first_name":"Jahail","last_name":"Bambos","username":"JahailBambos","type":"private"},"date":1763033709,"text":"/start","entities":[{"offset":0,"length":6,"type":"bot_command"}]}}

2025-11-14 04:37:37
{"update_id":856807252,
"message":{"message_id":102,"from":{"id":1526104051,"is_bot":false,"first_name":"Jahail","last_name":"Bambos","username":"JahailBambos","language_code":"ru"},"chat":{"id":1526104051,"first_name":"Jahail","last_name":"Bambos","username":"JahailBambos","type":"private"},"date":1763033709,"text":"/start","entities":[{"offset":0,"length":6,"type":"bot_command"}]}}

2025-11-14 04:39:02
{"update_id":856807252,
"message":{"message_id":102,"from":{"id":1526104051,"is_bot":false,"first_name":"Jahail","last_name":"Bambos","username":"JahailBambos","language_code":"ru"},"chat":{"id":1526104051,"first_name":"Jahail","last_name":"Bambos","username":"JahailBambos","type":"private"},"date":1763033709,"text":"/start","entities":[{"offset":0,"length":6,"type":"bot_command"}]}}

2025-11-14 04:40:45
{"update_id":856807252,
"message":{"message_id":102,"from":{"id":1526104051,"is_bot":false,"first_name":"Jahail","last_name":"Bambos","username":"JahailBambos","language_code":"ru"},"chat":{"id":1526104051,"first_name":"Jahail","last_name":"Bambos","username":"JahailBambos","type":"private"},"date":1763033709,"text":"/start","entities":[{"offset":0,"length":6,"type":"bot_command"}]}}

2025-11-14 04:41:54
{"update_id":856807252,
"message":{"message_id":102,"from":{"id":1526104051,"is_bot":false,"first_name":"Jahail","last_name":"Bambos","username":"JahailBambos","language_code":"ru"},"chat":{"id":1526104051,"first_name":"Jahail","last_name":"Bambos","username":"JahailBambos","type":"private"},"date":1763033709,"text":"/start","entities":[{"offset":0,"length":6,"type":"bot_command"}]}}

2025-11-14 04:43:38
{"update_id":856807252,
"message":{"message_id":102,"from":{"id":1526104051,"is_bot":false,"first_name":"Jahail","last_name":"Bambos","username":"JahailBambos","language_code":"ru"},"chat":{"id":1526104051,"first_name":"Jahail","last_name":"Bambos","username":"JahailBambos","type":"private"},"date":1763033709,"text":"/start","entities":[{"offset":0,"length":6,"type":"bot_command"}]}}

2025-11-14 04:44:52
{"update_id":856807252,
"message":{"message_id":102,"from":{"id":1526104051,"is_bot":false,"first_name":"Jahail","last_name":"Bambos","username":"JahailBambos","language_code":"ru"},"chat":{"id":1526104051,"first_name":"Jahail","last_name":"Bambos","username":"JahailBambos","type":"private"},"date":1763033709,"text":"/start","entities":[{"offset":0,"length":6,"type":"bot_command"}]}}

2025-11-14 04:46:28
{"update_id":856807252,
"message":{"message_id":102,"from":{"id":1526104051,"is_bot":false,"first_name":"Jahail","last_name":"Bambos","username":"JahailBambos","language_code":"ru"},"chat":{"id":1526104051,"first_name":"Jahail","last_name":"Bambos","username":"JahailBambos","type":"private"},"date":1763033709,"text":"/start","entities":[{"offset":0,"length":6,"type":"bot_command"}]}}

2025-11-14 04:48:24
{"update_id":856807252,
"message":{"message_id":102,"from":{"id":1526104051,"is_bot":false,"first_name":"Jahail","last_name":"Bambos","username":"JahailBambos","language_code":"ru"},"chat":{"id":1526104051,"first_name":"Jahail","last_name":"Bambos","username":"JahailBambos","type":"private"},"date":1763033709,"text":"/start","entities":[{"offset":0,"length":6,"type":"bot_command"}]}}

2025-11-14 04:50:04
{"update_id":856807252,
"message":{"message_id":102,"from":{"id":1526104051,"is_bot":false,"first_name":"Jahail","last_name":"Bambos","username":"JahailBambos","language_code":"ru"},"chat":{"id":1526104051,"first_name":"Jahail","last_name":"Bambos","username":"JahailBambos","type":"private"},"date":1763033709,"text":"/start","entities":[{"offset":0,"length":6,"type":"bot_command"}]}}

2025-11-14 04:51:38
{"update_id":856807252,
"message":{"message_id":102,"from":{"id":1526104051,"is_bot":false,"first_name":"Jahail","last_name":"Bambos","username":"JahailBambos","language_code":"ru"},"chat":{"id":1526104051,"first_name":"Jahail","last_name":"Bambos","username":"JahailBambos","type":"private"},"date":1763033709,"text":"/start","entities":[{"offset":0,"length":6,"type":"bot_command"}]}}

2025-11-14 04:53:32
{"update_id":856807252,
"message":{"message_id":102,"from":{"id":1526104051,"is_bot":false,"first_name":"Jahail","last_name":"Bambos","username":"JahailBambos","language_code":"ru"},"chat":{"id":1526104051,"first_name":"Jahail","last_name":"Bambos","username":"JahailBambos","type":"private"},"date":1763033709,"text":"/start","entities":[{"offset":0,"length":6,"type":"bot_command"}]}}

2025-11-14 04:55:15
{"update_id":856807252,
"message":{"message_id":102,"from":{"id":1526104051,"is_bot":false,"first_name":"Jahail","last_name":"Bambos","username":"JahailBambos","language_code":"ru"},"chat":{"id":1526104051,"first_name":"Jahail","last_name":"Bambos","username":"JahailBambos","type":"private"},"date":1763033709,"text":"/start","entities":[{"offset":0,"length":6,"type":"bot_command"}]}}

2025-11-14 04:56:31
{"update_id":856807252,
"message":{"message_id":102,"from":{"id":1526104051,"is_bot":false,"first_name":"Jahail","last_name":"Bambos","username":"JahailBambos","language_code":"ru"},"chat":{"id":1526104051,"first_name":"Jahail","last_name":"Bambos","username":"JahailBambos","type":"private"},"date":1763033709,"text":"/start","entities":[{"offset":0,"length":6,"type":"bot_command"}]}}

2025-11-14 04:57:42
{"update_id":856807252,
"message":{"message_id":102,"from":{"id":1526104051,"is_bot":false,"first_name":"Jahail","last_name":"Bambos","username":"JahailBambos","language_code":"ru"},"chat":{"id":1526104051,"first_name":"Jahail","last_name":"Bambos","username":"JahailBambos","type":"private"},"date":1763033709,"text":"/start","entities":[{"offset":0,"length":6,"type":"bot_command"}]}}

2025-11-14 04:59:27
{"update_id":856807252,
"message":{"message_id":102,"from":{"id":1526104051,"is_bot":false,"first_name":"Jahail","last_name":"Bambos","username":"JahailBambos","language_code":"ru"},"chat":{"id":1526104051,"first_name":"Jahail","last_name":"Bambos","username":"JahailBambos","type":"private"},"date":1763033709,"text":"/start","entities":[{"offset":0,"length":6,"type":"bot_command"}]}}

2025-11-14 05:00:52
{"update_id":856807252,
"message":{"message_id":102,"from":{"id":1526104051,"is_bot":false,"first_name":"Jahail","last_name":"Bambos","username":"JahailBambos","language_code":"ru"},"chat":{"id":1526104051,"first_name":"Jahail","last_name":"Bambos","username":"JahailBambos","type":"private"},"date":1763033709,"text":"/start","entities":[{"offset":0,"length":6,"type":"bot_command"}]}}

2025-11-14 05:02:10
{"update_id":856807252,
"message":{"message_id":102,"from":{"id":1526104051,"is_bot":false,"first_name":"Jahail","last_name":"Bambos","username":"JahailBambos","language_code":"ru"},"chat":{"id":1526104051,"first_name":"Jahail","last_name":"Bambos","username":"JahailBambos","type":"private"},"date":1763033709,"text":"/start","entities":[{"offset":0,"length":6,"type":"bot_command"}]}}

2025-11-14 05:03:44
{"update_id":856807252,
"message":{"message_id":102,"from":{"id":1526104051,"is_bot":false,"first_name":"Jahail","last_name":"Bambos","username":"JahailBambos","language_code":"ru"},"chat":{"id":1526104051,"first_name":"Jahail","last_name":"Bambos","username":"JahailBambos","type":"private"},"date":1763033709,"text":"/start","entities":[{"offset":0,"length":6,"type":"bot_command"}]}}

2025-11-14 05:05:09
{"update_id":856807252,
"message":{"message_id":102,"from":{"id":1526104051,"is_bot":false,"first_name":"Jahail","last_name":"Bambos","username":"JahailBambos","language_code":"ru"},"chat":{"id":1526104051,"first_name":"Jahail","last_name":"Bambos","username":"JahailBambos","type":"private"},"date":1763033709,"text":"/start","entities":[{"offset":0,"length":6,"type":"bot_command"}]}}

2025-11-14 05:06:12
{"update_id":856807252,
"message":{"message_id":102,"from":{"id":1526104051,"is_bot":false,"first_name":"Jahail","last_name":"Bambos","username":"JahailBambos","language_code":"ru"},"chat":{"id":1526104051,"first_name":"Jahail","last_name":"Bambos","username":"JahailBambos","type":"private"},"date":1763033709,"text":"/start","entities":[{"offset":0,"length":6,"type":"bot_command"}]}}

2025-11-14 05:08:05
{"update_id":856807252,
"message":{"message_id":102,"from":{"id":1526104051,"is_bot":false,"first_name":"Jahail","last_name":"Bambos","username":"JahailBambos","language_code":"ru"},"chat":{"id":1526104051,"first_name":"Jahail","last_name":"Bambos","username":"JahailBambos","type":"private"},"date":1763033709,"text":"/start","entities":[{"offset":0,"length":6,"type":"bot_command"}]}}

2025-11-14 05:09:36
{"update_id":856807252,
"message":{"message_id":102,"from":{"id":1526104051,"is_bot":false,"first_name":"Jahail","last_name":"Bambos","username":"JahailBambos","language_code":"ru"},"chat":{"id":1526104051,"first_name":"Jahail","last_name":"Bambos","username":"JahailBambos","type":"private"},"date":1763033709,"text":"/start","entities":[{"offset":0,"length":6,"type":"bot_command"}]}}

2025-11-14 05:11:36
{"update_id":856807252,
"message":{"message_id":102,"from":{"id":1526104051,"is_bot":false,"first_name":"Jahail","last_name":"Bambos","username":"JahailBambos","language_code":"ru"},"chat":{"id":1526104051,"first_name":"Jahail","last_name":"Bambos","username":"JahailBambos","type":"private"},"date":1763033709,"text":"/start","entities":[{"offset":0,"length":6,"type":"bot_command"}]}}

2025-11-14 05:13:24
{"update_id":856807252,
"message":{"message_id":102,"from":{"id":1526104051,"is_bot":false,"first_name":"Jahail","last_name":"Bambos","username":"JahailBambos","language_code":"ru"},"chat":{"id":1526104051,"first_name":"Jahail","last_name":"Bambos","username":"JahailBambos","type":"private"},"date":1763033709,"text":"/start","entities":[{"offset":0,"length":6,"type":"bot_command"}]}}

2025-11-14 05:15:20
{"update_id":856807252,
"message":{"message_id":102,"from":{"id":1526104051,"is_bot":false,"first_name":"Jahail","last_name":"Bambos","username":"JahailBambos","language_code":"ru"},"chat":{"id":1526104051,"first_name":"Jahail","last_name":"Bambos","username":"JahailBambos","type":"private"},"date":1763033709,"text":"/start","entities":[{"offset":0,"length":6,"type":"bot_command"}]}}

2025-11-14 05:17:04
{"update_id":856807252,
"message":{"message_id":102,"from":{"id":1526104051,"is_bot":false,"first_name":"Jahail","last_name":"Bambos","username":"JahailBambos","language_code":"ru"},"chat":{"id":1526104051,"first_name":"Jahail","last_name":"Bambos","username":"JahailBambos","type":"private"},"date":1763033709,"text":"/start","entities":[{"offset":0,"length":6,"type":"bot_command"}]}}

2025-11-14 05:18:53
{"update_id":856807252,
"message":{"message_id":102,"from":{"id":1526104051,"is_bot":false,"first_name":"Jahail","last_name":"Bambos","username":"JahailBambos","language_code":"ru"},"chat":{"id":1526104051,"first_name":"Jahail","last_name":"Bambos","username":"JahailBambos","type":"private"},"date":1763033709,"text":"/start","entities":[{"offset":0,"length":6,"type":"bot_command"}]}}

2025-11-14 05:19:53
{"update_id":856807252,
"message":{"message_id":102,"from":{"id":1526104051,"is_bot":false,"first_name":"Jahail","last_name":"Bambos","username":"JahailBambos","language_code":"ru"},"chat":{"id":1526104051,"first_name":"Jahail","last_name":"Bambos","username":"JahailBambos","type":"private"},"date":1763033709,"text":"/start","entities":[{"offset":0,"length":6,"type":"bot_command"}]}}

2025-11-14 05:21:30
{"update_id":856807252,
"message":{"message_id":102,"from":{"id":1526104051,"is_bot":false,"first_name":"Jahail","last_name":"Bambos","username":"JahailBambos","language_code":"ru"},"chat":{"id":1526104051,"first_name":"Jahail","last_name":"Bambos","username":"JahailBambos","type":"private"},"date":1763033709,"text":"/start","entities":[{"offset":0,"length":6,"type":"bot_command"}]}}

2025-11-14 05:22:34
{"update_id":856807252,
"message":{"message_id":102,"from":{"id":1526104051,"is_bot":false,"first_name":"Jahail","last_name":"Bambos","username":"JahailBambos","language_code":"ru"},"chat":{"id":1526104051,"first_name":"Jahail","last_name":"Bambos","username":"JahailBambos","type":"private"},"date":1763033709,"text":"/start","entities":[{"offset":0,"length":6,"type":"bot_command"}]}}

2025-11-14 05:23:42
{"update_id":856807252,
"message":{"message_id":102,"from":{"id":1526104051,"is_bot":false,"first_name":"Jahail","last_name":"Bambos","username":"JahailBambos","language_code":"ru"},"chat":{"id":1526104051,"first_name":"Jahail","last_name":"Bambos","username":"JahailBambos","type":"private"},"date":1763033709,"text":"/start","entities":[{"offset":0,"length":6,"type":"bot_command"}]}}

2025-11-14 05:25:25
{"update_id":856807252,
"message":{"message_id":102,"from":{"id":1526104051,"is_bot":false,"first_name":"Jahail","last_name":"Bambos","username":"JahailBambos","language_code":"ru"},"chat":{"id":1526104051,"first_name":"Jahail","last_name":"Bambos","username":"JahailBambos","type":"private"},"date":1763033709,"text":"/start","entities":[{"offset":0,"length":6,"type":"bot_command"}]}}

2025-11-14 05:27:12
{"update_id":856807252,
"message":{"message_id":102,"from":{"id":1526104051,"is_bot":false,"first_name":"Jahail","last_name":"Bambos","username":"JahailBambos","language_code":"ru"},"chat":{"id":1526104051,"first_name":"Jahail","last_name":"Bambos","username":"JahailBambos","type":"private"},"date":1763033709,"text":"/start","entities":[{"offset":0,"length":6,"type":"bot_command"}]}}

2025-11-14 05:28:35
{"update_id":856807252,
"message":{"message_id":102,"from":{"id":1526104051,"is_bot":false,"first_name":"Jahail","last_name":"Bambos","username":"JahailBambos","language_code":"ru"},"chat":{"id":1526104051,"first_name":"Jahail","last_name":"Bambos","username":"JahailBambos","type":"private"},"date":1763033709,"text":"/start","entities":[{"offset":0,"length":6,"type":"bot_command"}]}}

2025-11-14 05:30:07
{"update_id":856807252,
"message":{"message_id":102,"from":{"id":1526104051,"is_bot":false,"first_name":"Jahail","last_name":"Bambos","username":"JahailBambos","language_code":"ru"},"chat":{"id":1526104051,"first_name":"Jahail","last_name":"Bambos","username":"JahailBambos","type":"private"},"date":1763033709,"text":"/start","entities":[{"offset":0,"length":6,"type":"bot_command"}]}}

2025-11-14 05:31:28
{"update_id":856807252,
"message":{"message_id":102,"from":{"id":1526104051,"is_bot":false,"first_name":"Jahail","last_name":"Bambos","username":"JahailBambos","language_code":"ru"},"chat":{"id":1526104051,"first_name":"Jahail","last_name":"Bambos","username":"JahailBambos","type":"private"},"date":1763033709,"text":"/start","entities":[{"offset":0,"length":6,"type":"bot_command"}]}}

2025-11-14 05:33:09
{"update_id":856807252,
"message":{"message_id":102,"from":{"id":1526104051,"is_bot":false,"first_name":"Jahail","last_name":"Bambos","username":"JahailBambos","language_code":"ru"},"chat":{"id":1526104051,"first_name":"Jahail","last_name":"Bambos","username":"JahailBambos","type":"private"},"date":1763033709,"text":"/start","entities":[{"offset":0,"length":6,"type":"bot_command"}]}}

2025-11-14 05:34:57
{"update_id":856807252,
"message":{"message_id":102,"from":{"id":1526104051,"is_bot":false,"first_name":"Jahail","last_name":"Bambos","username":"JahailBambos","language_code":"ru"},"chat":{"id":1526104051,"first_name":"Jahail","last_name":"Bambos","username":"JahailBambos","type":"private"},"date":1763033709,"text":"/start","entities":[{"offset":0,"length":6,"type":"bot_command"}]}}

2025-11-14 05:36:00
{"update_id":856807252,
"message":{"message_id":102,"from":{"id":1526104051,"is_bot":false,"first_name":"Jahail","last_name":"Bambos","username":"JahailBambos","language_code":"ru"},"chat":{"id":1526104051,"first_name":"Jahail","last_name":"Bambos","username":"JahailBambos","type":"private"},"date":1763033709,"text":"/start","entities":[{"offset":0,"length":6,"type":"bot_command"}]}}

2025-11-14 05:37:44
{"update_id":856807252,
"message":{"message_id":102,"from":{"id":1526104051,"is_bot":false,"first_name":"Jahail","last_name":"Bambos","username":"JahailBambos","language_code":"ru"},"chat":{"id":1526104051,"first_name":"Jahail","last_name":"Bambos","username":"JahailBambos","type":"private"},"date":1763033709,"text":"/start","entities":[{"offset":0,"length":6,"type":"bot_command"}]}}

2025-11-14 05:38:57
{"update_id":856807252,
"message":{"message_id":102,"from":{"id":1526104051,"is_bot":false,"first_name":"Jahail","last_name":"Bambos","username":"JahailBambos","language_code":"ru"},"chat":{"id":1526104051,"first_name":"Jahail","last_name":"Bambos","username":"JahailBambos","type":"private"},"date":1763033709,"text":"/start","entities":[{"offset":0,"length":6,"type":"bot_command"}]}}

2025-11-14 05:40:40
{"update_id":856807252,
"message":{"message_id":102,"from":{"id":1526104051,"is_bot":false,"first_name":"Jahail","last_name":"Bambos","username":"JahailBambos","language_code":"ru"},"chat":{"id":1526104051,"first_name":"Jahail","last_name":"Bambos","username":"JahailBambos","type":"private"},"date":1763033709,"text":"/start","entities":[{"offset":0,"length":6,"type":"bot_command"}]}}

2025-11-14 05:42:29
{"update_id":856807252,
"message":{"message_id":102,"from":{"id":1526104051,"is_bot":false,"first_name":"Jahail","last_name":"Bambos","username":"JahailBambos","language_code":"ru"},"chat":{"id":1526104051,"first_name":"Jahail","last_name":"Bambos","username":"JahailBambos","type":"private"},"date":1763033709,"text":"/start","entities":[{"offset":0,"length":6,"type":"bot_command"}]}}

2025-11-14 05:44:27
{"update_id":856807252,
"message":{"message_id":102,"from":{"id":1526104051,"is_bot":false,"first_name":"Jahail","last_name":"Bambos","username":"JahailBambos","language_code":"ru"},"chat":{"id":1526104051,"first_name":"Jahail","last_name":"Bambos","username":"JahailBambos","type":"private"},"date":1763033709,"text":"/start","entities":[{"offset":0,"length":6,"type":"bot_command"}]}}

2025-11-14 05:46:21
{"update_id":856807252,
"message":{"message_id":102,"from":{"id":1526104051,"is_bot":false,"first_name":"Jahail","last_name":"Bambos","username":"JahailBambos","language_code":"ru"},"chat":{"id":1526104051,"first_name":"Jahail","last_name":"Bambos","username":"JahailBambos","type":"private"},"date":1763033709,"text":"/start","entities":[{"offset":0,"length":6,"type":"bot_command"}]}}

2025-11-14 05:47:28
{"update_id":856807252,
"message":{"message_id":102,"from":{"id":1526104051,"is_bot":false,"first_name":"Jahail","last_name":"Bambos","username":"JahailBambos","language_code":"ru"},"chat":{"id":1526104051,"first_name":"Jahail","last_name":"Bambos","username":"JahailBambos","type":"private"},"date":1763033709,"text":"/start","entities":[{"offset":0,"length":6,"type":"bot_command"}]}}

2025-11-14 05:49:13
{"update_id":856807252,
"message":{"message_id":102,"from":{"id":1526104051,"is_bot":false,"first_name":"Jahail","last_name":"Bambos","username":"JahailBambos","language_code":"ru"},"chat":{"id":1526104051,"first_name":"Jahail","last_name":"Bambos","username":"JahailBambos","type":"private"},"date":1763033709,"text":"/start","entities":[{"offset":0,"length":6,"type":"bot_command"}]}}

2025-11-14 05:50:18
{"update_id":856807252,
"message":{"message_id":102,"from":{"id":1526104051,"is_bot":false,"first_name":"Jahail","last_name":"Bambos","username":"JahailBambos","language_code":"ru"},"chat":{"id":1526104051,"first_name":"Jahail","last_name":"Bambos","username":"JahailBambos","type":"private"},"date":1763033709,"text":"/start","entities":[{"offset":0,"length":6,"type":"bot_command"}]}}

2025-11-14 05:51:44
{"update_id":856807252,
"message":{"message_id":102,"from":{"id":1526104051,"is_bot":false,"first_name":"Jahail","last_name":"Bambos","username":"JahailBambos","language_code":"ru"},"chat":{"id":1526104051,"first_name":"Jahail","last_name":"Bambos","username":"JahailBambos","type":"private"},"date":1763033709,"text":"/start","entities":[{"offset":0,"length":6,"type":"bot_command"}]}}

2025-11-14 05:52:58
{"update_id":856807252,
"message":{"message_id":102,"from":{"id":1526104051,"is_bot":false,"first_name":"Jahail","last_name":"Bambos","username":"JahailBambos","language_code":"ru"},"chat":{"id":1526104051,"first_name":"Jahail","last_name":"Bambos","username":"JahailBambos","type":"private"},"date":1763033709,"text":"/start","entities":[{"offset":0,"length":6,"type":"bot_command"}]}}

2025-11-14 05:54:14
{"update_id":856807252,
"message":{"message_id":102,"from":{"id":1526104051,"is_bot":false,"first_name":"Jahail","last_name":"Bambos","username":"JahailBambos","language_code":"ru"},"chat":{"id":1526104051,"first_name":"Jahail","last_name":"Bambos","username":"JahailBambos","type":"private"},"date":1763033709,"text":"/start","entities":[{"offset":0,"length":6,"type":"bot_command"}]}}

2025-11-14 05:56:07
{"update_id":856807252,
"message":{"message_id":102,"from":{"id":1526104051,"is_bot":false,"first_name":"Jahail","last_name":"Bambos","username":"JahailBambos","language_code":"ru"},"chat":{"id":1526104051,"first_name":"Jahail","last_name":"Bambos","username":"JahailBambos","type":"private"},"date":1763033709,"text":"/start","entities":[{"offset":0,"length":6,"type":"bot_command"}]}}

2025-11-14 05:57:07
{"update_id":856807252,
"message":{"message_id":102,"from":{"id":1526104051,"is_bot":false,"first_name":"Jahail","last_name":"Bambos","username":"JahailBambos","language_code":"ru"},"chat":{"id":1526104051,"first_name":"Jahail","last_name":"Bambos","username":"JahailBambos","type":"private"},"date":1763033709,"text":"/start","entities":[{"offset":0,"length":6,"type":"bot_command"}]}}

2025-11-14 05:58:30
{"update_id":856807252,
"message":{"message_id":102,"from":{"id":1526104051,"is_bot":false,"first_name":"Jahail","last_name":"Bambos","username":"JahailBambos","language_code":"ru"},"chat":{"id":1526104051,"first_name":"Jahail","last_name":"Bambos","username":"JahailBambos","type":"private"},"date":1763033709,"text":"/start","entities":[{"offset":0,"length":6,"type":"bot_command"}]}}

2025-11-14 05:59:37
{"update_id":856807252,
"message":{"message_id":102,"from":{"id":1526104051,"is_bot":false,"first_name":"Jahail","last_name":"Bambos","username":"JahailBambos","language_code":"ru"},"chat":{"id":1526104051,"first_name":"Jahail","last_name":"Bambos","username":"JahailBambos","type":"private"},"date":1763033709,"text":"/start","entities":[{"offset":0,"length":6,"type":"bot_command"}]}}

2025-11-14 06:01:14
{"update_id":856807252,
"message":{"message_id":102,"from":{"id":1526104051,"is_bot":false,"first_name":"Jahail","last_name":"Bambos","username":"JahailBambos","language_code":"ru"},"chat":{"id":1526104051,"first_name":"Jahail","last_name":"Bambos","username":"JahailBambos","type":"private"},"date":1763033709,"text":"/start","entities":[{"offset":0,"length":6,"type":"bot_command"}]}}

2025-11-14 06:02:35
{"update_id":856807252,
"message":{"message_id":102,"from":{"id":1526104051,"is_bot":false,"first_name":"Jahail","last_name":"Bambos","username":"JahailBambos","language_code":"ru"},"chat":{"id":1526104051,"first_name":"Jahail","last_name":"Bambos","username":"JahailBambos","type":"private"},"date":1763033709,"text":"/start","entities":[{"offset":0,"length":6,"type":"bot_command"}]}}

2025-11-14 06:03:43
{"update_id":856807252,
"message":{"message_id":102,"from":{"id":1526104051,"is_bot":false,"first_name":"Jahail","last_name":"Bambos","username":"JahailBambos","language_code":"ru"},"chat":{"id":1526104051,"first_name":"Jahail","last_name":"Bambos","username":"JahailBambos","type":"private"},"date":1763033709,"text":"/start","entities":[{"offset":0,"length":6,"type":"bot_command"}]}}

2025-11-14 06:05:32
{"update_id":856807252,
"message":{"message_id":102,"from":{"id":1526104051,"is_bot":false,"first_name":"Jahail","last_name":"Bambos","username":"JahailBambos","language_code":"ru"},"chat":{"id":1526104051,"first_name":"Jahail","last_name":"Bambos","username":"JahailBambos","type":"private"},"date":1763033709,"text":"/start","entities":[{"offset":0,"length":6,"type":"bot_command"}]}}

2025-11-14 06:06:42
{"update_id":856807252,
"message":{"message_id":102,"from":{"id":1526104051,"is_bot":false,"first_name":"Jahail","last_name":"Bambos","username":"JahailBambos","language_code":"ru"},"chat":{"id":1526104051,"first_name":"Jahail","last_name":"Bambos","username":"JahailBambos","type":"private"},"date":1763033709,"text":"/start","entities":[{"offset":0,"length":6,"type":"bot_command"}]}}

2025-11-14 06:08:24
{"update_id":856807252,
"message":{"message_id":102,"from":{"id":1526104051,"is_bot":false,"first_name":"Jahail","last_name":"Bambos","username":"JahailBambos","language_code":"ru"},"chat":{"id":1526104051,"first_name":"Jahail","last_name":"Bambos","username":"JahailBambos","type":"private"},"date":1763033709,"text":"/start","entities":[{"offset":0,"length":6,"type":"bot_command"}]}}

2025-11-14 06:10:05
{"update_id":856807252,
"message":{"message_id":102,"from":{"id":1526104051,"is_bot":false,"first_name":"Jahail","last_name":"Bambos","username":"JahailBambos","language_code":"ru"},"chat":{"id":1526104051,"first_name":"Jahail","last_name":"Bambos","username":"JahailBambos","type":"private"},"date":1763033709,"text":"/start","entities":[{"offset":0,"length":6,"type":"bot_command"}]}}

2025-11-14 06:11:44
{"update_id":856807252,
"message":{"message_id":102,"from":{"id":1526104051,"is_bot":false,"first_name":"Jahail","last_name":"Bambos","username":"JahailBambos","language_code":"ru"},"chat":{"id":1526104051,"first_name":"Jahail","last_name":"Bambos","username":"JahailBambos","type":"private"},"date":1763033709,"text":"/start","entities":[{"offset":0,"length":6,"type":"bot_command"}]}}

2025-11-14 06:13:32
{"update_id":856807252,
"message":{"message_id":102,"from":{"id":1526104051,"is_bot":false,"first_name":"Jahail","last_name":"Bambos","username":"JahailBambos","language_code":"ru"},"chat":{"id":1526104051,"first_name":"Jahail","last_name":"Bambos","username":"JahailBambos","type":"private"},"date":1763033709,"text":"/start","entities":[{"offset":0,"length":6,"type":"bot_command"}]}}

2025-11-14 06:15:26
{"update_id":856807252,
"message":{"message_id":102,"from":{"id":1526104051,"is_bot":false,"first_name":"Jahail","last_name":"Bambos","username":"JahailBambos","language_code":"ru"},"chat":{"id":1526104051,"first_name":"Jahail","last_name":"Bambos","username":"JahailBambos","type":"private"},"date":1763033709,"text":"/start","entities":[{"offset":0,"length":6,"type":"bot_command"}]}}

2025-11-14 06:16:32
{"update_id":856807252,
"message":{"message_id":102,"from":{"id":1526104051,"is_bot":false,"first_name":"Jahail","last_name":"Bambos","username":"JahailBambos","language_code":"ru"},"chat":{"id":1526104051,"first_name":"Jahail","last_name":"Bambos","username":"JahailBambos","type":"private"},"date":1763033709,"text":"/start","entities":[{"offset":0,"length":6,"type":"bot_command"}]}}

2025-11-14 06:17:36
{"update_id":856807252,
"message":{"message_id":102,"from":{"id":1526104051,"is_bot":false,"first_name":"Jahail","last_name":"Bambos","username":"JahailBambos","language_code":"ru"},"chat":{"id":1526104051,"first_name":"Jahail","last_name":"Bambos","username":"JahailBambos","type":"private"},"date":1763033709,"text":"/start","entities":[{"offset":0,"length":6,"type":"bot_command"}]}}

2025-11-14 06:19:35
{"update_id":856807252,
"message":{"message_id":102,"from":{"id":1526104051,"is_bot":false,"first_name":"Jahail","last_name":"Bambos","username":"JahailBambos","language_code":"ru"},"chat":{"id":1526104051,"first_name":"Jahail","last_name":"Bambos","username":"JahailBambos","type":"private"},"date":1763033709,"text":"/start","entities":[{"offset":0,"length":6,"type":"bot_command"}]}}

2025-11-14 06:21:32
{"update_id":856807252,
"message":{"message_id":102,"from":{"id":1526104051,"is_bot":false,"first_name":"Jahail","last_name":"Bambos","username":"JahailBambos","language_code":"ru"},"chat":{"id":1526104051,"first_name":"Jahail","last_name":"Bambos","username":"JahailBambos","type":"private"},"date":1763033709,"text":"/start","entities":[{"offset":0,"length":6,"type":"bot_command"}]}}

2025-11-14 06:22:36
{"update_id":856807252,
"message":{"message_id":102,"from":{"id":1526104051,"is_bot":false,"first_name":"Jahail","last_name":"Bambos","username":"JahailBambos","language_code":"ru"},"chat":{"id":1526104051,"first_name":"Jahail","last_name":"Bambos","username":"JahailBambos","type":"private"},"date":1763033709,"text":"/start","entities":[{"offset":0,"length":6,"type":"bot_command"}]}}

2025-11-14 06:24:17
{"update_id":856807252,
"message":{"message_id":102,"from":{"id":1526104051,"is_bot":false,"first_name":"Jahail","last_name":"Bambos","username":"JahailBambos","language_code":"ru"},"chat":{"id":1526104051,"first_name":"Jahail","last_name":"Bambos","username":"JahailBambos","type":"private"},"date":1763033709,"text":"/start","entities":[{"offset":0,"length":6,"type":"bot_command"}]}}

2025-11-14 06:26:14
{"update_id":856807252,
"message":{"message_id":102,"from":{"id":1526104051,"is_bot":false,"first_name":"Jahail","last_name":"Bambos","username":"JahailBambos","language_code":"ru"},"chat":{"id":1526104051,"first_name":"Jahail","last_name":"Bambos","username":"JahailBambos","type":"private"},"date":1763033709,"text":"/start","entities":[{"offset":0,"length":6,"type":"bot_command"}]}}

2025-11-14 06:28:01
{"update_id":856807252,
"message":{"message_id":102,"from":{"id":1526104051,"is_bot":false,"first_name":"Jahail","last_name":"Bambos","username":"JahailBambos","language_code":"ru"},"chat":{"id":1526104051,"first_name":"Jahail","last_name":"Bambos","username":"JahailBambos","type":"private"},"date":1763033709,"text":"/start","entities":[{"offset":0,"length":6,"type":"bot_command"}]}}

2025-11-14 06:29:43
{"update_id":856807252,
"message":{"message_id":102,"from":{"id":1526104051,"is_bot":false,"first_name":"Jahail","last_name":"Bambos","username":"JahailBambos","language_code":"ru"},"chat":{"id":1526104051,"first_name":"Jahail","last_name":"Bambos","username":"JahailBambos","type":"private"},"date":1763033709,"text":"/start","entities":[{"offset":0,"length":6,"type":"bot_command"}]}}

2025-11-14 06:30:51
{"update_id":856807252,
"message":{"message_id":102,"from":{"id":1526104051,"is_bot":false,"first_name":"Jahail","last_name":"Bambos","username":"JahailBambos","language_code":"ru"},"chat":{"id":1526104051,"first_name":"Jahail","last_name":"Bambos","username":"JahailBambos","type":"private"},"date":1763033709,"text":"/start","entities":[{"offset":0,"length":6,"type":"bot_command"}]}}

2025-11-14 06:32:15
{"update_id":856807252,
"message":{"message_id":102,"from":{"id":1526104051,"is_bot":false,"first_name":"Jahail","last_name":"Bambos","username":"JahailBambos","language_code":"ru"},"chat":{"id":1526104051,"first_name":"Jahail","last_name":"Bambos","username":"JahailBambos","type":"private"},"date":1763033709,"text":"/start","entities":[{"offset":0,"length":6,"type":"bot_command"}]}}

2025-11-14 06:33:20
{"update_id":856807252,
"message":{"message_id":102,"from":{"id":1526104051,"is_bot":false,"first_name":"Jahail","last_name":"Bambos","username":"JahailBambos","language_code":"ru"},"chat":{"id":1526104051,"first_name":"Jahail","last_name":"Bambos","username":"JahailBambos","type":"private"},"date":1763033709,"text":"/start","entities":[{"offset":0,"length":6,"type":"bot_command"}]}}

2025-11-14 06:34:30
{"update_id":856807252,
"message":{"message_id":102,"from":{"id":1526104051,"is_bot":false,"first_name":"Jahail","last_name":"Bambos","username":"JahailBambos","language_code":"ru"},"chat":{"id":1526104051,"first_name":"Jahail","last_name":"Bambos","username":"JahailBambos","type":"private"},"date":1763033709,"text":"/start","entities":[{"offset":0,"length":6,"type":"bot_command"}]}}

2025-11-14 06:35:51
{"update_id":856807252,
"message":{"message_id":102,"from":{"id":1526104051,"is_bot":false,"first_name":"Jahail","last_name":"Bambos","username":"JahailBambos","language_code":"ru"},"chat":{"id":1526104051,"first_name":"Jahail","last_name":"Bambos","username":"JahailBambos","type":"private"},"date":1763033709,"text":"/start","entities":[{"offset":0,"length":6,"type":"bot_command"}]}}

2025-11-14 06:37:01
{"update_id":856807252,
"message":{"message_id":102,"from":{"id":1526104051,"is_bot":false,"first_name":"Jahail","last_name":"Bambos","username":"JahailBambos","language_code":"ru"},"chat":{"id":1526104051,"first_name":"Jahail","last_name":"Bambos","username":"JahailBambos","type":"private"},"date":1763033709,"text":"/start","entities":[{"offset":0,"length":6,"type":"bot_command"}]}}

2025-11-14 06:38:12
{"update_id":856807252,
"message":{"message_id":102,"from":{"id":1526104051,"is_bot":false,"first_name":"Jahail","last_name":"Bambos","username":"JahailBambos","language_code":"ru"},"chat":{"id":1526104051,"first_name":"Jahail","last_name":"Bambos","username":"JahailBambos","type":"private"},"date":1763033709,"text":"/start","entities":[{"offset":0,"length":6,"type":"bot_command"}]}}

2025-11-14 06:40:00
{"update_id":856807252,
"message":{"message_id":102,"from":{"id":1526104051,"is_bot":false,"first_name":"Jahail","last_name":"Bambos","username":"JahailBambos","language_code":"ru"},"chat":{"id":1526104051,"first_name":"Jahail","last_name":"Bambos","username":"JahailBambos","type":"private"},"date":1763033709,"text":"/start","entities":[{"offset":0,"length":6,"type":"bot_command"}]}}

2025-11-14 06:41:36
{"update_id":856807252,
"message":{"message_id":102,"from":{"id":1526104051,"is_bot":false,"first_name":"Jahail","last_name":"Bambos","username":"JahailBambos","language_code":"ru"},"chat":{"id":1526104051,"first_name":"Jahail","last_name":"Bambos","username":"JahailBambos","type":"private"},"date":1763033709,"text":"/start","entities":[{"offset":0,"length":6,"type":"bot_command"}]}}

2025-11-14 06:43:19
{"update_id":856807252,
"message":{"message_id":102,"from":{"id":1526104051,"is_bot":false,"first_name":"Jahail","last_name":"Bambos","username":"JahailBambos","language_code":"ru"},"chat":{"id":1526104051,"first_name":"Jahail","last_name":"Bambos","username":"JahailBambos","type":"private"},"date":1763033709,"text":"/start","entities":[{"offset":0,"length":6,"type":"bot_command"}]}}

2025-11-14 06:44:19
{"update_id":856807252,
"message":{"message_id":102,"from":{"id":1526104051,"is_bot":false,"first_name":"Jahail","last_name":"Bambos","username":"JahailBambos","language_code":"ru"},"chat":{"id":1526104051,"first_name":"Jahail","last_name":"Bambos","username":"JahailBambos","type":"private"},"date":1763033709,"text":"/start","entities":[{"offset":0,"length":6,"type":"bot_command"}]}}

2025-11-14 06:46:14
{"update_id":856807252,
"message":{"message_id":102,"from":{"id":1526104051,"is_bot":false,"first_name":"Jahail","last_name":"Bambos","username":"JahailBambos","language_code":"ru"},"chat":{"id":1526104051,"first_name":"Jahail","last_name":"Bambos","username":"JahailBambos","type":"private"},"date":1763033709,"text":"/start","entities":[{"offset":0,"length":6,"type":"bot_command"}]}}

2025-11-14 06:47:49
{"update_id":856807252,
"message":{"message_id":102,"from":{"id":1526104051,"is_bot":false,"first_name":"Jahail","last_name":"Bambos","username":"JahailBambos","language_code":"ru"},"chat":{"id":1526104051,"first_name":"Jahail","last_name":"Bambos","username":"JahailBambos","type":"private"},"date":1763033709,"text":"/start","entities":[{"offset":0,"length":6,"type":"bot_command"}]}}

2025-11-14 06:49:31
{"update_id":856807252,
"message":{"message_id":102,"from":{"id":1526104051,"is_bot":false,"first_name":"Jahail","last_name":"Bambos","username":"JahailBambos","language_code":"ru"},"chat":{"id":1526104051,"first_name":"Jahail","last_name":"Bambos","username":"JahailBambos","type":"private"},"date":1763033709,"text":"/start","entities":[{"offset":0,"length":6,"type":"bot_command"}]}}

2025-11-14 06:50:56
{"update_id":856807252,
"message":{"message_id":102,"from":{"id":1526104051,"is_bot":false,"first_name":"Jahail","last_name":"Bambos","username":"JahailBambos","language_code":"ru"},"chat":{"id":1526104051,"first_name":"Jahail","last_name":"Bambos","username":"JahailBambos","type":"private"},"date":1763033709,"text":"/start","entities":[{"offset":0,"length":6,"type":"bot_command"}]}}

2025-11-14 06:52:43
{"update_id":856807252,
"message":{"message_id":102,"from":{"id":1526104051,"is_bot":false,"first_name":"Jahail","last_name":"Bambos","username":"JahailBambos","language_code":"ru"},"chat":{"id":1526104051,"first_name":"Jahail","last_name":"Bambos","username":"JahailBambos","type":"private"},"date":1763033709,"text":"/start","entities":[{"offset":0,"length":6,"type":"bot_command"}]}}

2025-11-14 06:54:43
{"update_id":856807252,
"message":{"message_id":102,"from":{"id":1526104051,"is_bot":false,"first_name":"Jahail","last_name":"Bambos","username":"JahailBambos","language_code":"ru"},"chat":{"id":1526104051,"first_name":"Jahail","last_name":"Bambos","username":"JahailBambos","type":"private"},"date":1763033709,"text":"/start","entities":[{"offset":0,"length":6,"type":"bot_command"}]}}

2025-11-14 06:56:19
{"update_id":856807252,
"message":{"message_id":102,"from":{"id":1526104051,"is_bot":false,"first_name":"Jahail","last_name":"Bambos","username":"JahailBambos","language_code":"ru"},"chat":{"id":1526104051,"first_name":"Jahail","last_name":"Bambos","username":"JahailBambos","type":"private"},"date":1763033709,"text":"/start","entities":[{"offset":0,"length":6,"type":"bot_command"}]}}

2025-11-14 06:57:49
{"update_id":856807252,
"message":{"message_id":102,"from":{"id":1526104051,"is_bot":false,"first_name":"Jahail","last_name":"Bambos","username":"JahailBambos","language_code":"ru"},"chat":{"id":1526104051,"first_name":"Jahail","last_name":"Bambos","username":"JahailBambos","type":"private"},"date":1763033709,"text":"/start","entities":[{"offset":0,"length":6,"type":"bot_command"}]}}

2025-11-14 06:59:01
{"update_id":856807252,
"message":{"message_id":102,"from":{"id":1526104051,"is_bot":false,"first_name":"Jahail","last_name":"Bambos","username":"JahailBambos","language_code":"ru"},"chat":{"id":1526104051,"first_name":"Jahail","last_name":"Bambos","username":"JahailBambos","type":"private"},"date":1763033709,"text":"/start","entities":[{"offset":0,"length":6,"type":"bot_command"}]}}

2025-11-14 07:00:08
{"update_id":856807252,
"message":{"message_id":102,"from":{"id":1526104051,"is_bot":false,"first_name":"Jahail","last_name":"Bambos","username":"JahailBambos","language_code":"ru"},"chat":{"id":1526104051,"first_name":"Jahail","last_name":"Bambos","username":"JahailBambos","type":"private"},"date":1763033709,"text":"/start","entities":[{"offset":0,"length":6,"type":"bot_command"}]}}

2025-11-14 07:01:45
{"update_id":856807252,
"message":{"message_id":102,"from":{"id":1526104051,"is_bot":false,"first_name":"Jahail","last_name":"Bambos","username":"JahailBambos","language_code":"ru"},"chat":{"id":1526104051,"first_name":"Jahail","last_name":"Bambos","username":"JahailBambos","type":"private"},"date":1763033709,"text":"/start","entities":[{"offset":0,"length":6,"type":"bot_command"}]}}

2025-11-14 07:03:17
{"update_id":856807252,
"message":{"message_id":102,"from":{"id":1526104051,"is_bot":false,"first_name":"Jahail","last_name":"Bambos","username":"JahailBambos","language_code":"ru"},"chat":{"id":1526104051,"first_name":"Jahail","last_name":"Bambos","username":"JahailBambos","type":"private"},"date":1763033709,"text":"/start","entities":[{"offset":0,"length":6,"type":"bot_command"}]}}

2025-11-14 07:05:12
{"update_id":856807252,
"message":{"message_id":102,"from":{"id":1526104051,"is_bot":false,"first_name":"Jahail","last_name":"Bambos","username":"JahailBambos","language_code":"ru"},"chat":{"id":1526104051,"first_name":"Jahail","last_name":"Bambos","username":"JahailBambos","type":"private"},"date":1763033709,"text":"/start","entities":[{"offset":0,"length":6,"type":"bot_command"}]}}

2025-11-14 07:06:37
{"update_id":856807252,
"message":{"message_id":102,"from":{"id":1526104051,"is_bot":false,"first_name":"Jahail","last_name":"Bambos","username":"JahailBambos","language_code":"ru"},"chat":{"id":1526104051,"first_name":"Jahail","last_name":"Bambos","username":"JahailBambos","type":"private"},"date":1763033709,"text":"/start","entities":[{"offset":0,"length":6,"type":"bot_command"}]}}

2025-11-14 07:08:19
{"update_id":856807252,
"message":{"message_id":102,"from":{"id":1526104051,"is_bot":false,"first_name":"Jahail","last_name":"Bambos","username":"JahailBambos","language_code":"ru"},"chat":{"id":1526104051,"first_name":"Jahail","last_name":"Bambos","username":"JahailBambos","type":"private"},"date":1763033709,"text":"/start","entities":[{"offset":0,"length":6,"type":"bot_command"}]}}

2025-11-14 07:09:54
{"update_id":856807252,
"message":{"message_id":102,"from":{"id":1526104051,"is_bot":false,"first_name":"Jahail","last_name":"Bambos","username":"JahailBambos","language_code":"ru"},"chat":{"id":1526104051,"first_name":"Jahail","last_name":"Bambos","username":"JahailBambos","type":"private"},"date":1763033709,"text":"/start","entities":[{"offset":0,"length":6,"type":"bot_command"}]}}

2025-11-14 07:10:59
{"update_id":856807252,
"message":{"message_id":102,"from":{"id":1526104051,"is_bot":false,"first_name":"Jahail","last_name":"Bambos","username":"JahailBambos","language_code":"ru"},"chat":{"id":1526104051,"first_name":"Jahail","last_name":"Bambos","username":"JahailBambos","type":"private"},"date":1763033709,"text":"/start","entities":[{"offset":0,"length":6,"type":"bot_command"}]}}

2025-11-14 07:12:58
{"update_id":856807252,
"message":{"message_id":102,"from":{"id":1526104051,"is_bot":false,"first_name":"Jahail","last_name":"Bambos","username":"JahailBambos","language_code":"ru"},"chat":{"id":1526104051,"first_name":"Jahail","last_name":"Bambos","username":"JahailBambos","type":"private"},"date":1763033709,"text":"/start","entities":[{"offset":0,"length":6,"type":"bot_command"}]}}

2025-11-14 07:14:47
{"update_id":856807252,
"message":{"message_id":102,"from":{"id":1526104051,"is_bot":false,"first_name":"Jahail","last_name":"Bambos","username":"JahailBambos","language_code":"ru"},"chat":{"id":1526104051,"first_name":"Jahail","last_name":"Bambos","username":"JahailBambos","type":"private"},"date":1763033709,"text":"/start","entities":[{"offset":0,"length":6,"type":"bot_command"}]}}

2025-11-14 07:16:06
{"update_id":856807252,
"message":{"message_id":102,"from":{"id":1526104051,"is_bot":false,"first_name":"Jahail","last_name":"Bambos","username":"JahailBambos","language_code":"ru"},"chat":{"id":1526104051,"first_name":"Jahail","last_name":"Bambos","username":"JahailBambos","type":"private"},"date":1763033709,"text":"/start","entities":[{"offset":0,"length":6,"type":"bot_command"}]}}

2025-11-14 07:17:21
{"update_id":856807252,
"message":{"message_id":102,"from":{"id":1526104051,"is_bot":false,"first_name":"Jahail","last_name":"Bambos","username":"JahailBambos","language_code":"ru"},"chat":{"id":1526104051,"first_name":"Jahail","last_name":"Bambos","username":"JahailBambos","type":"private"},"date":1763033709,"text":"/start","entities":[{"offset":0,"length":6,"type":"bot_command"}]}}

2025-11-14 07:19:08
{"update_id":856807252,
"message":{"message_id":102,"from":{"id":1526104051,"is_bot":false,"first_name":"Jahail","last_name":"Bambos","username":"JahailBambos","language_code":"ru"},"chat":{"id":1526104051,"first_name":"Jahail","last_name":"Bambos","username":"JahailBambos","type":"private"},"date":1763033709,"text":"/start","entities":[{"offset":0,"length":6,"type":"bot_command"}]}}

2025-11-14 07:20:41
{"update_id":856807252,
"message":{"message_id":102,"from":{"id":1526104051,"is_bot":false,"first_name":"Jahail","last_name":"Bambos","username":"JahailBambos","language_code":"ru"},"chat":{"id":1526104051,"first_name":"Jahail","last_name":"Bambos","username":"JahailBambos","type":"private"},"date":1763033709,"text":"/start","entities":[{"offset":0,"length":6,"type":"bot_command"}]}}

2025-11-14 07:21:56
{"update_id":856807252,
"message":{"message_id":102,"from":{"id":1526104051,"is_bot":false,"first_name":"Jahail","last_name":"Bambos","username":"JahailBambos","language_code":"ru"},"chat":{"id":1526104051,"first_name":"Jahail","last_name":"Bambos","username":"JahailBambos","type":"private"},"date":1763033709,"text":"/start","entities":[{"offset":0,"length":6,"type":"bot_command"}]}}

2025-11-14 07:23:14
{"update_id":856807252,
"message":{"message_id":102,"from":{"id":1526104051,"is_bot":false,"first_name":"Jahail","last_name":"Bambos","username":"JahailBambos","language_code":"ru"},"chat":{"id":1526104051,"first_name":"Jahail","last_name":"Bambos","username":"JahailBambos","type":"private"},"date":1763033709,"text":"/start","entities":[{"offset":0,"length":6,"type":"bot_command"}]}}

2025-11-14 07:24:56
{"update_id":856807252,
"message":{"message_id":102,"from":{"id":1526104051,"is_bot":false,"first_name":"Jahail","last_name":"Bambos","username":"JahailBambos","language_code":"ru"},"chat":{"id":1526104051,"first_name":"Jahail","last_name":"Bambos","username":"JahailBambos","type":"private"},"date":1763033709,"text":"/start","entities":[{"offset":0,"length":6,"type":"bot_command"}]}}

2025-11-14 07:26:48
{"update_id":856807252,
"message":{"message_id":102,"from":{"id":1526104051,"is_bot":false,"first_name":"Jahail","last_name":"Bambos","username":"JahailBambos","language_code":"ru"},"chat":{"id":1526104051,"first_name":"Jahail","last_name":"Bambos","username":"JahailBambos","type":"private"},"date":1763033709,"text":"/start","entities":[{"offset":0,"length":6,"type":"bot_command"}]}}

2025-11-14 07:28:35
{"update_id":856807252,
"message":{"message_id":102,"from":{"id":1526104051,"is_bot":false,"first_name":"Jahail","last_name":"Bambos","username":"JahailBambos","language_code":"ru"},"chat":{"id":1526104051,"first_name":"Jahail","last_name":"Bambos","username":"JahailBambos","type":"private"},"date":1763033709,"text":"/start","entities":[{"offset":0,"length":6,"type":"bot_command"}]}}

2025-11-14 07:29:46
{"update_id":856807252,
"message":{"message_id":102,"from":{"id":1526104051,"is_bot":false,"first_name":"Jahail","last_name":"Bambos","username":"JahailBambos","language_code":"ru"},"chat":{"id":1526104051,"first_name":"Jahail","last_name":"Bambos","username":"JahailBambos","type":"private"},"date":1763033709,"text":"/start","entities":[{"offset":0,"length":6,"type":"bot_command"}]}}

2025-11-14 07:31:15
{"update_id":856807252,
"message":{"message_id":102,"from":{"id":1526104051,"is_bot":false,"first_name":"Jahail","last_name":"Bambos","username":"JahailBambos","language_code":"ru"},"chat":{"id":1526104051,"first_name":"Jahail","last_name":"Bambos","username":"JahailBambos","type":"private"},"date":1763033709,"text":"/start","entities":[{"offset":0,"length":6,"type":"bot_command"}]}}

2025-11-14 07:33:06
{"update_id":856807252,
"message":{"message_id":102,"from":{"id":1526104051,"is_bot":false,"first_name":"Jahail","last_name":"Bambos","username":"JahailBambos","language_code":"ru"},"chat":{"id":1526104051,"first_name":"Jahail","last_name":"Bambos","username":"JahailBambos","type":"private"},"date":1763033709,"text":"/start","entities":[{"offset":0,"length":6,"type":"bot_command"}]}}

2025-11-14 07:34:56
{"update_id":856807252,
"message":{"message_id":102,"from":{"id":1526104051,"is_bot":false,"first_name":"Jahail","last_name":"Bambos","username":"JahailBambos","language_code":"ru"},"chat":{"id":1526104051,"first_name":"Jahail","last_name":"Bambos","username":"JahailBambos","type":"private"},"date":1763033709,"text":"/start","entities":[{"offset":0,"length":6,"type":"bot_command"}]}}

2025-11-14 07:36:22
{"update_id":856807252,
"message":{"message_id":102,"from":{"id":1526104051,"is_bot":false,"first_name":"Jahail","last_name":"Bambos","username":"JahailBambos","language_code":"ru"},"chat":{"id":1526104051,"first_name":"Jahail","last_name":"Bambos","username":"JahailBambos","type":"private"},"date":1763033709,"text":"/start","entities":[{"offset":0,"length":6,"type":"bot_command"}]}}

2025-11-14 07:37:49
{"update_id":856807252,
"message":{"message_id":102,"from":{"id":1526104051,"is_bot":false,"first_name":"Jahail","last_name":"Bambos","username":"JahailBambos","language_code":"ru"},"chat":{"id":1526104051,"first_name":"Jahail","last_name":"Bambos","username":"JahailBambos","type":"private"},"date":1763033709,"text":"/start","entities":[{"offset":0,"length":6,"type":"bot_command"}]}}

2025-11-14 07:39:31
{"update_id":856807252,
"message":{"message_id":102,"from":{"id":1526104051,"is_bot":false,"first_name":"Jahail","last_name":"Bambos","username":"JahailBambos","language_code":"ru"},"chat":{"id":1526104051,"first_name":"Jahail","last_name":"Bambos","username":"JahailBambos","type":"private"},"date":1763033709,"text":"/start","entities":[{"offset":0,"length":6,"type":"bot_command"}]}}

2025-11-14 07:40:41
{"update_id":856807252,
"message":{"message_id":102,"from":{"id":1526104051,"is_bot":false,"first_name":"Jahail","last_name":"Bambos","username":"JahailBambos","language_code":"ru"},"chat":{"id":1526104051,"first_name":"Jahail","last_name":"Bambos","username":"JahailBambos","type":"private"},"date":1763033709,"text":"/start","entities":[{"offset":0,"length":6,"type":"bot_command"}]}}

2025-11-14 07:42:14
{"update_id":856807252,
"message":{"message_id":102,"from":{"id":1526104051,"is_bot":false,"first_name":"Jahail","last_name":"Bambos","username":"JahailBambos","language_code":"ru"},"chat":{"id":1526104051,"first_name":"Jahail","last_name":"Bambos","username":"JahailBambos","type":"private"},"date":1763033709,"text":"/start","entities":[{"offset":0,"length":6,"type":"bot_command"}]}}

2025-11-14 07:44:04
{"update_id":856807252,
"message":{"message_id":102,"from":{"id":1526104051,"is_bot":false,"first_name":"Jahail","last_name":"Bambos","username":"JahailBambos","language_code":"ru"},"chat":{"id":1526104051,"first_name":"Jahail","last_name":"Bambos","username":"JahailBambos","type":"private"},"date":1763033709,"text":"/start","entities":[{"offset":0,"length":6,"type":"bot_command"}]}}

2025-11-14 07:45:43
{"update_id":856807252,
"message":{"message_id":102,"from":{"id":1526104051,"is_bot":false,"first_name":"Jahail","last_name":"Bambos","username":"JahailBambos","language_code":"ru"},"chat":{"id":1526104051,"first_name":"Jahail","last_name":"Bambos","username":"JahailBambos","type":"private"},"date":1763033709,"text":"/start","entities":[{"offset":0,"length":6,"type":"bot_command"}]}}

2025-11-14 07:47:12
{"update_id":856807252,
"message":{"message_id":102,"from":{"id":1526104051,"is_bot":false,"first_name":"Jahail","last_name":"Bambos","username":"JahailBambos","language_code":"ru"},"chat":{"id":1526104051,"first_name":"Jahail","last_name":"Bambos","username":"JahailBambos","type":"private"},"date":1763033709,"text":"/start","entities":[{"offset":0,"length":6,"type":"bot_command"}]}}

2025-11-14 07:48:42
{"update_id":856807252,
"message":{"message_id":102,"from":{"id":1526104051,"is_bot":false,"first_name":"Jahail","last_name":"Bambos","username":"JahailBambos","language_code":"ru"},"chat":{"id":1526104051,"first_name":"Jahail","last_name":"Bambos","username":"JahailBambos","type":"private"},"date":1763033709,"text":"/start","entities":[{"offset":0,"length":6,"type":"bot_command"}]}}

2025-11-14 07:50:15
{"update_id":856807252,
"message":{"message_id":102,"from":{"id":1526104051,"is_bot":false,"first_name":"Jahail","last_name":"Bambos","username":"JahailBambos","language_code":"ru"},"chat":{"id":1526104051,"first_name":"Jahail","last_name":"Bambos","username":"JahailBambos","type":"private"},"date":1763033709,"text":"/start","entities":[{"offset":0,"length":6,"type":"bot_command"}]}}

2025-11-14 07:51:31
{"update_id":856807252,
"message":{"message_id":102,"from":{"id":1526104051,"is_bot":false,"first_name":"Jahail","last_name":"Bambos","username":"JahailBambos","language_code":"ru"},"chat":{"id":1526104051,"first_name":"Jahail","last_name":"Bambos","username":"JahailBambos","type":"private"},"date":1763033709,"text":"/start","entities":[{"offset":0,"length":6,"type":"bot_command"}]}}

2025-11-14 07:52:47
{"update_id":856807252,
"message":{"message_id":102,"from":{"id":1526104051,"is_bot":false,"first_name":"Jahail","last_name":"Bambos","username":"JahailBambos","language_code":"ru"},"chat":{"id":1526104051,"first_name":"Jahail","last_name":"Bambos","username":"JahailBambos","type":"private"},"date":1763033709,"text":"/start","entities":[{"offset":0,"length":6,"type":"bot_command"}]}}

2025-11-14 07:54:41
{"update_id":856807252,
"message":{"message_id":102,"from":{"id":1526104051,"is_bot":false,"first_name":"Jahail","last_name":"Bambos","username":"JahailBambos","language_code":"ru"},"chat":{"id":1526104051,"first_name":"Jahail","last_name":"Bambos","username":"JahailBambos","type":"private"},"date":1763033709,"text":"/start","entities":[{"offset":0,"length":6,"type":"bot_command"}]}}

2025-11-14 07:55:50
{"update_id":856807252,
"message":{"message_id":102,"from":{"id":1526104051,"is_bot":false,"first_name":"Jahail","last_name":"Bambos","username":"JahailBambos","language_code":"ru"},"chat":{"id":1526104051,"first_name":"Jahail","last_name":"Bambos","username":"JahailBambos","type":"private"},"date":1763033709,"text":"/start","entities":[{"offset":0,"length":6,"type":"bot_command"}]}}

2025-11-14 07:56:59
{"update_id":856807252,
"message":{"message_id":102,"from":{"id":1526104051,"is_bot":false,"first_name":"Jahail","last_name":"Bambos","username":"JahailBambos","language_code":"ru"},"chat":{"id":1526104051,"first_name":"Jahail","last_name":"Bambos","username":"JahailBambos","type":"private"},"date":1763033709,"text":"/start","entities":[{"offset":0,"length":6,"type":"bot_command"}]}}

2025-11-14 07:58:09
{"update_id":856807252,
"message":{"message_id":102,"from":{"id":1526104051,"is_bot":false,"first_name":"Jahail","last_name":"Bambos","username":"JahailBambos","language_code":"ru"},"chat":{"id":1526104051,"first_name":"Jahail","last_name":"Bambos","username":"JahailBambos","type":"private"},"date":1763033709,"text":"/start","entities":[{"offset":0,"length":6,"type":"bot_command"}]}}

2025-11-14 07:59:54
{"update_id":856807252,
"message":{"message_id":102,"from":{"id":1526104051,"is_bot":false,"first_name":"Jahail","last_name":"Bambos","username":"JahailBambos","language_code":"ru"},"chat":{"id":1526104051,"first_name":"Jahail","last_name":"Bambos","username":"JahailBambos","type":"private"},"date":1763033709,"text":"/start","entities":[{"offset":0,"length":6,"type":"bot_command"}]}}

2025-11-14 08:01:00
{"update_id":856807252,
"message":{"message_id":102,"from":{"id":1526104051,"is_bot":false,"first_name":"Jahail","last_name":"Bambos","username":"JahailBambos","language_code":"ru"},"chat":{"id":1526104051,"first_name":"Jahail","last_name":"Bambos","username":"JahailBambos","type":"private"},"date":1763033709,"text":"/start","entities":[{"offset":0,"length":6,"type":"bot_command"}]}}

2025-11-14 08:02:16
{"update_id":856807252,
"message":{"message_id":102,"from":{"id":1526104051,"is_bot":false,"first_name":"Jahail","last_name":"Bambos","username":"JahailBambos","language_code":"ru"},"chat":{"id":1526104051,"first_name":"Jahail","last_name":"Bambos","username":"JahailBambos","type":"private"},"date":1763033709,"text":"/start","entities":[{"offset":0,"length":6,"type":"bot_command"}]}}

2025-11-14 08:03:50
{"update_id":856807252,
"message":{"message_id":102,"from":{"id":1526104051,"is_bot":false,"first_name":"Jahail","last_name":"Bambos","username":"JahailBambos","language_code":"ru"},"chat":{"id":1526104051,"first_name":"Jahail","last_name":"Bambos","username":"JahailBambos","type":"private"},"date":1763033709,"text":"/start","entities":[{"offset":0,"length":6,"type":"bot_command"}]}}

2025-11-14 08:05:49
{"update_id":856807252,
"message":{"message_id":102,"from":{"id":1526104051,"is_bot":false,"first_name":"Jahail","last_name":"Bambos","username":"JahailBambos","language_code":"ru"},"chat":{"id":1526104051,"first_name":"Jahail","last_name":"Bambos","username":"JahailBambos","type":"private"},"date":1763033709,"text":"/start","entities":[{"offset":0,"length":6,"type":"bot_command"}]}}

2025-11-14 08:07:22
{"update_id":856807252,
"message":{"message_id":102,"from":{"id":1526104051,"is_bot":false,"first_name":"Jahail","last_name":"Bambos","username":"JahailBambos","language_code":"ru"},"chat":{"id":1526104051,"first_name":"Jahail","last_name":"Bambos","username":"JahailBambos","type":"private"},"date":1763033709,"text":"/start","entities":[{"offset":0,"length":6,"type":"bot_command"}]}}

2025-11-14 08:08:28
{"update_id":856807252,
"message":{"message_id":102,"from":{"id":1526104051,"is_bot":false,"first_name":"Jahail","last_name":"Bambos","username":"JahailBambos","language_code":"ru"},"chat":{"id":1526104051,"first_name":"Jahail","last_name":"Bambos","username":"JahailBambos","type":"private"},"date":1763033709,"text":"/start","entities":[{"offset":0,"length":6,"type":"bot_command"}]}}

2025-11-14 08:10:16
{"update_id":856807252,
"message":{"message_id":102,"from":{"id":1526104051,"is_bot":false,"first_name":"Jahail","last_name":"Bambos","username":"JahailBambos","language_code":"ru"},"chat":{"id":1526104051,"first_name":"Jahail","last_name":"Bambos","username":"JahailBambos","type":"private"},"date":1763033709,"text":"/start","entities":[{"offset":0,"length":6,"type":"bot_command"}]}}

2025-11-14 08:12:16
{"update_id":856807252,
"message":{"message_id":102,"from":{"id":1526104051,"is_bot":false,"first_name":"Jahail","last_name":"Bambos","username":"JahailBambos","language_code":"ru"},"chat":{"id":1526104051,"first_name":"Jahail","last_name":"Bambos","username":"JahailBambos","type":"private"},"date":1763033709,"text":"/start","entities":[{"offset":0,"length":6,"type":"bot_command"}]}}

2025-11-14 08:13:47
{"update_id":856807252,
"message":{"message_id":102,"from":{"id":1526104051,"is_bot":false,"first_name":"Jahail","last_name":"Bambos","username":"JahailBambos","language_code":"ru"},"chat":{"id":1526104051,"first_name":"Jahail","last_name":"Bambos","username":"JahailBambos","type":"private"},"date":1763033709,"text":"/start","entities":[{"offset":0,"length":6,"type":"bot_command"}]}}

2025-11-14 08:15:32
{"update_id":856807252,
"message":{"message_id":102,"from":{"id":1526104051,"is_bot":false,"first_name":"Jahail","last_name":"Bambos","username":"JahailBambos","language_code":"ru"},"chat":{"id":1526104051,"first_name":"Jahail","last_name":"Bambos","username":"JahailBambos","type":"private"},"date":1763033709,"text":"/start","entities":[{"offset":0,"length":6,"type":"bot_command"}]}}

2025-11-14 08:16:44
{"update_id":856807252,
"message":{"message_id":102,"from":{"id":1526104051,"is_bot":false,"first_name":"Jahail","last_name":"Bambos","username":"JahailBambos","language_code":"ru"},"chat":{"id":1526104051,"first_name":"Jahail","last_name":"Bambos","username":"JahailBambos","type":"private"},"date":1763033709,"text":"/start","entities":[{"offset":0,"length":6,"type":"bot_command"}]}}

2025-11-14 08:18:14
{"update_id":856807252,
"message":{"message_id":102,"from":{"id":1526104051,"is_bot":false,"first_name":"Jahail","last_name":"Bambos","username":"JahailBambos","language_code":"ru"},"chat":{"id":1526104051,"first_name":"Jahail","last_name":"Bambos","username":"JahailBambos","type":"private"},"date":1763033709,"text":"/start","entities":[{"offset":0,"length":6,"type":"bot_command"}]}}

2025-11-14 08:19:58
{"update_id":856807252,
"message":{"message_id":102,"from":{"id":1526104051,"is_bot":false,"first_name":"Jahail","last_name":"Bambos","username":"JahailBambos","language_code":"ru"},"chat":{"id":1526104051,"first_name":"Jahail","last_name":"Bambos","username":"JahailBambos","type":"private"},"date":1763033709,"text":"/start","entities":[{"offset":0,"length":6,"type":"bot_command"}]}}

2025-11-14 08:21:22
{"update_id":856807252,
"message":{"message_id":102,"from":{"id":1526104051,"is_bot":false,"first_name":"Jahail","last_name":"Bambos","username":"JahailBambos","language_code":"ru"},"chat":{"id":1526104051,"first_name":"Jahail","last_name":"Bambos","username":"JahailBambos","type":"private"},"date":1763033709,"text":"/start","entities":[{"offset":0,"length":6,"type":"bot_command"}]}}

2025-11-14 08:22:34
{"update_id":856807252,
"message":{"message_id":102,"from":{"id":1526104051,"is_bot":false,"first_name":"Jahail","last_name":"Bambos","username":"JahailBambos","language_code":"ru"},"chat":{"id":1526104051,"first_name":"Jahail","last_name":"Bambos","username":"JahailBambos","type":"private"},"date":1763033709,"text":"/start","entities":[{"offset":0,"length":6,"type":"bot_command"}]}}

2025-11-14 08:23:54
{"update_id":856807252,
"message":{"message_id":102,"from":{"id":1526104051,"is_bot":false,"first_name":"Jahail","last_name":"Bambos","username":"JahailBambos","language_code":"ru"},"chat":{"id":1526104051,"first_name":"Jahail","last_name":"Bambos","username":"JahailBambos","type":"private"},"date":1763033709,"text":"/start","entities":[{"offset":0,"length":6,"type":"bot_command"}]}}

2025-11-14 08:25:25
{"update_id":856807252,
"message":{"message_id":102,"from":{"id":1526104051,"is_bot":false,"first_name":"Jahail","last_name":"Bambos","username":"JahailBambos","language_code":"ru"},"chat":{"id":1526104051,"first_name":"Jahail","last_name":"Bambos","username":"JahailBambos","type":"private"},"date":1763033709,"text":"/start","entities":[{"offset":0,"length":6,"type":"bot_command"}]}}

2025-11-14 08:26:25
{"update_id":856807252,
"message":{"message_id":102,"from":{"id":1526104051,"is_bot":false,"first_name":"Jahail","last_name":"Bambos","username":"JahailBambos","language_code":"ru"},"chat":{"id":1526104051,"first_name":"Jahail","last_name":"Bambos","username":"JahailBambos","type":"private"},"date":1763033709,"text":"/start","entities":[{"offset":0,"length":6,"type":"bot_command"}]}}

2025-11-14 08:28:12
{"update_id":856807252,
"message":{"message_id":102,"from":{"id":1526104051,"is_bot":false,"first_name":"Jahail","last_name":"Bambos","username":"JahailBambos","language_code":"ru"},"chat":{"id":1526104051,"first_name":"Jahail","last_name":"Bambos","username":"JahailBambos","type":"private"},"date":1763033709,"text":"/start","entities":[{"offset":0,"length":6,"type":"bot_command"}]}}

2025-11-14 08:29:52
{"update_id":856807252,
"message":{"message_id":102,"from":{"id":1526104051,"is_bot":false,"first_name":"Jahail","last_name":"Bambos","username":"JahailBambos","language_code":"ru"},"chat":{"id":1526104051,"first_name":"Jahail","last_name":"Bambos","username":"JahailBambos","type":"private"},"date":1763033709,"text":"/start","entities":[{"offset":0,"length":6,"type":"bot_command"}]}}

2025-11-14 08:31:34
{"update_id":856807252,
"message":{"message_id":102,"from":{"id":1526104051,"is_bot":false,"first_name":"Jahail","last_name":"Bambos","username":"JahailBambos","language_code":"ru"},"chat":{"id":1526104051,"first_name":"Jahail","last_name":"Bambos","username":"JahailBambos","type":"private"},"date":1763033709,"text":"/start","entities":[{"offset":0,"length":6,"type":"bot_command"}]}}

2025-11-14 08:33:12
{"update_id":856807252,
"message":{"message_id":102,"from":{"id":1526104051,"is_bot":false,"first_name":"Jahail","last_name":"Bambos","username":"JahailBambos","language_code":"ru"},"chat":{"id":1526104051,"first_name":"Jahail","last_name":"Bambos","username":"JahailBambos","type":"private"},"date":1763033709,"text":"/start","entities":[{"offset":0,"length":6,"type":"bot_command"}]}}

2025-11-14 08:34:48
{"update_id":856807252,
"message":{"message_id":102,"from":{"id":1526104051,"is_bot":false,"first_name":"Jahail","last_name":"Bambos","username":"JahailBambos","language_code":"ru"},"chat":{"id":1526104051,"first_name":"Jahail","last_name":"Bambos","username":"JahailBambos","type":"private"},"date":1763033709,"text":"/start","entities":[{"offset":0,"length":6,"type":"bot_command"}]}}

2025-11-14 08:36:08
{"update_id":856807252,
"message":{"message_id":102,"from":{"id":1526104051,"is_bot":false,"first_name":"Jahail","last_name":"Bambos","username":"JahailBambos","language_code":"ru"},"chat":{"id":1526104051,"first_name":"Jahail","last_name":"Bambos","username":"JahailBambos","type":"private"},"date":1763033709,"text":"/start","entities":[{"offset":0,"length":6,"type":"bot_command"}]}}

2025-11-14 08:37:12
{"update_id":856807252,
"message":{"message_id":102,"from":{"id":1526104051,"is_bot":false,"first_name":"Jahail","last_name":"Bambos","username":"JahailBambos","language_code":"ru"},"chat":{"id":1526104051,"first_name":"Jahail","last_name":"Bambos","username":"JahailBambos","type":"private"},"date":1763033709,"text":"/start","entities":[{"offset":0,"length":6,"type":"bot_command"}]}}

2025-11-14 08:38:53
{"update_id":856807252,
"message":{"message_id":102,"from":{"id":1526104051,"is_bot":false,"first_name":"Jahail","last_name":"Bambos","username":"JahailBambos","language_code":"ru"},"chat":{"id":1526104051,"first_name":"Jahail","last_name":"Bambos","username":"JahailBambos","type":"private"},"date":1763033709,"text":"/start","entities":[{"offset":0,"length":6,"type":"bot_command"}]}}

2025-11-14 08:40:38
{"update_id":856807252,
"message":{"message_id":102,"from":{"id":1526104051,"is_bot":false,"first_name":"Jahail","last_name":"Bambos","username":"JahailBambos","language_code":"ru"},"chat":{"id":1526104051,"first_name":"Jahail","last_name":"Bambos","username":"JahailBambos","type":"private"},"date":1763033709,"text":"/start","entities":[{"offset":0,"length":6,"type":"bot_command"}]}}

2025-11-14 08:42:08
{"update_id":856807252,
"message":{"message_id":102,"from":{"id":1526104051,"is_bot":false,"first_name":"Jahail","last_name":"Bambos","username":"JahailBambos","language_code":"ru"},"chat":{"id":1526104051,"first_name":"Jahail","last_name":"Bambos","username":"JahailBambos","type":"private"},"date":1763033709,"text":"/start","entities":[{"offset":0,"length":6,"type":"bot_command"}]}}

2025-11-14 08:43:56
{"update_id":856807252,
"message":{"message_id":102,"from":{"id":1526104051,"is_bot":false,"first_name":"Jahail","last_name":"Bambos","username":"JahailBambos","language_code":"ru"},"chat":{"id":1526104051,"first_name":"Jahail","last_name":"Bambos","username":"JahailBambos","type":"private"},"date":1763033709,"text":"/start","entities":[{"offset":0,"length":6,"type":"bot_command"}]}}

2025-11-14 08:45:03
{"update_id":856807252,
"message":{"message_id":102,"from":{"id":1526104051,"is_bot":false,"first_name":"Jahail","last_name":"Bambos","username":"JahailBambos","language_code":"ru"},"chat":{"id":1526104051,"first_name":"Jahail","last_name":"Bambos","username":"JahailBambos","type":"private"},"date":1763033709,"text":"/start","entities":[{"offset":0,"length":6,"type":"bot_command"}]}}

2025-11-14 08:46:53
{"update_id":856807252,
"message":{"message_id":102,"from":{"id":1526104051,"is_bot":false,"first_name":"Jahail","last_name":"Bambos","username":"JahailBambos","language_code":"ru"},"chat":{"id":1526104051,"first_name":"Jahail","last_name":"Bambos","username":"JahailBambos","type":"private"},"date":1763033709,"text":"/start","entities":[{"offset":0,"length":6,"type":"bot_command"}]}}

2025-11-14 08:48:31
{"update_id":856807252,
"message":{"message_id":102,"from":{"id":1526104051,"is_bot":false,"first_name":"Jahail","last_name":"Bambos","username":"JahailBambos","language_code":"ru"},"chat":{"id":1526104051,"first_name":"Jahail","last_name":"Bambos","username":"JahailBambos","type":"private"},"date":1763033709,"text":"/start","entities":[{"offset":0,"length":6,"type":"bot_command"}]}}

2025-11-14 08:49:32
{"update_id":856807252,
"message":{"message_id":102,"from":{"id":1526104051,"is_bot":false,"first_name":"Jahail","last_name":"Bambos","username":"JahailBambos","language_code":"ru"},"chat":{"id":1526104051,"first_name":"Jahail","last_name":"Bambos","username":"JahailBambos","type":"private"},"date":1763033709,"text":"/start","entities":[{"offset":0,"length":6,"type":"bot_command"}]}}

2025-11-14 08:50:38
{"update_id":856807252,
"message":{"message_id":102,"from":{"id":1526104051,"is_bot":false,"first_name":"Jahail","last_name":"Bambos","username":"JahailBambos","language_code":"ru"},"chat":{"id":1526104051,"first_name":"Jahail","last_name":"Bambos","username":"JahailBambos","type":"private"},"date":1763033709,"text":"/start","entities":[{"offset":0,"length":6,"type":"bot_command"}]}}

2025-11-14 08:51:46
{"update_id":856807252,
"message":{"message_id":102,"from":{"id":1526104051,"is_bot":false,"first_name":"Jahail","last_name":"Bambos","username":"JahailBambos","language_code":"ru"},"chat":{"id":1526104051,"first_name":"Jahail","last_name":"Bambos","username":"JahailBambos","type":"private"},"date":1763033709,"text":"/start","entities":[{"offset":0,"length":6,"type":"bot_command"}]}}

2025-11-14 08:53:15
{"update_id":856807252,
"message":{"message_id":102,"from":{"id":1526104051,"is_bot":false,"first_name":"Jahail","last_name":"Bambos","username":"JahailBambos","language_code":"ru"},"chat":{"id":1526104051,"first_name":"Jahail","last_name":"Bambos","username":"JahailBambos","type":"private"},"date":1763033709,"text":"/start","entities":[{"offset":0,"length":6,"type":"bot_command"}]}}

2025-11-14 08:54:20
{"update_id":856807252,
"message":{"message_id":102,"from":{"id":1526104051,"is_bot":false,"first_name":"Jahail","last_name":"Bambos","username":"JahailBambos","language_code":"ru"},"chat":{"id":1526104051,"first_name":"Jahail","last_name":"Bambos","username":"JahailBambos","type":"private"},"date":1763033709,"text":"/start","entities":[{"offset":0,"length":6,"type":"bot_command"}]}}

2025-11-14 08:55:22
{"update_id":856807252,
"message":{"message_id":102,"from":{"id":1526104051,"is_bot":false,"first_name":"Jahail","last_name":"Bambos","username":"JahailBambos","language_code":"ru"},"chat":{"id":1526104051,"first_name":"Jahail","last_name":"Bambos","username":"JahailBambos","type":"private"},"date":1763033709,"text":"/start","entities":[{"offset":0,"length":6,"type":"bot_command"}]}}

2025-11-14 08:56:38
{"update_id":856807252,
"message":{"message_id":102,"from":{"id":1526104051,"is_bot":false,"first_name":"Jahail","last_name":"Bambos","username":"JahailBambos","language_code":"ru"},"chat":{"id":1526104051,"first_name":"Jahail","last_name":"Bambos","username":"JahailBambos","type":"private"},"date":1763033709,"text":"/start","entities":[{"offset":0,"length":6,"type":"bot_command"}]}}

2025-11-14 08:58:19
{"update_id":856807252,
"message":{"message_id":102,"from":{"id":1526104051,"is_bot":false,"first_name":"Jahail","last_name":"Bambos","username":"JahailBambos","language_code":"ru"},"chat":{"id":1526104051,"first_name":"Jahail","last_name":"Bambos","username":"JahailBambos","type":"private"},"date":1763033709,"text":"/start","entities":[{"offset":0,"length":6,"type":"bot_command"}]}}

2025-11-14 08:59:22
{"update_id":856807252,
"message":{"message_id":102,"from":{"id":1526104051,"is_bot":false,"first_name":"Jahail","last_name":"Bambos","username":"JahailBambos","language_code":"ru"},"chat":{"id":1526104051,"first_name":"Jahail","last_name":"Bambos","username":"JahailBambos","type":"private"},"date":1763033709,"text":"/start","entities":[{"offset":0,"length":6,"type":"bot_command"}]}}

2025-11-14 09:00:34
{"update_id":856807252,
"message":{"message_id":102,"from":{"id":1526104051,"is_bot":false,"first_name":"Jahail","last_name":"Bambos","username":"JahailBambos","language_code":"ru"},"chat":{"id":1526104051,"first_name":"Jahail","last_name":"Bambos","username":"JahailBambos","type":"private"},"date":1763033709,"text":"/start","entities":[{"offset":0,"length":6,"type":"bot_command"}]}}

2025-11-14 09:02:25
{"update_id":856807252,
"message":{"message_id":102,"from":{"id":1526104051,"is_bot":false,"first_name":"Jahail","last_name":"Bambos","username":"JahailBambos","language_code":"ru"},"chat":{"id":1526104051,"first_name":"Jahail","last_name":"Bambos","username":"JahailBambos","type":"private"},"date":1763033709,"text":"/start","entities":[{"offset":0,"length":6,"type":"bot_command"}]}}

2025-11-14 09:03:49
{"update_id":856807252,
"message":{"message_id":102,"from":{"id":1526104051,"is_bot":false,"first_name":"Jahail","last_name":"Bambos","username":"JahailBambos","language_code":"ru"},"chat":{"id":1526104051,"first_name":"Jahail","last_name":"Bambos","username":"JahailBambos","type":"private"},"date":1763033709,"text":"/start","entities":[{"offset":0,"length":6,"type":"bot_command"}]}}

2025-11-14 09:05:02
{"update_id":856807252,
"message":{"message_id":102,"from":{"id":1526104051,"is_bot":false,"first_name":"Jahail","last_name":"Bambos","username":"JahailBambos","language_code":"ru"},"chat":{"id":1526104051,"first_name":"Jahail","last_name":"Bambos","username":"JahailBambos","type":"private"},"date":1763033709,"text":"/start","entities":[{"offset":0,"length":6,"type":"bot_command"}]}}

2025-11-14 09:06:15
{"update_id":856807252,
"message":{"message_id":102,"from":{"id":1526104051,"is_bot":false,"first_name":"Jahail","last_name":"Bambos","username":"JahailBambos","language_code":"ru"},"chat":{"id":1526104051,"first_name":"Jahail","last_name":"Bambos","username":"JahailBambos","type":"private"},"date":1763033709,"text":"/start","entities":[{"offset":0,"length":6,"type":"bot_command"}]}}

2025-11-14 09:07:40
{"update_id":856807252,
"message":{"message_id":102,"from":{"id":1526104051,"is_bot":false,"first_name":"Jahail","last_name":"Bambos","username":"JahailBambos","language_code":"ru"},"chat":{"id":1526104051,"first_name":"Jahail","last_name":"Bambos","username":"JahailBambos","type":"private"},"date":1763033709,"text":"/start","entities":[{"offset":0,"length":6,"type":"bot_command"}]}}

2025-11-14 09:09:01
{"update_id":856807252,
"message":{"message_id":102,"from":{"id":1526104051,"is_bot":false,"first_name":"Jahail","last_name":"Bambos","username":"JahailBambos","language_code":"ru"},"chat":{"id":1526104051,"first_name":"Jahail","last_name":"Bambos","username":"JahailBambos","type":"private"},"date":1763033709,"text":"/start","entities":[{"offset":0,"length":6,"type":"bot_command"}]}}

2025-11-14 09:10:04
{"update_id":856807252,
"message":{"message_id":102,"from":{"id":1526104051,"is_bot":false,"first_name":"Jahail","last_name":"Bambos","username":"JahailBambos","language_code":"ru"},"chat":{"id":1526104051,"first_name":"Jahail","last_name":"Bambos","username":"JahailBambos","type":"private"},"date":1763033709,"text":"/start","entities":[{"offset":0,"length":6,"type":"bot_command"}]}}

2025-11-14 09:11:54
{"update_id":856807252,
"message":{"message_id":102,"from":{"id":1526104051,"is_bot":false,"first_name":"Jahail","last_name":"Bambos","username":"JahailBambos","language_code":"ru"},"chat":{"id":1526104051,"first_name":"Jahail","last_name":"Bambos","username":"JahailBambos","type":"private"},"date":1763033709,"text":"/start","entities":[{"offset":0,"length":6,"type":"bot_command"}]}}

2025-11-14 09:12:58
{"update_id":856807252,
"message":{"message_id":102,"from":{"id":1526104051,"is_bot":false,"first_name":"Jahail","last_name":"Bambos","username":"JahailBambos","language_code":"ru"},"chat":{"id":1526104051,"first_name":"Jahail","last_name":"Bambos","username":"JahailBambos","type":"private"},"date":1763033709,"text":"/start","entities":[{"offset":0,"length":6,"type":"bot_command"}]}}

2025-11-14 09:14:54
{"update_id":856807252,
"message":{"message_id":102,"from":{"id":1526104051,"is_bot":false,"first_name":"Jahail","last_name":"Bambos","username":"JahailBambos","language_code":"ru"},"chat":{"id":1526104051,"first_name":"Jahail","last_name":"Bambos","username":"JahailBambos","type":"private"},"date":1763033709,"text":"/start","entities":[{"offset":0,"length":6,"type":"bot_command"}]}}

2025-11-14 09:15:58
{"update_id":856807252,
"message":{"message_id":102,"from":{"id":1526104051,"is_bot":false,"first_name":"Jahail","last_name":"Bambos","username":"JahailBambos","language_code":"ru"},"chat":{"id":1526104051,"first_name":"Jahail","last_name":"Bambos","username":"JahailBambos","type":"private"},"date":1763033709,"text":"/start","entities":[{"offset":0,"length":6,"type":"bot_command"}]}}

2025-11-14 09:17:40
{"update_id":856807252,
"message":{"message_id":102,"from":{"id":1526104051,"is_bot":false,"first_name":"Jahail","last_name":"Bambos","username":"JahailBambos","language_code":"ru"},"chat":{"id":1526104051,"first_name":"Jahail","last_name":"Bambos","username":"JahailBambos","type":"private"},"date":1763033709,"text":"/start","entities":[{"offset":0,"length":6,"type":"bot_command"}]}}

2025-11-14 09:18:54
{"update_id":856807252,
"message":{"message_id":102,"from":{"id":1526104051,"is_bot":false,"first_name":"Jahail","last_name":"Bambos","username":"JahailBambos","language_code":"ru"},"chat":{"id":1526104051,"first_name":"Jahail","last_name":"Bambos","username":"JahailBambos","type":"private"},"date":1763033709,"text":"/start","entities":[{"offset":0,"length":6,"type":"bot_command"}]}}

2025-11-14 09:20:13
{"update_id":856807252,
"message":{"message_id":102,"from":{"id":1526104051,"is_bot":false,"first_name":"Jahail","last_name":"Bambos","username":"JahailBambos","language_code":"ru"},"chat":{"id":1526104051,"first_name":"Jahail","last_name":"Bambos","username":"JahailBambos","type":"private"},"date":1763033709,"text":"/start","entities":[{"offset":0,"length":6,"type":"bot_command"}]}}

2025-11-14 09:22:01
{"update_id":856807252,
"message":{"message_id":102,"from":{"id":1526104051,"is_bot":false,"first_name":"Jahail","last_name":"Bambos","username":"JahailBambos","language_code":"ru"},"chat":{"id":1526104051,"first_name":"Jahail","last_name":"Bambos","username":"JahailBambos","type":"private"},"date":1763033709,"text":"/start","entities":[{"offset":0,"length":6,"type":"bot_command"}]}}

2025-11-14 09:23:56
{"update_id":856807252,
"message":{"message_id":102,"from":{"id":1526104051,"is_bot":false,"first_name":"Jahail","last_name":"Bambos","username":"JahailBambos","language_code":"ru"},"chat":{"id":1526104051,"first_name":"Jahail","last_name":"Bambos","username":"JahailBambos","type":"private"},"date":1763033709,"text":"/start","entities":[{"offset":0,"length":6,"type":"bot_command"}]}}

2025-11-14 09:25:17
{"update_id":856807252,
"message":{"message_id":102,"from":{"id":1526104051,"is_bot":false,"first_name":"Jahail","last_name":"Bambos","username":"JahailBambos","language_code":"ru"},"chat":{"id":1526104051,"first_name":"Jahail","last_name":"Bambos","username":"JahailBambos","type":"private"},"date":1763033709,"text":"/start","entities":[{"offset":0,"length":6,"type":"bot_command"}]}}

2025-11-14 09:26:17
{"update_id":856807252,
"message":{"message_id":102,"from":{"id":1526104051,"is_bot":false,"first_name":"Jahail","last_name":"Bambos","username":"JahailBambos","language_code":"ru"},"chat":{"id":1526104051,"first_name":"Jahail","last_name":"Bambos","username":"JahailBambos","type":"private"},"date":1763033709,"text":"/start","entities":[{"offset":0,"length":6,"type":"bot_command"}]}}

2025-11-14 09:27:30
{"update_id":856807252,
"message":{"message_id":102,"from":{"id":1526104051,"is_bot":false,"first_name":"Jahail","last_name":"Bambos","username":"JahailBambos","language_code":"ru"},"chat":{"id":1526104051,"first_name":"Jahail","last_name":"Bambos","username":"JahailBambos","type":"private"},"date":1763033709,"text":"/start","entities":[{"offset":0,"length":6,"type":"bot_command"}]}}

2025-11-14 09:28:39
{"update_id":856807252,
"message":{"message_id":102,"from":{"id":1526104051,"is_bot":false,"first_name":"Jahail","last_name":"Bambos","username":"JahailBambos","language_code":"ru"},"chat":{"id":1526104051,"first_name":"Jahail","last_name":"Bambos","username":"JahailBambos","type":"private"},"date":1763033709,"text":"/start","entities":[{"offset":0,"length":6,"type":"bot_command"}]}}

2025-11-14 09:30:22
{"update_id":856807252,
"message":{"message_id":102,"from":{"id":1526104051,"is_bot":false,"first_name":"Jahail","last_name":"Bambos","username":"JahailBambos","language_code":"ru"},"chat":{"id":1526104051,"first_name":"Jahail","last_name":"Bambos","username":"JahailBambos","type":"private"},"date":1763033709,"text":"/start","entities":[{"offset":0,"length":6,"type":"bot_command"}]}}

2025-11-14 09:31:27
{"update_id":856807252,
"message":{"message_id":102,"from":{"id":1526104051,"is_bot":false,"first_name":"Jahail","last_name":"Bambos","username":"JahailBambos","language_code":"ru"},"chat":{"id":1526104051,"first_name":"Jahail","last_name":"Bambos","username":"JahailBambos","type":"private"},"date":1763033709,"text":"/start","entities":[{"offset":0,"length":6,"type":"bot_command"}]}}

2025-11-14 09:33:10
{"update_id":856807252,
"message":{"message_id":102,"from":{"id":1526104051,"is_bot":false,"first_name":"Jahail","last_name":"Bambos","username":"JahailBambos","language_code":"ru"},"chat":{"id":1526104051,"first_name":"Jahail","last_name":"Bambos","username":"JahailBambos","type":"private"},"date":1763033709,"text":"/start","entities":[{"offset":0,"length":6,"type":"bot_command"}]}}

2025-11-14 09:34:52
{"update_id":856807252,
"message":{"message_id":102,"from":{"id":1526104051,"is_bot":false,"first_name":"Jahail","last_name":"Bambos","username":"JahailBambos","language_code":"ru"},"chat":{"id":1526104051,"first_name":"Jahail","last_name":"Bambos","username":"JahailBambos","type":"private"},"date":1763033709,"text":"/start","entities":[{"offset":0,"length":6,"type":"bot_command"}]}}

2025-11-14 09:36:11
{"update_id":856807252,
"message":{"message_id":102,"from":{"id":1526104051,"is_bot":false,"first_name":"Jahail","last_name":"Bambos","username":"JahailBambos","language_code":"ru"},"chat":{"id":1526104051,"first_name":"Jahail","last_name":"Bambos","username":"JahailBambos","type":"private"},"date":1763033709,"text":"/start","entities":[{"offset":0,"length":6,"type":"bot_command"}]}}

2025-11-14 09:37:43
{"update_id":856807252,
"message":{"message_id":102,"from":{"id":1526104051,"is_bot":false,"first_name":"Jahail","last_name":"Bambos","username":"JahailBambos","language_code":"ru"},"chat":{"id":1526104051,"first_name":"Jahail","last_name":"Bambos","username":"JahailBambos","type":"private"},"date":1763033709,"text":"/start","entities":[{"offset":0,"length":6,"type":"bot_command"}]}}

2025-11-14 09:39:32
{"update_id":856807252,
"message":{"message_id":102,"from":{"id":1526104051,"is_bot":false,"first_name":"Jahail","last_name":"Bambos","username":"JahailBambos","language_code":"ru"},"chat":{"id":1526104051,"first_name":"Jahail","last_name":"Bambos","username":"JahailBambos","type":"private"},"date":1763033709,"text":"/start","entities":[{"offset":0,"length":6,"type":"bot_command"}]}}

2025-11-14 09:41:08
{"update_id":856807252,
"message":{"message_id":102,"from":{"id":1526104051,"is_bot":false,"first_name":"Jahail","last_name":"Bambos","username":"JahailBambos","language_code":"ru"},"chat":{"id":1526104051,"first_name":"Jahail","last_name":"Bambos","username":"JahailBambos","type":"private"},"date":1763033709,"text":"/start","entities":[{"offset":0,"length":6,"type":"bot_command"}]}}

2025-11-14 09:42:45
{"update_id":856807252,
"message":{"message_id":102,"from":{"id":1526104051,"is_bot":false,"first_name":"Jahail","last_name":"Bambos","username":"JahailBambos","language_code":"ru"},"chat":{"id":1526104051,"first_name":"Jahail","last_name":"Bambos","username":"JahailBambos","type":"private"},"date":1763033709,"text":"/start","entities":[{"offset":0,"length":6,"type":"bot_command"}]}}

2025-11-14 09:43:50
{"update_id":856807252,
"message":{"message_id":102,"from":{"id":1526104051,"is_bot":false,"first_name":"Jahail","last_name":"Bambos","username":"JahailBambos","language_code":"ru"},"chat":{"id":1526104051,"first_name":"Jahail","last_name":"Bambos","username":"JahailBambos","type":"private"},"date":1763033709,"text":"/start","entities":[{"offset":0,"length":6,"type":"bot_command"}]}}

2025-11-14 09:45:13
{"update_id":856807252,
"message":{"message_id":102,"from":{"id":1526104051,"is_bot":false,"first_name":"Jahail","last_name":"Bambos","username":"JahailBambos","language_code":"ru"},"chat":{"id":1526104051,"first_name":"Jahail","last_name":"Bambos","username":"JahailBambos","type":"private"},"date":1763033709,"text":"/start","entities":[{"offset":0,"length":6,"type":"bot_command"}]}}

2025-11-14 09:46:27
{"update_id":856807252,
"message":{"message_id":102,"from":{"id":1526104051,"is_bot":false,"first_name":"Jahail","last_name":"Bambos","username":"JahailBambos","language_code":"ru"},"chat":{"id":1526104051,"first_name":"Jahail","last_name":"Bambos","username":"JahailBambos","type":"private"},"date":1763033709,"text":"/start","entities":[{"offset":0,"length":6,"type":"bot_command"}]}}

2025-11-14 09:47:27
{"update_id":856807252,
"message":{"message_id":102,"from":{"id":1526104051,"is_bot":false,"first_name":"Jahail","last_name":"Bambos","username":"JahailBambos","language_code":"ru"},"chat":{"id":1526104051,"first_name":"Jahail","last_name":"Bambos","username":"JahailBambos","type":"private"},"date":1763033709,"text":"/start","entities":[{"offset":0,"length":6,"type":"bot_command"}]}}

2025-11-14 09:49:23
{"update_id":856807252,
"message":{"message_id":102,"from":{"id":1526104051,"is_bot":false,"first_name":"Jahail","last_name":"Bambos","username":"JahailBambos","language_code":"ru"},"chat":{"id":1526104051,"first_name":"Jahail","last_name":"Bambos","username":"JahailBambos","type":"private"},"date":1763033709,"text":"/start","entities":[{"offset":0,"length":6,"type":"bot_command"}]}}

2025-11-14 09:50:55
{"update_id":856807252,
"message":{"message_id":102,"from":{"id":1526104051,"is_bot":false,"first_name":"Jahail","last_name":"Bambos","username":"JahailBambos","language_code":"ru"},"chat":{"id":1526104051,"first_name":"Jahail","last_name":"Bambos","username":"JahailBambos","type":"private"},"date":1763033709,"text":"/start","entities":[{"offset":0,"length":6,"type":"bot_command"}]}}

2025-11-14 09:52:42
{"update_id":856807252,
"message":{"message_id":102,"from":{"id":1526104051,"is_bot":false,"first_name":"Jahail","last_name":"Bambos","username":"JahailBambos","language_code":"ru"},"chat":{"id":1526104051,"first_name":"Jahail","last_name":"Bambos","username":"JahailBambos","type":"private"},"date":1763033709,"text":"/start","entities":[{"offset":0,"length":6,"type":"bot_command"}]}}

2025-11-14 09:53:47
{"update_id":856807252,
"message":{"message_id":102,"from":{"id":1526104051,"is_bot":false,"first_name":"Jahail","last_name":"Bambos","username":"JahailBambos","language_code":"ru"},"chat":{"id":1526104051,"first_name":"Jahail","last_name":"Bambos","username":"JahailBambos","type":"private"},"date":1763033709,"text":"/start","entities":[{"offset":0,"length":6,"type":"bot_command"}]}}

2025-11-14 09:55:24
{"update_id":856807252,
"message":{"message_id":102,"from":{"id":1526104051,"is_bot":false,"first_name":"Jahail","last_name":"Bambos","username":"JahailBambos","language_code":"ru"},"chat":{"id":1526104051,"first_name":"Jahail","last_name":"Bambos","username":"JahailBambos","type":"private"},"date":1763033709,"text":"/start","entities":[{"offset":0,"length":6,"type":"bot_command"}]}}

2025-11-14 09:56:40
{"update_id":856807252,
"message":{"message_id":102,"from":{"id":1526104051,"is_bot":false,"first_name":"Jahail","last_name":"Bambos","username":"JahailBambos","language_code":"ru"},"chat":{"id":1526104051,"first_name":"Jahail","last_name":"Bambos","username":"JahailBambos","type":"private"},"date":1763033709,"text":"/start","entities":[{"offset":0,"length":6,"type":"bot_command"}]}}

2025-11-14 09:58:40
{"update_id":856807252,
"message":{"message_id":102,"from":{"id":1526104051,"is_bot":false,"first_name":"Jahail","last_name":"Bambos","username":"JahailBambos","language_code":"ru"},"chat":{"id":1526104051,"first_name":"Jahail","last_name":"Bambos","username":"JahailBambos","type":"private"},"date":1763033709,"text":"/start","entities":[{"offset":0,"length":6,"type":"bot_command"}]}}

2025-11-14 09:59:59
{"update_id":856807252,
"message":{"message_id":102,"from":{"id":1526104051,"is_bot":false,"first_name":"Jahail","last_name":"Bambos","username":"JahailBambos","language_code":"ru"},"chat":{"id":1526104051,"first_name":"Jahail","last_name":"Bambos","username":"JahailBambos","type":"private"},"date":1763033709,"text":"/start","entities":[{"offset":0,"length":6,"type":"bot_command"}]}}

2025-11-14 10:01:18
{"update_id":856807252,
"message":{"message_id":102,"from":{"id":1526104051,"is_bot":false,"first_name":"Jahail","last_name":"Bambos","username":"JahailBambos","language_code":"ru"},"chat":{"id":1526104051,"first_name":"Jahail","last_name":"Bambos","username":"JahailBambos","type":"private"},"date":1763033709,"text":"/start","entities":[{"offset":0,"length":6,"type":"bot_command"}]}}

2025-11-14 10:03:03
{"update_id":856807252,
"message":{"message_id":102,"from":{"id":1526104051,"is_bot":false,"first_name":"Jahail","last_name":"Bambos","username":"JahailBambos","language_code":"ru"},"chat":{"id":1526104051,"first_name":"Jahail","last_name":"Bambos","username":"JahailBambos","type":"private"},"date":1763033709,"text":"/start","entities":[{"offset":0,"length":6,"type":"bot_command"}]}}

2025-11-14 10:04:40
{"update_id":856807252,
"message":{"message_id":102,"from":{"id":1526104051,"is_bot":false,"first_name":"Jahail","last_name":"Bambos","username":"JahailBambos","language_code":"ru"},"chat":{"id":1526104051,"first_name":"Jahail","last_name":"Bambos","username":"JahailBambos","type":"private"},"date":1763033709,"text":"/start","entities":[{"offset":0,"length":6,"type":"bot_command"}]}}

2025-11-14 10:06:06
{"update_id":856807252,
"message":{"message_id":102,"from":{"id":1526104051,"is_bot":false,"first_name":"Jahail","last_name":"Bambos","username":"JahailBambos","language_code":"ru"},"chat":{"id":1526104051,"first_name":"Jahail","last_name":"Bambos","username":"JahailBambos","type":"private"},"date":1763033709,"text":"/start","entities":[{"offset":0,"length":6,"type":"bot_command"}]}}

2025-11-14 10:07:45
{"update_id":856807252,
"message":{"message_id":102,"from":{"id":1526104051,"is_bot":false,"first_name":"Jahail","last_name":"Bambos","username":"JahailBambos","language_code":"ru"},"chat":{"id":1526104051,"first_name":"Jahail","last_name":"Bambos","username":"JahailBambos","type":"private"},"date":1763033709,"text":"/start","entities":[{"offset":0,"length":6,"type":"bot_command"}]}}

2025-11-14 10:09:37
{"update_id":856807252,
"message":{"message_id":102,"from":{"id":1526104051,"is_bot":false,"first_name":"Jahail","last_name":"Bambos","username":"JahailBambos","language_code":"ru"},"chat":{"id":1526104051,"first_name":"Jahail","last_name":"Bambos","username":"JahailBambos","type":"private"},"date":1763033709,"text":"/start","entities":[{"offset":0,"length":6,"type":"bot_command"}]}}

2025-11-14 10:11:11
{"update_id":856807252,
"message":{"message_id":102,"from":{"id":1526104051,"is_bot":false,"first_name":"Jahail","last_name":"Bambos","username":"JahailBambos","language_code":"ru"},"chat":{"id":1526104051,"first_name":"Jahail","last_name":"Bambos","username":"JahailBambos","type":"private"},"date":1763033709,"text":"/start","entities":[{"offset":0,"length":6,"type":"bot_command"}]}}

2025-11-14 10:12:53
{"update_id":856807252,
"message":{"message_id":102,"from":{"id":1526104051,"is_bot":false,"first_name":"Jahail","last_name":"Bambos","username":"JahailBambos","language_code":"ru"},"chat":{"id":1526104051,"first_name":"Jahail","last_name":"Bambos","username":"JahailBambos","type":"private"},"date":1763033709,"text":"/start","entities":[{"offset":0,"length":6,"type":"bot_command"}]}}

2025-11-14 10:14:46
{"update_id":856807252,
"message":{"message_id":102,"from":{"id":1526104051,"is_bot":false,"first_name":"Jahail","last_name":"Bambos","username":"JahailBambos","language_code":"ru"},"chat":{"id":1526104051,"first_name":"Jahail","last_name":"Bambos","username":"JahailBambos","type":"private"},"date":1763033709,"text":"/start","entities":[{"offset":0,"length":6,"type":"bot_command"}]}}

2025-11-14 10:16:40
{"update_id":856807252,
"message":{"message_id":102,"from":{"id":1526104051,"is_bot":false,"first_name":"Jahail","last_name":"Bambos","username":"JahailBambos","language_code":"ru"},"chat":{"id":1526104051,"first_name":"Jahail","last_name":"Bambos","username":"JahailBambos","type":"private"},"date":1763033709,"text":"/start","entities":[{"offset":0,"length":6,"type":"bot_command"}]}}

2025-11-14 10:18:00
{"update_id":856807252,
"message":{"message_id":102,"from":{"id":1526104051,"is_bot":false,"first_name":"Jahail","last_name":"Bambos","username":"JahailBambos","language_code":"ru"},"chat":{"id":1526104051,"first_name":"Jahail","last_name":"Bambos","username":"JahailBambos","type":"private"},"date":1763033709,"text":"/start","entities":[{"offset":0,"length":6,"type":"bot_command"}]}}

2025-11-14 10:19:46
{"update_id":856807252,
"message":{"message_id":102,"from":{"id":1526104051,"is_bot":false,"first_name":"Jahail","last_name":"Bambos","username":"JahailBambos","language_code":"ru"},"chat":{"id":1526104051,"first_name":"Jahail","last_name":"Bambos","username":"JahailBambos","type":"private"},"date":1763033709,"text":"/start","entities":[{"offset":0,"length":6,"type":"bot_command"}]}}

2025-11-14 10:21:41
{"update_id":856807252,
"message":{"message_id":102,"from":{"id":1526104051,"is_bot":false,"first_name":"Jahail","last_name":"Bambos","username":"JahailBambos","language_code":"ru"},"chat":{"id":1526104051,"first_name":"Jahail","last_name":"Bambos","username":"JahailBambos","type":"private"},"date":1763033709,"text":"/start","entities":[{"offset":0,"length":6,"type":"bot_command"}]}}

2025-11-14 10:22:51
{"update_id":856807252,
"message":{"message_id":102,"from":{"id":1526104051,"is_bot":false,"first_name":"Jahail","last_name":"Bambos","username":"JahailBambos","language_code":"ru"},"chat":{"id":1526104051,"first_name":"Jahail","last_name":"Bambos","username":"JahailBambos","type":"private"},"date":1763033709,"text":"/start","entities":[{"offset":0,"length":6,"type":"bot_command"}]}}

2025-11-14 10:23:58
{"update_id":856807252,
"message":{"message_id":102,"from":{"id":1526104051,"is_bot":false,"first_name":"Jahail","last_name":"Bambos","username":"JahailBambos","language_code":"ru"},"chat":{"id":1526104051,"first_name":"Jahail","last_name":"Bambos","username":"JahailBambos","type":"private"},"date":1763033709,"text":"/start","entities":[{"offset":0,"length":6,"type":"bot_command"}]}}

2025-11-14 10:25:55
{"update_id":856807252,
"message":{"message_id":102,"from":{"id":1526104051,"is_bot":false,"first_name":"Jahail","last_name":"Bambos","username":"JahailBambos","language_code":"ru"},"chat":{"id":1526104051,"first_name":"Jahail","last_name":"Bambos","username":"JahailBambos","type":"private"},"date":1763033709,"text":"/start","entities":[{"offset":0,"length":6,"type":"bot_command"}]}}

2025-11-14 16:46:44
{"update_id":856807256,
"callback_query":{"id":"243924601688031206","from":{"id":56793122,"is_bot":false,"first_name":"icq","username":"JaffarTR","language_code":"ru","is_premium":true},"message":{"message_id":110,"from":{"id":8451626412,"is_bot":true,"first_name":"\ud83c\udfb1 Biliard","username":"biliardsk_bot"},"chat":{"id":56793122,"first_name":"icq","username":"JaffarTR","type":"private"},"date":1763126467,"text":"\ud83d\udd14 \u041d\u043e\u0432\u043e\u0435 \u0431\u0440\u043e\u043d\u0438\u0440\u043e\u0432\u0430\u043d\u0438\u0435!\n\ud83c\udd94 ID: 51\n\n\ud83d\udcc5 \u0414\u0430\u0442\u0430: 20.11.2025\n\ud83d\udd50 \u0412\u0440\u0435\u043c\u044f: 17:00 - 18:00\n\n\ud83c\udfaf \u0423\u0441\u043b\u0443\u0433\u0430: \u041f\u0443\u043b\n\ud83c\udfb1 \u0421\u0442\u043e\u043b \u2116: 1\n\n\ud83c\uddf7\ud83c\uddfa \u042f\u0437\u044b\u043a: ru\n\ud83d\udc64 \u0418\u043c\u044f: \u041a\u0438\u0440\u0438\u043b\u043b \u041f\u0440\u043e\u043c\u043e 2\n\ud83d\udcde \u0422\u0435\u043b\u0435\u0444\u043e\u043d: 0951223953\n\ud83d\udce7 Email: roccreate@gmail.com\n\n\ud83d\udcdd \u041f\u0440\u0438\u043c\u0435\u0447\u0430\u043d\u0438\u0435: \u0422\u0435\u0441\u0442 \u043e\u0431\u0449\u0435\u0433\u043e \u043f\u0440\u043e\u043c\u043e 2\n\n\ud83d\udcb0 \u0418\u0442\u043e\u0433\u043e: 8.80 \u20ac\n\n\u2501\u2501\u2501\u2501\u2501\u2501\u2501\u2501\u2501\u2501\u2501\u2501\u2501\u2501\u2501\u2501\u2501\u2501\u2501\u2501\u2501\u2501\u2501\u2501\u2501\u2501\u2501\u2501\u2501\u2501\u2501\u2501\u2501\u2501\u2501\u2501\u2501\u2501\u2501\u2501","entities":[{"offset":3,"length":19,"type":"bold"},{"offset":178,"length":19,"type":"email"}],"reply_markup":{"inline_keyboard":[[{"text":"\u2705 Potvrdi\u0165","callback_data":"confirm_51"},{"text":"\u274c Zru\u0161i\u0165","callback_data":"cancel_51"}]]}},"chat_instance":"-6663255579467467119","data":"confirm_51"}}

2025-11-18 10:54:51
{"update_id":856807257,
"callback_query":{"id":"243924602647945899","from":{"id":56793122,"is_bot":false,"first_name":"icq","username":"JaffarTR","language_code":"ru","is_premium":true},"message":{"message_id":114,"from":{"id":8451626412,"is_bot":true,"first_name":"\ud83c\udfb1 Biliard","username":"biliardsk_bot"},"chat":{"id":56793122,"first_name":"icq","username":"JaffarTR","type":"private"},"date":1763459666,"text":"\ud83d\udd14 \u041d\u043e\u0432\u043e\u0435 \u0431\u0440\u043e\u043d\u0438\u0440\u043e\u0432\u0430\u043d\u0438\u0435!\n\ud83c\udd94 ID: 54\n\n\ud83d\udcc5 \u0414\u0430\u0442\u0430: 20.11.2025\n\ud83d\udd50 \u0412\u0440\u0435\u043c\u044f: 17:00 - 20:00\n\n\ud83c\udfaf \u0423\u0441\u043b\u0443\u0433\u0430: \u041f\u0438\u0440\u0430\u043c\u0438\u0434\u0430\n\ud83c\udfb1 \u0421\u0442\u043e\u043b \u2116: 2\n\n\ud83c\uddf7\ud83c\uddfa \u042f\u0437\u044b\u043a: ru\n\ud83d\udc64 \u0418\u043c\u044f: \u0418\u043c\u044f \u041c\u043e\u0435\n\ud83d\udcde \u0422\u0435\u043b\u0435\u0444\u043e\u043d: 0951223953\n\ud83d\udce7 Email: roccreate@gmail.com\n\n\ud83d\udcdd \u041f\u0440\u0438\u043c\u0435\u0447\u0430\u043d\u0438\u0435: \u0422\u0435\u0441\u0442 \u0433\u043b\u0430\u0432\u043d\u043e\u0439 \u0444\u043e\u0440\u043c\u044b\n\n\ud83d\udcb0 \u0418\u0442\u043e\u0433\u043e: 35.20 \u20ac\n\n\u2501\u2501\u2501\u2501\u2501\u2501\u2501\u2501\u2501\u2501\u2501\u2501\u2501\u2501\u2501\u2501\u2501\u2501\u2501\u2501\u2501\u2501\u2501\u2501\u2501\u2501\u2501\u2501\u2501\u2501\u2501\u2501\u2501\u2501\u2501\u2501\u2501\u2501\u2501\u2501","entities":[{"offset":3,"length":19,"type":"bold"},{"offset":176,"length":19,"type":"email"}],"reply_markup":{"inline_keyboard":[[{"text":"\u2705 Potvrdi\u0165","callback_data":"confirm_54"},{"text":"\u274c Zru\u0161i\u0165","callback_data":"cancel_54"}]]}},"chat_instance":"-6663255579467467119","data":"confirm_54"}}

2025-11-18 10:55:15
{"update_id":856807258,
"callback_query":{"id":"243924604038792345","from":{"id":56793122,"is_bot":false,"first_name":"icq","username":"JaffarTR","language_code":"ru","is_premium":true},"message":{"message_id":114,"from":{"id":8451626412,"is_bot":true,"first_name":"\ud83c\udfb1 Biliard","username":"biliardsk_bot"},"chat":{"id":56793122,"first_name":"icq","username":"JaffarTR","type":"private"},"date":1763459666,"edit_date":1763459691,"text":"\u2705 Potvrden\u00e9!\n\ud83c\udd94 ID: 54\n\n\ud83d\udcc5 \u0414\u0430\u0442\u0430: 20.11.2025\n\ud83d\udd50 \u0412\u0440\u0435\u043c\u044f: 17:00 - 20:00\n\n\ud83c\udfaf \u0423\u0441\u043b\u0443\u0433\u0430: \u041f\u0438\u0440\u0430\u043c\u0438\u0434\u0430\n\ud83c\udfb1 \u0421\u0442\u043e\u043b \u2116: 2\n\n\ud83c\uddf7\ud83c\uddfa \u042f\u0437\u044b\u043a: ru\n\ud83d\udc64 \u0418\u043c\u044f: \u0418\u043c\u044f \u041c\u043e\u0435\n\ud83d\udcde \u0422\u0435\u043b\u0435\u0444\u043e\u043d: 0951223953\n\ud83d\udce7 Email: roccreate@gmail.com\n\n\ud83d\udcdd \u041f\u0440\u0438\u043c\u0435\u0447\u0430\u043d\u0438\u0435: \u0422\u0435\u0441\u0442 \u0433\u043b\u0430\u0432\u043d\u043e\u0439 \u0444\u043e\u0440\u043c\u044b\n\n\ud83d\udcb0 \u0418\u0442\u043e\u0433\u043e: 35.20 \u20ac\n\n\u2501\u2501\u2501\u2501\u2501\u2501\u2501\u2501\u2501\u2501\u2501\u2501\u2501\u2501\u2501\u2501\u2501\u2501\u2501\u2501\u2501\u2501\u2501\u2501\u2501\u2501\u2501\u2501\u2501\u2501\u2501\u2501\u2501\u2501\u2501\u2501\u2501\u2501\u2501\u2501","entities":[{"offset":166,"length":19,"type":"email"}],"reply_markup":{"inline_keyboard":[[{"text":"\u274c Zru\u0161i\u0165","callback_data":"cancel_54"}]]}},"chat_instance":"-6663255579467467119","data":"cancel_54"}}

2025-11-18 17:52:54
{"update_id":856807259,
"message":{"message_id":118,"from":{"id":56793122,"is_bot":false,"first_name":"icq","username":"JaffarTR","language_code":"sk","is_premium":true},"chat":{"id":56793122,"first_name":"icq","username":"JaffarTR","type":"private"},"date":1763484773,"text":"?"}}

2025-11-18 17:52:56
{"update_id":856807260,
"message":{"message_id":120,"from":{"id":56793122,"is_bot":false,"first_name":"icq","username":"JaffarTR","language_code":"sk","is_premium":true},"chat":{"id":56793122,"first_name":"icq","username":"JaffarTR","type":"private"},"date":1763484776,"reply_to_message":{"message_id":119,"from":{"id":8451626412,"is_bot":true,"first_name":"\ud83c\udfb1 Biliard","username":"biliardsk_bot"},"chat":{"id":56793122,"first_name":"icq","username":"JaffarTR","type":"private"},"date":1763484774,"text":"Zadajte \u010d\u00edslo rezerv\u00e1cie:"},"text":"31"}}

Searching for booking ID: 31
Step 1: Getting DB connection
Step 2: Preparing query
Step 3: Executing query
Step 4: Fetching result
Step 5: Result = {"id":31,"service_id":1,"resource_id":3,"customer_name":"Germany 1","customer_phone":"098765432","customer_email":"info@top-sklad.sk","booking_date":"2025-11-13","start_time":"17:00:00","end_time":"20:00:00","duration_hours":3,"price":"96.80","status":"pending","review_request_sent":0,"review_clicked_at":null,"coupon_code":null,"coupon_redeemed":null,"cancellation_token":null,"notes":"Test germany","language":"de","created_at":"2025-11-11 02:22:49","updated_at":"2025-11-11 02:22:49"}
2025-11-19 03:49:43
{"update_id":856807261,
"callback_query":{"id":"243924604654013647","from":{"id":56793122,"is_bot":false,"first_name":"icq","username":"JaffarTR","language_code":"ru","is_premium":true},"message":{"message_id":123,"from":{"id":8451626412,"is_bot":true,"first_name":"\ud83c\udfb1 Biliard","username":"biliardsk_bot"},"chat":{"id":56793122,"first_name":"icq","username":"JaffarTR","type":"private"},"date":1763520571,"text":"\ud83d\udd14 New booking!\n\ud83c\udd94 ID: 57\n\n\ud83d\udcc5 Date: 20.11.2025\n\ud83d\udd50 Time: 16:00 - 17:00\n\n\ud83c\udfaf Service: Pyramid\n\ud83c\udfb1 Table \u2116: 1\n\n\ud83c\uddec\ud83c\udde7 Language: en\n\ud83d\udc64 Name: Trt\n\ud83d\udcde Phone: +421951223223\n\ud83d\udce7 Email: trt@tygd.dhd\n\n\ud83d\udcdd Note: Tets\n\n\ud83d\udcb0 Total: 11.00 \u20ac\n\n\u2501\u2501\u2501\u2501\u2501\u2501\u2501\u2501\u2501\u2501\u2501\u2501\u2501\u2501\u2501\u2501\u2501\u2501\u2501\u2501\u2501\u2501\u2501\u2501\u2501\u2501\u2501\u2501\u2501\u2501\u2501\u2501\u2501\u2501\u2501\u2501\u2501\u2501\u2501\u2501","entities":[{"offset":3,"length":12,"type":"bold"},{"offset":147,"length":13,"type":"phone_number"},{"offset":171,"length":12,"type":"email"}],"reply_markup":{"inline_keyboard":[[{"text":"\u2705 Potvrdi\u0165","callback_data":"confirm_57"},{"text":"\u274c Zru\u0161i\u0165","callback_data":"cancel_57"}]]}},"chat_instance":"-6663255579467467119","data":"confirm_57"}}

2025-11-19 04:05:35
{"update_id":856807262,
"callback_query":{"id":"243924602529807765","from":{"id":56793122,"is_bot":false,"first_name":"icq","username":"JaffarTR","language_code":"ru","is_premium":true},"message":{"message_id":123,"from":{"id":8451626412,"is_bot":true,"first_name":"\ud83c\udfb1 Biliard","username":"biliardsk_bot"},"chat":{"id":56793122,"first_name":"icq","username":"JaffarTR","type":"private"},"date":1763520571,"edit_date":1763520584,"text":"\u2705 Potvrden\u00e9!\n\ud83c\udd94 ID: 57\n\n\ud83d\udcc5 Date: 20.11.2025\n\ud83d\udd50 Time: 16:00 - 17:00\n\n\ud83c\udfaf Service: Pyramid\n\ud83c\udfb1 Table \u2116: 1\n\n\ud83c\uddec\ud83c\udde7 Language: en\n\ud83d\udc64 Name: Trt\n\ud83d\udcde Phone: +421951223223\n\ud83d\udce7 Email: trt@tygd.dhd\n\n\ud83d\udcdd Note: Tets\n\n\ud83d\udcb0 Total: 11.00 \u20ac\n\n\u2501\u2501\u2501\u2501\u2501\u2501\u2501\u2501\u2501\u2501\u2501\u2501\u2501\u2501\u2501\u2501\u2501\u2501\u2501\u2501\u2501\u2501\u2501\u2501\u2501\u2501\u2501\u2501\u2501\u2501\u2501\u2501\u2501\u2501\u2501\u2501\u2501\u2501\u2501\u2501","entities":[{"offset":144,"length":13,"type":"phone_number"},{"offset":168,"length":12,"type":"email"}],"reply_markup":{"inline_keyboard":[[{"text":"\u274c Zru\u0161i\u0165","callback_data":"cancel_57"}]]}},"chat_instance":"-6663255579467467119","data":"cancel_57"}}

2025-11-19 13:50:06
{"update_id":856807263,
"callback_query":{"id":"243924605418908632","from":{"id":56793122,"is_bot":false,"first_name":"icq","username":"JaffarTR","language_code":"ru","is_premium":true},"message":{"message_id":126,"from":{"id":8451626412,"is_bot":true,"first_name":"\ud83c\udfb1 Biliard","username":"biliardsk_bot"},"chat":{"id":56793122,"first_name":"icq","username":"JaffarTR","type":"private"},"date":1763556594,"text":"\ud83d\udd14 \u041d\u043e\u0432\u043e\u0435 \u0431\u0440\u043e\u043d\u0438\u0440\u043e\u0432\u0430\u043d\u0438\u0435!\n\ud83c\udd94 ID: 58\n\n\ud83d\udcc5 \u0414\u0430\u0442\u0430: 19.11.2025\n\ud83d\udd50 \u0412\u0440\u0435\u043c\u044f: 16:00 - 17:00\n\n\ud83c\udfaf \u0423\u0441\u043b\u0443\u0433\u0430: \u041f\u0438\u0440\u0430\u043c\u0438\u0434\u0430\n\ud83c\udfb1 \u0421\u0442\u043e\u043b \u2116: 1\n\n\ud83c\uddf7\ud83c\uddfa \u042f\u0437\u044b\u043a: ru\n\ud83d\udc64 \u0418\u043c\u044f: Test hlaseni\n\ud83d\udcde \u0422\u0435\u043b\u0435\u0444\u043e\u043d: +421222333222\n\ud83d\udce7 Email: roccreate@gmail.com\n\n\ud83d\udcdd \u041f\u0440\u0438\u043c\u0435\u0447\u0430\u043d\u0438\u0435: Test hl\u00e1sen\u00ed a promo\n\n\ud83d\udcb0 \u0418\u0442\u043e\u0433\u043e: 10.00 \u20ac\n\n\u2501\u2501\u2501\u2501\u2501\u2501\u2501\u2501\u2501\u2501\u2501\u2501\u2501\u2501\u2501\u2501\u2501\u2501\u2501\u2501\u2501\u2501\u2501\u2501\u2501\u2501\u2501\u2501\u2501\u2501\u2501\u2501\u2501\u2501\u2501\u2501\u2501\u2501\u2501\u2501","entities":[{"offset":3,"length":19,"type":"bold"},{"offset":160,"length":13,"type":"phone_number"},{"offset":184,"length":19,"type":"email"}],"reply_markup":{"inline_keyboard":[[{"text":"\u2705 Potvrdi\u0165","callback_data":"confirm_58"},{"text":"\u274c Zru\u0161i\u0165","callback_data":"cancel_58"}]]}},"chat_instance":"-6663255579467467119","data":"confirm_58"}}

2025-11-20 14:00:29
{"update_id":856807264,
"callback_query":{"id":"243924604074562511","from":{"id":56793122,"is_bot":false,"first_name":"icq","username":"JaffarTR","language_code":"ru","is_premium":true},"message":{"message_id":129,"from":{"id":8451626412,"is_bot":true,"first_name":"\ud83c\udfb1 Biliard","username":"biliardsk_bot"},"chat":{"id":56793122,"first_name":"icq","username":"JaffarTR","type":"private"},"date":1763643522,"text":"\ud83d\udd14 Nov\u00e1 rezerv\u00e1cia!\n\ud83c\udd94 ID: 60\n\n\ud83d\udcc5 D\u00e1tum: 22.11.2025\n\ud83d\udd50 \u010cas: 16:00 - 17:00\n\n\ud83c\udfaf Slu\u017eba: Pyram\u00edda\n\ud83c\udfb1 St\u00f4l \u2116: 1\n\n\ud83c\uddf8\ud83c\uddf0 Jazyk: sk\n\ud83d\udc64 Meno: Kirill Test\n\ud83d\udcde Telef\u00f3n: +42122222222\n\ud83d\udce7 Email: roccreate@gmail.com\n\n\ud83d\udcdd Pozn\u00e1mka: Tset Igor\n\n\ud83d\udcb0 Celkom: 14.00 \u20ac\n\n\u2501\u2501\u2501\u2501\u2501\u2501\u2501\u2501\u2501\u2501\u2501\u2501\u2501\u2501\u2501\u2501\u2501\u2501\u2501\u2501\u2501\u2501\u2501\u2501\u2501\u2501\u2501\u2501\u2501\u2501\u2501\u2501\u2501\u2501\u2501\u2501\u2501\u2501\u2501\u2501","entities":[{"offset":3,"length":16,"type":"bold"},{"offset":180,"length":19,"type":"email"}],"reply_markup":{"inline_keyboard":[[{"text":"\u2705 Potvrdi\u0165","callback_data":"confirm_60"},{"text":"\u274c Zru\u0161i\u0165","callback_data":"cancel_60"}]]}},"chat_instance":"-6663255579467467119","data":"confirm_60"}}

2025-11-20 15:17:41
{"update_id":856807265,
"callback_query":{"id":"243924605701436595","from":{"id":56793122,"is_bot":false,"first_name":"icq","username":"JaffarTR","language_code":"ru","is_premium":true},"message":{"message_id":132,"from":{"id":8451626412,"is_bot":true,"first_name":"\ud83c\udfb1 Biliard","username":"biliardsk_bot"},"chat":{"id":56793122,"first_name":"icq","username":"JaffarTR","type":"private"},"date":1763647822,"text":"\ud83d\udd14 \u041d\u043e\u0432\u043e\u0435 \u0431\u0440\u043e\u043d\u0438\u0440\u043e\u0432\u0430\u043d\u0438\u0435!\n\ud83c\udd94 ID: 61\n\n\ud83d\udcc5 \u0414\u0430\u0442\u0430: 21.11.2025\n\ud83d\udd50 \u0412\u0440\u0435\u043c\u044f: 17:00 - 18:00\n\n\ud83c\udfaf \u0423\u0441\u043b\u0443\u0433\u0430: \u041f\u0438\u0440\u0430\u043c\u0438\u0434\u0430\n\ud83c\udfb1 \u0421\u0442\u043e\u043b \u2116: 1\n\n\ud83c\uddf7\ud83c\uddfa \u042f\u0437\u044b\u043a: ru\n\ud83d\udc64 \u0418\u043c\u044f: Obmedzenia v doprave\n\ud83d\udcde \u0422\u0435\u043b\u0435\u0444\u043e\u043d: +421222333444\n\ud83d\udce7 Email: roccreate@gmail.com\n\n\ud83d\udcdd \u041f\u0440\u0438\u043c\u0435\u0447\u0430\u043d\u0438\u0435: \u0422\u0435\u0441\u0442\n\n\ud83d\udcb0 \u0418\u0442\u043e\u0433\u043e: 12.00 \u20ac\n\n\u2501\u2501\u2501\u2501\u2501\u2501\u2501\u2501\u2501\u2501\u2501\u2501\u2501\u2501\u2501\u2501\u2501\u2501\u2501\u2501\u2501\u2501\u2501\u2501\u2501\u2501\u2501\u2501\u2501\u2501\u2501\u2501\u2501\u2501\u2501\u2501\u2501\u2501\u2501\u2501","entities":[{"offset":3,"length":19,"type":"bold"},{"offset":168,"length":13,"type":"phone_number"},{"offset":192,"length":19,"type":"email"}],"reply_markup":{"inline_keyboard":[[{"text":"\u2705 Potvrdi\u0165","callback_data":"confirm_61"},{"text":"\u274c Zru\u0161i\u0165","callback_data":"cancel_61"}]]}},"chat_instance":"-6663255579467467119","data":"cancel_61"}}

2025-11-20 15:59:13
{"update_id":856807266,
"callback_query":{"id":"243924601795907086","from":{"id":56793122,"is_bot":false,"first_name":"icq","username":"JaffarTR","language_code":"ru","is_premium":true},"message":{"message_id":134,"from":{"id":8451626412,"is_bot":true,"first_name":"\ud83c\udfb1 Biliard","username":"biliardsk_bot"},"chat":{"id":56793122,"first_name":"icq","username":"JaffarTR","type":"private"},"date":1763650230,"text":"\ud83d\udd14 \u041d\u043e\u0432\u043e\u0435 \u0431\u0440\u043e\u043d\u0438\u0440\u043e\u0432\u0430\u043d\u0438\u0435!\n\ud83c\udd94 ID: 62\n\n\ud83d\udcc5 \u0414\u0430\u0442\u0430: 21.11.2025\n\ud83d\udd50 \u0412\u0440\u0435\u043c\u044f: 16:00 - 17:00\n\n\ud83c\udfaf \u0423\u0441\u043b\u0443\u0433\u0430: \u041f\u0438\u0440\u0430\u043c\u0438\u0434\u0430\n\ud83c\udfb1 \u0421\u0442\u043e\u043b \u2116: 1\n\n\ud83c\uddf7\ud83c\uddfa \u042f\u0437\u044b\u043a: ru\n\ud83d\udc64 \u0418\u043c\u044f: Test\n\ud83d\udcde \u0422\u0435\u043b\u0435\u0444\u043e\u043d: +421222333222\n\ud83d\udce7 Email: mosinkirill@zoznam.sk\n\n\ud83d\udcdd \u041f\u0440\u0438\u043c\u0435\u0447\u0430\u043d\u0438\u0435: Test\n\n\ud83d\udcb0 \u0418\u0442\u043e\u0433\u043e: 12.00 \u20ac\n\n\u2501\u2501\u2501\u2501\u2501\u2501\u2501\u2501\u2501\u2501\u2501\u2501\u2501\u2501\u2501\u2501\u2501\u2501\u2501\u2501\u2501\u2501\u2501\u2501\u2501\u2501\u2501\u2501\u2501\u2501\u2501\u2501\u2501\u2501\u2501\u2501\u2501\u2501\u2501\u2501","entities":[{"offset":3,"length":19,"type":"bold"},{"offset":152,"length":13,"type":"phone_number"},{"offset":176,"length":21,"type":"email"}],"reply_markup":{"inline_keyboard":[[{"text":"\u2705 Potvrdi\u0165","callback_data":"confirm_62"},{"text":"\u274c Zru\u0161i\u0165","callback_data":"cancel_62"}]]}},"chat_instance":"-6663255579467467119","data":"cancel_62"}}

2025-11-20 15:59:14
{"update_id":856807267,
"callback_query":{"id":"243924604467929545","from":{"id":56793122,"is_bot":false,"first_name":"icq","username":"JaffarTR","language_code":"ru","is_premium":true},"message":{"message_id":135,"from":{"id":8451626412,"is_bot":true,"first_name":"\ud83c\udfb1 Biliard","username":"biliardsk_bot"},"chat":{"id":56793122,"first_name":"icq","username":"JaffarTR","type":"private"},"date":1763650322,"text":"\ud83d\udd14 \u041d\u043e\u0432\u043e\u0435 \u0431\u0440\u043e\u043d\u0438\u0440\u043e\u0432\u0430\u043d\u0438\u0435!\n\ud83c\udd94 ID: 63\n\n\ud83d\udcc5 \u0414\u0430\u0442\u0430: 21.11.2025\n\ud83d\udd50 \u0412\u0440\u0435\u043c\u044f: 17:00 - 18:00\n\n\ud83c\udfaf \u0423\u0441\u043b\u0443\u0433\u0430: \u041f\u0438\u0440\u0430\u043c\u0438\u0434\u0430\n\ud83c\udfb1 \u0421\u0442\u043e\u043b \u2116: 1\n\n\ud83c\uddf7\ud83c\uddfa \u042f\u0437\u044b\u043a: ru\n\ud83d\udc64 \u0418\u043c\u044f: Test\n\ud83d\udcde \u0422\u0435\u043b\u0435\u0444\u043e\u043d: +421222333444\n\ud83d\udce7 Email: roccreate@gmail.com\n\n\ud83d\udcdd \u041f\u0440\u0438\u043c\u0435\u0447\u0430\u043d\u0438\u0435: Test\n\n\ud83d\udcb0 \u0418\u0442\u043e\u0433\u043e: 12.00 \u20ac\n\n\u2501\u2501\u2501\u2501\u2501\u2501\u2501\u2501\u2501\u2501\u2501\u2501\u2501\u2501\u2501\u2501\u2501\u2501\u2501\u2501\u2501\u2501\u2501\u2501\u2501\u2501\u2501\u2501\u2501\u2501\u2501\u2501\u2501\u2501\u2501\u2501\u2501\u2501\u2501\u2501","entities":[{"offset":3,"length":19,"type":"bold"},{"offset":152,"length":13,"type":"phone_number"},{"offset":176,"length":19,"type":"email"}],"reply_markup":{"inline_keyboard":[[{"text":"\u2705 Potvrdi\u0165","callback_data":"confirm_63"},{"text":"\u274c Zru\u0161i\u0165","callback_data":"cancel_63"}]]}},"chat_instance":"-6663255579467467119","data":"cancel_63"}}

2025-11-20 15:59:19
{"update_id":856807268,
"callback_query":{"id":"243924602589171601","from":{"id":56793122,"is_bot":false,"first_name":"icq","username":"JaffarTR","language_code":"ru","is_premium":true},"message":{"message_id":129,"from":{"id":8451626412,"is_bot":true,"first_name":"\ud83c\udfb1 Biliard","username":"biliardsk_bot"},"chat":{"id":56793122,"first_name":"icq","username":"JaffarTR","type":"private"},"date":1763643522,"edit_date":1763643630,"text":"\u2705 Potvrden\u00e9!\n\ud83c\udd94 ID: 60\n\n\ud83d\udcc5 D\u00e1tum: 22.11.2025\n\ud83d\udd50 \u010cas: 16:00 - 17:00\n\n\ud83c\udfaf Slu\u017eba: Pyram\u00edda\n\ud83c\udfb1 St\u00f4l \u2116: 1\n\n\ud83c\uddf8\ud83c\uddf0 Jazyk: sk\n\ud83d\udc64 Meno: Kirill Test\n\ud83d\udcde Telef\u00f3n: +42122222222\n\ud83d\udce7 Email: roccreate@gmail.com\n\n\ud83d\udcdd Pozn\u00e1mka: Tset Igor\n\n\ud83d\udcb0 Celkom: 14.00 \u20ac\n\n\u2501\u2501\u2501\u2501\u2501\u2501\u2501\u2501\u2501\u2501\u2501\u2501\u2501\u2501\u2501\u2501\u2501\u2501\u2501\u2501\u2501\u2501\u2501\u2501\u2501\u2501\u2501\u2501\u2501\u2501\u2501\u2501\u2501\u2501\u2501\u2501\u2501\u2501\u2501\u2501","entities":[{"offset":173,"length":19,"type":"email"}],"reply_markup":{"inline_keyboard":[[{"text":"\u274c Zru\u0161i\u0165","callback_data":"cancel_60"}]]}},"chat_instance":"-6663255579467467119","data":"cancel_60"}}

2025-11-20 15:59:21
{"update_id":856807269,
"callback_query":{"id":"243924602580398308","from":{"id":56793122,"is_bot":false,"first_name":"icq","username":"JaffarTR","language_code":"ru","is_premium":true},"message":{"message_id":128,"from":{"id":8451626412,"is_bot":true,"first_name":"\ud83c\udfb1 Biliard","username":"biliardsk_bot"},"chat":{"id":56793122,"first_name":"icq","username":"JaffarTR","type":"private"},"date":1763640184,"text":"\ud83d\udd14 \u041d\u043e\u0432\u043e\u0435 \u0431\u0440\u043e\u043d\u0438\u0440\u043e\u0432\u0430\u043d\u0438\u0435!\n\ud83c\udd94 ID: 59\n\n\ud83d\udcc5 \u0414\u0430\u0442\u0430: 21.11.2025\n\ud83d\udd50 \u0412\u0440\u0435\u043c\u044f: 16:00 - 17:00\n\n\ud83c\udfaf \u0423\u0441\u043b\u0443\u0433\u0430: \u041f\u0438\u0440\u0430\u043c\u0438\u0434\u0430\n\ud83c\udfb1 \u0421\u0442\u043e\u043b \u2116: 1\n\n\ud83c\uddf7\ud83c\uddfa \u042f\u0437\u044b\u043a: ru\n\ud83d\udc64 \u0418\u043c\u044f: \u0422\u0435\u0441\u0442 \u0440\u0435\u043a\u0430\u043f\u0447\u0430\n\ud83d\udcde \u0422\u0435\u043b\u0435\u0444\u043e\u043d: +421951223223\n\ud83d\udce7 Email: roccreate@gmail.com\n\n\ud83d\udcdd \u041f\u0440\u0438\u043c\u0435\u0447\u0430\u043d\u0438\u0435: \u0422\u0435\u0441\u0442 \u0440\u0435\u043a\u0430\u043f\u0447\u0430\n\n\ud83d\udcb0 \u0418\u0442\u043e\u0433\u043e: 12.00 \u20ac\n\n\u2501\u2501\u2501\u2501\u2501\u2501\u2501\u2501\u2501\u2501\u2501\u2501\u2501\u2501\u2501\u2501\u2501\u2501\u2501\u2501\u2501\u2501\u2501\u2501\u2501\u2501\u2501\u2501\u2501\u2501\u2501\u2501\u2501\u2501\u2501\u2501\u2501\u2501\u2501\u2501","entities":[{"offset":3,"length":19,"type":"bold"},{"offset":160,"length":13,"type":"phone_number"},{"offset":184,"length":19,"type":"email"}],"reply_markup":{"inline_keyboard":[[{"text":"\u2705 Potvrdi\u0165","callback_data":"confirm_59"},{"text":"\u274c Zru\u0161i\u0165","callback_data":"cancel_59"}]]}},"chat_instance":"-6663255579467467119","data":"cancel_59"}}

2025-11-20 17:07:54
{"update_id":856807270,
"callback_query":{"id":"243924602041288491","from":{"id":56793122,"is_bot":false,"first_name":"icq","username":"JaffarTR","language_code":"ru","is_premium":true},"message":{"message_id":146,"from":{"id":8451626412,"is_bot":true,"first_name":"\ud83c\udfb1 Biliard","username":"biliardsk_bot"},"chat":{"id":56793122,"first_name":"icq","username":"JaffarTR","type":"private"},"date":1763654698,"text":"\ud83d\udd14 New booking!\n\ud83c\udd94 ID: 71\n\n\ud83d\udcc5 Date: 21.11.2025\n\ud83d\udd50 Time: 16:00 - 20:00\n\n\ud83c\udfaf Service: Pool\n\ud83c\udfb1 Table \u2116: 5\n\n\ud83c\uddec\ud83c\udde7 Language: en\n\ud83d\udc64 Name: Test EN promo\n\ud83d\udcde Phone: 0951223933\n\ud83d\udce7 Email: roccreate@gmail.com\n\n\ud83d\udcdd Note: En promo\n\n\ud83d\udcb0 Total: 40.80 \u20ac \u2192 30.60 \u20ac\n\ud83c\udf9f\ufe0f Promo code: FREE4 (-25%)\n\n\u2501\u2501\u2501\u2501\u2501\u2501\u2501\u2501\u2501\u2501\u2501\u2501\u2501\u2501\u2501\u2501\u2501\u2501\u2501\u2501\u2501\u2501\u2501\u2501\u2501\u2501\u2501\u2501\u2501\u2501\u2501\u2501\u2501\u2501\u2501\u2501\u2501\u2501\u2501\u2501","entities":[{"offset":3,"length":12,"type":"bold"},{"offset":175,"length":19,"type":"email"},{"offset":225,"length":7,"type":"strikethrough"},{"offset":235,"length":7,"type":"bold"}],"reply_markup":{"inline_keyboard":[[{"text":"\u2705 Potvrdi\u0165","callback_data":"confirm_71"},{"text":"\u274c Zru\u0161i\u0165","callback_data":"cancel_71"}]]}},"chat_instance":"-6663255579467467119","data":"confirm_71"}}

2025-11-20 23:00:53
{"update_id":856807271,
"callback_query":{"id":"243924605533050960","from":{"id":56793122,"is_bot":false,"first_name":"icq","username":"JaffarTR","language_code":"ru","is_premium":true},"message":{"message_id":156,"from":{"id":8451626412,"is_bot":true,"first_name":"\ud83c\udfb1 Biliard","username":"biliardsk_bot"},"chat":{"id":56793122,"first_name":"icq","username":"JaffarTR","type":"private"},"date":1763676009,"text":"\ud83d\udd14 Nov\u00e1 rezerv\u00e1cia!\n\ud83c\udd94 ID: 80\n\n\ud83d\udcc5 D\u00e1tum: 20.11.2025\n\ud83d\udd50 \u010cas: 16:00 - 17:00\n\n\ud83c\udfaf Slu\u017eba: Pyram\u00edda\n\ud83c\udfb1 St\u00f4l \u2116: 1\n\n\ud83c\uddf8\ud83c\uddf0 Jazyk: sk\n\ud83d\udc64 Meno: Test coupon\n\ud83d\udcde Telef\u00f3n: +421223223434\n\ud83d\udce7 Email: roccreate@gmail.com\n\n\ud83d\udcdd Pozn\u00e1mka: Test coupon from review\n\n\ud83d\udcb0 Celkom: 11.00 \u20ac\n\n\u2501\u2501\u2501\u2501\u2501\u2501\u2501\u2501\u2501\u2501\u2501\u2501\u2501\u2501\u2501\u2501\u2501\u2501\u2501\u2501\u2501\u2501\u2501\u2501\u2501\u2501\u2501\u2501\u2501\u2501\u2501\u2501\u2501\u2501\u2501\u2501\u2501\u2501\u2501\u2501","entities":[{"offset":3,"length":16,"type":"bold"},{"offset":157,"length":13,"type":"phone_number"},{"offset":181,"length":19,"type":"email"}],"reply_markup":{"inline_keyboard":[[{"text":"\u2705 Potvrdi\u0165","callback_data":"confirm_80"},{"text":"\u274c Zru\u0161i\u0165","callback_data":"cancel_80"}]]}},"chat_instance":"-6663255579467467119","data":"confirm_80"}}

2025-11-20 23:18:42
{"update_id":856807272,
"callback_query":{"id":"243924602265368338","from":{"id":56793122,"is_bot":false,"first_name":"icq","username":"JaffarTR","language_code":"ru","is_premium":true},"message":{"message_id":158,"from":{"id":8451626412,"is_bot":true,"first_name":"\ud83c\udfb1 Biliard","username":"biliardsk_bot"},"chat":{"id":56793122,"first_name":"icq","username":"JaffarTR","type":"private"},"date":1763677072,"text":"\ud83d\udd14 Nov\u00e1 rezerv\u00e1cia!\n\ud83c\udd94 ID: 81\n\n\ud83d\udcc5 D\u00e1tum: 20.11.2025\n\ud83d\udd50 \u010cas: 16:00 - 17:00\n\n\ud83c\udfaf Slu\u017eba: Pool\n\ud83c\udfb1 St\u00f4l \u2116: 1\n\n\ud83c\uddf8\ud83c\uddf0 Jazyk: sk\n\ud83d\udc64 Meno: Test coupon 2\n\ud83d\udcde Telef\u00f3n: +421333444555\n\ud83d\udce7 Email: roccreate@gmail.com\n\n\ud83d\udcdd Pozn\u00e1mka: Test coupon 2\n\n\ud83d\udcb0 Celkom: 8.80 \u20ac\n\n\u2501\u2501\u2501\u2501\u2501\u2501\u2501\u2501\u2501\u2501\u2501\u2501\u2501\u2501\u2501\u2501\u2501\u2501\u2501\u2501\u2501\u2501\u2501\u2501\u2501\u2501\u2501\u2501\u2501\u2501\u2501\u2501\u2501\u2501\u2501\u2501\u2501\u2501\u2501\u2501","entities":[{"offset":3,"length":16,"type":"bold"},{"offset":155,"length":13,"type":"phone_number"},{"offset":179,"length":19,"type":"email"}],"reply_markup":{"inline_keyboard":[[{"text":"\u2705 Potvrdi\u0165","callback_data":"confirm_81"},{"text":"\u274c Zru\u0161i\u0165","callback_data":"cancel_81"}]]}},"chat_instance":"-6663255579467467119","data":"confirm_81"}}

2025-11-20 23:19:13
{"update_id":856807273,
"message":{"message_id":159,"from":{"id":56793122,"is_bot":false,"first_name":"icq","username":"JaffarTR","language_code":"ru","is_premium":true},"chat":{"id":56793122,"first_name":"icq","username":"JaffarTR","type":"private"},"date":1763677153,"text":"?"}}

2025-11-20 23:19:16
{"update_id":856807274,
"message":{"message_id":161,"from":{"id":56793122,"is_bot":false,"first_name":"icq","username":"JaffarTR","language_code":"ru","is_premium":true},"chat":{"id":56793122,"first_name":"icq","username":"JaffarTR","type":"private"},"date":1763677155,"reply_to_message":{"message_id":160,"from":{"id":8451626412,"is_bot":true,"first_name":"\ud83c\udfb1 Biliard","username":"biliardsk_bot"},"chat":{"id":56793122,"first_name":"icq","username":"JaffarTR","type":"private"},"date":1763677153,"text":"Zadajte \u010d\u00edslo rezerv\u00e1cie:"},"text":"81"}}

Searching for booking ID: 81
Step 1: Getting DB connection
Step 2: Preparing query
Step 3: Executing query
Step 4: Fetching result
Step 5: Result = {"id":81,"service_id":2,"resource_id":5,"customer_name":"Test coupon 2","customer_phone":"+421333444555","customer_email":"roccreate@gmail.com","booking_date":"2025-11-20","start_time":"16:00:00","end_time":"17:00:00","duration_hours":1,"price":"8.80","status":"pending","review_request_sent":0,"review_token":null,"review_clicked_at":null,"coupon_code":null,"coupon_redeemed":null,"cancellation_token":"771ea38a0128d4e5a5c05c0f542299ea50f6cda2977942d99dd47ea6fde71a54","notes":"Test coupon 2","language":"sk","created_at":"2025-11-20 23:17:52","updated_at":"2025-11-20 23:19:05"}
2025-11-20 23:19:17
{"update_id":856807275,
"callback_query":{"id":"243924601830291160","from":{"id":56793122,"is_bot":false,"first_name":"icq","username":"JaffarTR","language_code":"ru","is_premium":true},"message":{"message_id":162,"from":{"id":8451626412,"is_bot":true,"first_name":"\ud83c\udfb1 Biliard","username":"biliardsk_bot"},"chat":{"id":56793122,"first_name":"icq","username":"JaffarTR","type":"private"},"date":1763677156,"text":"\ud83d\udd14 Nov\u00e1 rezerv\u00e1cia!\n\n\ud83d\udcc5 D\u00e1tum: 20.11.2025\n\ud83d\udd50 \u010cas: 16:00 - 17:00\n\n\ud83c\udfaf Slu\u017eba: Pool\n\ud83c\udfb1 St\u00f4l \u010d.: 5\n\n\ud83c\uddf8\ud83c\uddf0 Jazyk: sk\n\ud83d\udc64 Meno: Test coupon 2\n\ud83d\udcde Telef\u00f3n: +421333444555\n\n\ud83d\udcdd Pozn\u00e1mka: Test coupon 2\n\n\ud83d\udcb0 Spolu: 8.80 \u20ac\n\n\u2501\u2501\u2501\u2501\u2501\u2501\u2501\u2501\u2501\u2501\u2501\u2501\u2501\u2501\u2501\u2501\u2501\u2501\u2501\u2501\u2501\u2501\u2501\u2501\u2501\u2501\u2501\u2501\u2501\u2501\u2501\u2501\u2501\u2501\u2501\u2501\u2501\u2501\u2501\u2501","entities":[{"offset":3,"length":16,"type":"bold"},{"offset":146,"length":13,"type":"phone_number"}],"reply_markup":{"inline_keyboard":[[{"text":"\u2705 Potvrdi\u0165","callback_data":"confirm_81"},{"text":"\u274c Zru\u0161i\u0165","callback_data":"cancel_81"}]]}},"chat_instance":"-6663255579467467119","data":"confirm_81"}}

2025-12-01 13:50:30
{"update_id":856807276,
"message":{"message_id":165,"from":{"id":56793122,"is_bot":false,"first_name":"icq","username":"JaffarTR","language_code":"sk","is_premium":true},"chat":{"id":56793122,"first_name":"icq","username":"JaffarTR","type":"private"},"date":1764593430,"text":"?"}}

2025-12-01 13:50:33
{"update_id":856807277,
"message":{"message_id":167,"from":{"id":56793122,"is_bot":false,"first_name":"icq","username":"JaffarTR","language_code":"sk","is_premium":true},"chat":{"id":56793122,"first_name":"icq","username":"JaffarTR","type":"private"},"date":1764593432,"reply_to_message":{"message_id":166,"from":{"id":8451626412,"is_bot":true,"first_name":"\ud83c\udfb1 Biliard","username":"biliardsk_bot"},"chat":{"id":56793122,"first_name":"icq","username":"JaffarTR","type":"private"},"date":1764593430,"text":"Zadajte \u010d\u00edslo rezerv\u00e1cie:"},"text":"81"}}

Searching for booking ID: 81
Step 1: Getting DB connection
Step 2: Preparing query
Step 3: Executing query
Step 4: Fetching result
Step 5: Result = {"id":81,"service_id":2,"resource_id":5,"customer_name":"Test coupon 2","customer_phone":"+421333444555","customer_email":"roccreate@gmail.com","booking_date":"2025-11-19","start_time":"16:00:00","end_time":"17:00:00","duration_hours":1,"price":"8.80","status":"completed","review_request_sent":0,"review_token":null,"review_clicked_at":null,"coupon_code":null,"coupon_redeemed":null,"cancellation_token":"771ea38a0128d4e5a5c05c0f542299ea50f6cda2977942d99dd47ea6fde71a54","notes":"Test coupon 2","language":"sk","created_at":"2025-11-19 23:17:52","updated_at":"2025-11-19 23:19:17"}
2025-12-24 12:41:32
{"update_id":856807278,
"callback_query":{"id":"243924601932429707","from":{"id":56793122,"is_bot":false,"first_name":"icq","username":"JaffarTR","language_code":"ru","is_premium":true},"message":{"message_id":169,"from":{"id":8451626412,"is_bot":true,"first_name":"\ud83c\udfb1 Biliard","username":"biliardsk_bot"},"chat":{"id":56793122,"first_name":"icq","username":"JaffarTR","type":"private"},"date":1766576468,"text":"\ud83d\udd14 Nov\u00e1 rezerv\u00e1cia!\n\ud83c\udd94 ID: 83\n\n\ud83d\udcc5 D\u00e1tum: 27.12.2025\n\ud83d\udd50 \u010cas: 16:00 - 19:00\n\n\ud83c\udfaf Slu\u017eba: Shuffleboard\n\ud83c\udfb1 St\u00f4l \u2116: 1\n\n\ud83c\uddf8\ud83c\uddf0 Jazyk: sk\n\ud83d\udc64 Meno: TEST\n\ud83d\udcde Telef\u00f3n: 0951223223\n\ud83d\udce7 Email: roccreate@gmail.com\n\n\ud83d\udcdd Pozn\u00e1mka: Test novej hry\n\n\ud83d\udcb0 Celkom: 21.00 \u20ac\n\n\u2501\u2501\u2501\u2501\u2501\u2501\u2501\u2501\u2501\u2501\u2501\u2501\u2501\u2501\u2501\u2501\u2501\u2501\u2501\u2501\u2501\u2501\u2501\u2501\u2501\u2501\u2501\u2501\u2501\u2501\u2501\u2501\u2501\u2501\u2501\u2501\u2501\u2501\u2501\u2501","entities":[{"offset":3,"length":16,"type":"bold"},{"offset":175,"length":19,"type":"email"}],"reply_markup":{"inline_keyboard":[[{"text":"\u2705 Potvrdi\u0165","callback_data":"confirm_83"},{"text":"\u274c Zru\u0161i\u0165","callback_data":"cancel_83"}]]}},"chat_instance":"-6663255579467467119","data":"confirm_83"}}

2025-12-24 15:07:35
{"update_id":856807279,
"callback_query":{"id":"243924603001062916","from":{"id":56793122,"is_bot":false,"first_name":"icq","username":"JaffarTR","language_code":"ru","is_premium":true},"message":{"message_id":171,"from":{"id":8451626412,"is_bot":true,"first_name":"\ud83c\udfb1 Biliard","username":"biliardsk_bot"},"chat":{"id":56793122,"first_name":"icq","username":"JaffarTR","type":"private"},"date":1766585238,"text":"\ud83d\udd14 Nov\u00e1 rezerv\u00e1cia!\n\ud83c\udd94 ID: 84\n\n\ud83d\udcc5 D\u00e1tum: 29.12.2025\n\ud83d\udd50 \u010cas: 16:00 - 17:00\n\n\ud83c\udfaf Slu\u017eba: Pool\n\ud83c\udfb1 St\u00f4l \u2116: 2\n\n\ud83c\uddf8\ud83c\uddf0 Jazyk: sk\n\ud83d\udc64 Meno: Test FINAL\n\ud83d\udcde Telef\u00f3n: 0951223223\n\ud83d\udce7 Email: mosinkirillsk@gmail.com\n\n\ud83d\udcdd Pozn\u00e1mka: TEST FINALE\n\n\ud83d\udcb0 Celkom: 6.40 \u20ac\n\n\u2501\u2501\u2501\u2501\u2501\u2501\u2501\u2501\u2501\u2501\u2501\u2501\u2501\u2501\u2501\u2501\u2501\u2501\u2501\u2501\u2501\u2501\u2501\u2501\u2501\u2501\u2501\u2501\u2501\u2501\u2501\u2501\u2501\u2501\u2501\u2501\u2501\u2501\u2501\u2501","entities":[{"offset":3,"length":16,"type":"bold"},{"offset":173,"length":23,"type":"email"}],"reply_markup":{"inline_keyboard":[[{"text":"\u2705 Potvrdi\u0165","callback_data":"confirm_84"},{"text":"\u274c Zru\u0161i\u0165","callback_data":"cancel_84"}]]}},"chat_instance":"-6663255579467467119","data":"cancel_84"}}

2025-12-29 12:11:30
{"update_id":856807280,
"callback_query":{"id":"243924604402313960","from":{"id":56793122,"is_bot":false,"first_name":"icq","username":"JaffarTR","language_code":"ru","is_premium":true},"message":{"message_id":173,"from":{"id":8451626412,"is_bot":true,"first_name":"\ud83c\udfb1 Biliard","username":"biliardsk_bot"},"chat":{"id":56793122,"first_name":"icq","username":"JaffarTR","type":"private"},"date":1767000519,"text":"\ud83d\udd14 New booking!\n\ud83c\udd94 ID: 85\n\n\ud83d\udcc5 Date: 29.12.2025\n\ud83d\udd50 Time: 16:00 - 17:00\n\n\ud83c\udfaf Service: Pool\n\ud83c\udfb1 Table \u2116: 1\n\n\ud83c\uddec\ud83c\udde7 Language: en\n\ud83d\udc64 Name: TEREZA O\u0160VALDOV\u00c1\n\ud83d\udcde Phone: +421911569214\n\ud83d\udce7 Email: teresaosvaldova@gmail.com\n\n\ud83d\udcdd Note: we will be 2 people \n\n\ud83d\udcb0 Total: 6.40 \u20ac\n\n\u2501\u2501\u2501\u2501\u2501\u2501\u2501\u2501\u2501\u2501\u2501\u2501\u2501\u2501\u2501\u2501\u2501\u2501\u2501\u2501\u2501\u2501\u2501\u2501\u2501\u2501\u2501\u2501\u2501\u2501\u2501\u2501\u2501\u2501\u2501\u2501\u2501\u2501\u2501\u2501","entities":[{"offset":3,"length":12,"type":"bold"},{"offset":157,"length":13,"type":"phone_number"},{"offset":181,"length":25,"type":"email"}],"reply_markup":{"inline_keyboard":[[{"text":"\u2705 Potvrdi\u0165","callback_data":"confirm_85"},{"text":"\u274c Zru\u0161i\u0165","callback_data":"cancel_85"}]]}},"chat_instance":"-6663255579467467119","data":"cancel_85"}}

